{
  "source_parquet": "data/failures/gate7_live_2026-04-21_18-33-17.parquet",
  "n_rows": 5961,
  "duration_s": 119.84140876800001,
  "joint_order": [
    "FL_hip_joint",
    "FR_hip_joint",
    "RL_hip_joint",
    "RR_hip_joint",
    "FL_thigh_joint",
    "FR_thigh_joint",
    "RL_thigh_joint",
    "RR_thigh_joint",
    "FL_calf_joint",
    "FR_calf_joint",
    "RL_calf_joint",
    "RR_calf_joint"
  ],
  "trained_default": [
    0.1,
    -0.1,
    0.1,
    -0.1,
    0.8,
    0.8,
    1.0,
    1.0,
    -1.5,
    -1.5,
    -1.5,
    -1.5
  ],
  "measured_rest_early_0p5s": [
    -0.03562924265861511,
    0.03402453660964966,
    0.07909741997718811,
    0.06101180240511894,
    0.7947539687156677,
    0.6919013261795044,
    0.6527469158172607,
    0.8834919929504395,
    -1.5967271327972412,
    -1.4991095662117004,
    -1.514037847518921,
    -1.5381597876548767
  ],
  "measured_rest_late_2s": [
    -0.03793033957481384,
    0.029210388660430908,
    0.07034718990325928,
    0.09009337425231934,
    0.7708195447921753,
    0.6475598812103271,
    0.6312044858932495,
    0.9815155267715454,
    -1.5911271572113037,
    -1.466504693031311,
    -1.5116524696350098,
    -1.4920799732208252
  ],
  "measured_rest_full_median": [
    -0.04325917363166809,
    0.02530461549758911,
    0.08306378126144409,
    0.09151641279459,
    0.7733325958251953,
    0.6642427444458008,
    0.6302961111068726,
    0.9540537595748901,
    -1.5930068492889404,
    -1.4664256572723389,
    -1.5119683742523193,
    -1.5366275310516357
  ],
  "recommended_default_joint_pos_stand_v3": [
    -0.04325917363166809,
    0.02530461549758911,
    0.08306378126144409,
    0.09151641279459,
    0.7733325958251953,
    0.6642427444458008,
    0.6302961111068726,
    0.9540537595748901,
    -1.5930068492889404,
    -1.4664256572723389,
    -1.5119683742523193,
    -1.5366275310516357
  ]
}