{
  "num_episodes": 32,
  "mean_episode_return": 28.670242190361023,
  "mean_episode_length_s": 20.0,
  "success_rate": 1.0,
  "failure_rate": 0.0,
  "mean_lin_vel_error": 0.009098863779916429,
  "mean_ang_vel_error": 0.026405322305392474,
  "per_term_rewards": {
    "track_lin_vel_xy_exp": 0.9981019678711891,
    "track_ang_vel_z_exp": 0.49509633095562455,
    "lin_vel_z_l2": -0.02319167538140755,
    "ang_vel_xy_l2": -0.0019813916621988026,
    "dof_torques_l2": -0.031159614733565832,
    "dof_acc_l2": -0.00038455310571589507,
    "action_rate_l2": -0.0003591190851202555,
    "feet_air_time": 0.0,
    "flat_orientation_l2": -0.0026098296925338217,
    "dof_pos_limits": 0.0
  },
  "slew_saturation_pct": 0.004054110388527598
}