{
  "num_episodes": 32,
  "mean_episode_return": 28.527463555336,
  "mean_episode_length_s": 20.0,
  "success_rate": 1.0,
  "failure_rate": 0.0,
  "mean_lin_vel_error": 0.009286273997859099,
  "mean_ang_vel_error": 0.011479858632432297,
  "per_term_rewards": {
    "track_lin_vel_xy_exp": 0.998482792019844,
    "track_ang_vel_z_exp": 0.49901959496736525,
    "lin_vel_z_l2": -0.020198779441845772,
    "ang_vel_xy_l2": -0.0009352566398088129,
    "dof_torques_l2": -0.028101270774976,
    "dof_acc_l2": -0.00029086057427866763,
    "action_rate_l2": -0.00032528948215531273,
    "feet_air_time": 0.0,
    "flat_orientation_l2": -0.021277874034887647,
    "dof_pos_limits": 0.0
  },
  "slew_saturation_pct": 0.003275075037518759
}