{
  "num_episodes": 32,
  "mean_episode_return": 28.179611325263977,
  "mean_episode_length_s": 20.0,
  "success_rate": 1.0,
  "failure_rate": 0.0,
  "mean_lin_vel_error": 0.03420698041928699,
  "mean_ang_vel_error": 0.056917244873940946,
  "per_term_rewards": {
    "track_lin_vel_xy_exp": 0.9907697251737118,
    "track_ang_vel_z_exp": 0.4837218516264478,
    "lin_vel_z_l2": -0.018910734842475903,
    "ang_vel_xy_l2": -0.0017399608103278296,
    "dof_torques_l2": -0.033202077743553673,
    "dof_acc_l2": -0.0017729741516232026,
    "action_rate_l2": -0.0001404355326685618,
    "feet_air_time": 0.0,
    "flat_orientation_l2": -0.009744781129577176,
    "dof_pos_limits": 0.0
  },
  "slew_saturation_pct": 0.0024282974820743707
}