{
  "num_episodes": 32,
  "mean_episode_return": 9.128611407242715,
  "mean_episode_length_s": 19.60625,
  "success_rate": 0.9375,
  "failure_rate": 0.0625,
  "mean_lin_vel_error": 0.5720521439611912,
  "mean_ang_vel_error": 0.5757367803379894,
  "per_term_rewards": {
    "track_lin_vel_xy_exp": 0.3462871415913105,
    "track_ang_vel_z_exp": 0.21728076852858066,
    "lin_vel_z_l2": -0.01634866055818793,
    "ang_vel_xy_l2": -0.005179483053987496,
    "dof_torques_l2": -0.026302218008553608,
    "dof_acc_l2": -0.0021590455337518505,
    "action_rate_l2": -0.0008713882282281702,
    "feet_air_time": -0.0015500100140925497,
    "flat_orientation_l2": -0.0398966678371653,
    "dof_pos_limits": 0.0
  },
  "slew_saturation_pct": 0.18641091379022878
}