{
  "num_episodes": 32,
  "mean_episode_return": 27.970955848693848,
  "mean_episode_length_s": 20.0,
  "success_rate": 1.0,
  "failure_rate": 0.0,
  "mean_lin_vel_error": 0.025176283668144606,
  "mean_ang_vel_error": 0.043144295895006506,
  "per_term_rewards": {
    "track_lin_vel_xy_exp": 0.9894123662412166,
    "track_ang_vel_z_exp": 0.48806058123707774,
    "lin_vel_z_l2": -0.007116962006956669,
    "ang_vel_xy_l2": -0.0018588545521834021,
    "dof_torques_l2": -0.03734573063143762,
    "dof_acc_l2": -0.0008973748772349382,
    "action_rate_l2": -0.0013389193740342763,
    "feet_air_time": 0.0,
    "flat_orientation_l2": -0.03036717099840462,
    "dof_pos_limits": 0.0
  },
  "slew_saturation_pct": 0.3413529681507427
}