{
  "num_episodes": 32,
  "mean_episode_return": 7.596823968924582,
  "mean_episode_length_s": 19.513125000000002,
  "success_rate": 0.96875,
  "failure_rate": 0.03125,
  "mean_lin_vel_error": 0.6234450641870498,
  "mean_ang_vel_error": 0.6067188302576542,
  "per_term_rewards": {
    "track_lin_vel_xy_exp": 0.2951982209458947,
    "track_ang_vel_z_exp": 0.18049660740047693,
    "lin_vel_z_l2": -0.014341864120146397,
    "ang_vel_xy_l2": -0.0029305448109080315,
    "dof_torques_l2": -0.029644597243866883,
    "dof_acc_l2": -0.0014949139261740355,
    "action_rate_l2": -0.0004980864360522901,
    "feet_air_time": -0.001523772367159836,
    "flat_orientation_l2": -0.041274402117123826,
    "dof_pos_limits": 0.0
  },
  "slew_saturation_pct": 0.12299118309154586
}