{
  "num_episodes": 32,
  "mean_episode_return": 34.49897825717926,
  "mean_episode_length_s": 20.0,
  "success_rate": 1.0,
  "failure_rate": 0.0,
  "mean_lin_vel_error": 0.11040284557268024,
  "mean_ang_vel_error": 0.14505917736142873
}