cell,replicate,block_id,env,onset,disturbed,leakfree,eligible,u_post,o_post,u_pre,o_pre,u_falltick,o_falltick
stand_motor,process_01,0,0,117,True,True,True,False,False,False,False,-1,-1
stand_motor,process_01,0,1,117,True,True,True,False,False,False,False,-1,-1
stand_motor,process_01,0,2,117,True,True,True,False,False,False,False,-1,-1
stand_motor,process_01,0,3,117,True,True,True,False,False,False,False,-1,-1
stand_motor,process_01,0,4,117,True,True,True,False,False,False,False,-1,-1
stand_motor,process_01,0,5,117,True,True,True,False,False,False,False,-1,-1
stand_motor,process_01,0,6,117,True,True,True,False,False,False,False,-1,-1
stand_motor,process_01,0,7,117,True,True,True,False,False,False,False,-1,-1
stand_motor,process_01,0,8,117,True,True,True,False,False,False,False,-1,-1
stand_motor,process_01,0,9,117,True,True,True,False,False,False,False,-1,-1
stand_motor,process_01,0,10,117,True,True,True,False,False,False,False,-1,-1
stand_motor,process_01,0,11,117,True,True,True,False,False,False,False,-1,-1
stand_motor,process_01,0,12,117,True,True,True,False,False,False,False,-1,-1
stand_motor,process_01,0,13,117,True,True,True,False,False,False,False,-1,-1
stand_motor,process_01,0,14,117,True,True,True,False,False,False,False,-1,-1
stand_motor,process_01,0,15,117,True,True,True,False,False,False,False,-1,-1
stand_motor,process_01,1,0,183,True,False,True,False,False,False,False,-1,-1
stand_motor,process_01,1,1,183,True,False,True,False,False,False,False,-1,-1
stand_motor,process_01,1,2,183,True,False,True,False,True,False,False,-1,216
stand_motor,process_01,1,3,183,True,False,True,False,False,False,False,-1,-1
stand_motor,process_01,1,4,183,True,False,True,False,False,False,False,-1,-1
stand_motor,process_01,1,5,183,True,False,True,False,False,False,False,-1,-1
stand_motor,process_01,1,6,183,True,False,False,False,False,True,True,86,86
stand_motor,process_01,1,7,183,True,False,True,False,False,False,False,-1,-1
stand_motor,process_01,1,8,183,True,False,True,False,False,False,False,-1,-1
stand_motor,process_01,1,9,183,True,False,True,False,False,False,False,-1,-1
stand_motor,process_01,1,10,183,True,False,True,True,True,False,False,233,201
stand_motor,process_01,1,11,183,True,False,True,False,True,False,False,-1,223
stand_motor,process_01,1,12,183,True,False,True,False,False,False,False,-1,-1
stand_motor,process_01,1,13,183,True,False,True,False,False,False,False,-1,-1
stand_motor,process_01,1,14,183,True,False,True,False,False,False,False,-1,-1
stand_motor,process_01,1,15,183,True,False,True,True,False,False,False,336,-1
stand_motor,process_01,2,0,135,True,False,True,False,False,False,False,-1,-1
stand_motor,process_01,2,1,135,True,False,True,False,True,False,False,-1,165
stand_motor,process_01,2,2,135,True,False,True,False,False,False,False,-1,-1
stand_motor,process_01,2,3,135,True,False,True,False,False,False,False,-1,-1
stand_motor,process_01,2,4,135,True,False,True,False,False,False,False,-1,-1
stand_motor,process_01,2,5,135,True,False,True,False,False,False,False,-1,-1
stand_motor,process_01,2,6,135,True,False,True,False,False,False,False,-1,-1
stand_motor,process_01,2,7,135,True,False,True,False,False,False,False,-1,-1
stand_motor,process_01,2,8,135,True,False,True,False,False,False,False,-1,-1
stand_motor,process_01,2,9,135,True,False,True,False,False,False,False,-1,-1
stand_motor,process_01,2,10,135,True,False,True,True,False,False,False,296,-1
stand_motor,process_01,2,11,135,True,False,True,False,False,False,False,-1,-1
stand_motor,process_01,2,12,135,True,False,True,False,False,False,False,-1,-1
stand_motor,process_01,2,13,135,True,False,True,False,False,False,False,-1,-1
stand_motor,process_01,2,14,135,True,False,True,False,False,False,False,-1,-1
stand_motor,process_01,2,15,135,True,False,True,False,True,False,False,-1,174
stand_motor,process_01,3,0,124,True,True,True,False,False,False,False,-1,-1
stand_motor,process_01,3,1,124,True,True,True,False,True,False,False,-1,166
stand_motor,process_01,3,2,124,True,True,True,False,True,False,False,-1,145
stand_motor,process_01,3,3,124,True,True,True,False,False,False,False,-1,-1
stand_motor,process_01,3,4,124,True,True,True,False,False,False,False,-1,-1
stand_motor,process_01,3,5,124,True,True,True,False,False,False,False,-1,-1
stand_motor,process_01,3,6,124,True,True,True,False,False,False,False,-1,-1
stand_motor,process_01,3,7,124,True,True,True,False,True,False,False,-1,161
stand_motor,process_01,3,8,124,True,True,True,False,False,False,False,-1,-1
stand_motor,process_01,3,9,124,True,True,True,False,False,False,False,-1,-1
stand_motor,process_01,3,10,124,True,True,True,False,False,False,False,-1,-1
stand_motor,process_01,3,11,124,True,True,True,False,False,False,False,-1,-1
stand_motor,process_01,3,12,124,True,True,True,False,False,False,False,-1,-1
stand_motor,process_01,3,13,124,True,True,True,False,True,False,False,-1,187
stand_motor,process_01,3,14,124,True,True,True,True,True,False,False,187,155
stand_motor,process_01,3,15,124,True,True,True,False,False,False,False,-1,-1
stand_motor,process_01,4,0,198,True,False,True,False,True,False,False,-1,245
stand_motor,process_01,4,1,198,True,False,True,False,True,False,False,-1,236
stand_motor,process_01,4,2,198,True,False,True,False,False,False,False,-1,-1
stand_motor,process_01,4,3,198,True,False,True,False,True,False,False,-1,227
stand_motor,process_01,4,4,198,True,False,True,False,False,False,False,-1,-1
stand_motor,process_01,4,5,198,True,False,True,False,False,False,False,-1,-1
stand_motor,process_01,4,6,198,True,False,True,False,False,False,False,-1,-1
stand_motor,process_01,4,7,198,True,False,True,False,True,False,False,-1,375
stand_motor,process_01,4,8,198,True,False,True,False,False,False,False,-1,-1
stand_motor,process_01,4,9,198,True,False,True,False,False,False,False,-1,-1
stand_motor,process_01,4,10,198,True,False,True,False,False,False,False,-1,-1
stand_motor,process_01,4,11,198,True,False,True,False,False,False,False,-1,-1
stand_motor,process_01,4,12,198,True,False,True,False,False,False,False,-1,-1
stand_motor,process_01,4,13,198,True,False,True,False,False,False,False,-1,-1
stand_motor,process_01,4,14,198,True,False,True,False,False,False,False,-1,-1
stand_motor,process_01,4,15,198,True,False,True,False,False,False,False,-1,-1
stand_motor,process_01,5,0,134,True,False,True,False,True,False,False,-1,173
stand_motor,process_01,5,1,134,True,False,True,True,True,False,False,165,157
stand_motor,process_01,5,2,134,True,False,True,False,False,False,False,-1,-1
stand_motor,process_01,5,3,134,True,False,True,False,True,False,False,-1,162
stand_motor,process_01,5,4,134,True,False,True,True,True,False,False,163,153
stand_motor,process_01,5,5,134,True,False,True,True,True,False,False,354,159
stand_motor,process_01,5,6,134,True,False,True,False,False,False,False,-1,-1
stand_motor,process_01,5,7,134,True,False,True,False,False,False,False,-1,-1
stand_motor,process_01,5,8,134,True,False,True,False,True,False,False,-1,156
stand_motor,process_01,5,9,134,True,False,True,False,False,False,False,-1,-1
stand_motor,process_01,5,10,134,True,False,True,False,False,False,False,-1,-1
stand_motor,process_01,5,11,134,True,False,True,False,False,False,False,-1,-1
stand_motor,process_01,5,12,134,True,False,True,False,False,False,False,-1,-1
stand_motor,process_01,5,13,134,True,False,True,False,True,False,False,-1,209
stand_motor,process_01,5,14,134,True,False,True,False,False,False,False,-1,-1
stand_motor,process_01,5,15,134,True,False,True,False,False,False,False,-1,-1
stand_motor,process_01,6,0,135,True,False,True,False,False,False,False,-1,-1
stand_motor,process_01,6,1,135,True,False,True,False,False,False,False,-1,-1
stand_motor,process_01,6,2,135,True,False,True,False,False,False,False,-1,-1
stand_motor,process_01,6,3,135,True,False,True,False,False,False,False,-1,-1
stand_motor,process_01,6,4,135,True,False,True,False,False,False,False,-1,-1
stand_motor,process_01,6,5,135,True,False,True,False,False,False,False,-1,-1
stand_motor,process_01,6,6,135,True,False,True,False,False,False,False,-1,-1
stand_motor,process_01,6,7,135,True,False,True,False,False,False,False,-1,-1
stand_motor,process_01,6,8,135,True,False,True,False,False,False,False,-1,-1
stand_motor,process_01,6,9,135,True,False,True,False,False,False,False,-1,-1
stand_motor,process_01,6,10,135,True,False,True,False,False,False,False,-1,-1
stand_motor,process_01,6,11,135,True,False,True,False,False,False,False,-1,-1
stand_motor,process_01,6,12,135,True,False,True,False,False,False,False,-1,-1
stand_motor,process_01,6,13,135,True,False,True,False,False,False,False,-1,-1
stand_motor,process_01,6,14,135,True,False,True,False,False,False,False,-1,-1
stand_motor,process_01,6,15,135,True,False,True,False,False,False,False,-1,-1
stand_motor,process_01,7,0,116,True,True,True,False,False,False,False,-1,-1
stand_motor,process_01,7,1,116,True,True,True,True,True,False,False,196,142
stand_motor,process_01,7,2,116,True,True,True,True,True,False,False,143,142
stand_motor,process_01,7,3,116,True,True,True,False,False,False,False,-1,-1
stand_motor,process_01,7,4,116,True,True,True,False,False,False,False,-1,-1
stand_motor,process_01,7,5,116,True,True,True,False,False,False,False,-1,-1
stand_motor,process_01,7,6,116,True,True,True,False,False,False,False,-1,-1
stand_motor,process_01,7,7,116,True,True,True,False,False,False,False,-1,-1
stand_motor,process_01,7,8,116,True,True,True,False,False,False,False,-1,-1
stand_motor,process_01,7,9,116,True,True,True,False,False,False,False,-1,-1
stand_motor,process_01,7,10,116,True,True,True,False,False,False,False,-1,-1
stand_motor,process_01,7,11,116,True,True,True,False,False,False,False,-1,-1
stand_motor,process_01,7,12,116,True,True,True,False,True,False,False,-1,147
stand_motor,process_01,7,13,116,True,True,True,False,False,False,False,-1,-1
stand_motor,process_01,7,14,116,True,True,True,False,True,False,False,-1,163
stand_motor,process_01,7,15,116,True,True,True,True,True,False,False,187,144
stand_motor,process_01,8,0,136,True,False,True,False,True,False,False,-1,164
stand_motor,process_01,8,1,136,True,False,True,False,False,False,False,-1,-1
stand_motor,process_01,8,2,136,True,False,True,False,False,False,False,-1,-1
stand_motor,process_01,8,3,136,True,False,True,False,False,False,False,-1,-1
stand_motor,process_01,8,4,136,True,False,True,False,False,False,False,-1,-1
stand_motor,process_01,8,5,136,True,False,True,False,True,False,False,-1,194
stand_motor,process_01,8,6,136,True,False,True,False,False,False,False,-1,-1
stand_motor,process_01,8,7,136,True,False,True,False,False,False,False,-1,-1
stand_motor,process_01,8,8,136,True,False,True,False,True,False,False,-1,166
stand_motor,process_01,8,9,136,True,False,True,False,False,False,False,-1,-1
stand_motor,process_01,8,10,136,True,False,True,False,False,False,False,-1,-1
stand_motor,process_01,8,11,136,True,False,True,False,False,False,False,-1,-1
stand_motor,process_01,8,12,136,True,False,True,False,False,False,False,-1,-1
stand_motor,process_01,8,13,136,True,False,True,False,True,False,False,-1,168
stand_motor,process_01,8,14,136,True,False,True,False,False,False,False,-1,-1
stand_motor,process_01,8,15,136,True,False,True,True,True,False,False,177,156
stand_motor,process_01,9,0,107,True,True,False,False,False,True,True,72,72
stand_motor,process_01,9,1,107,True,True,True,False,True,False,False,-1,152
stand_motor,process_01,9,2,107,True,True,True,False,False,False,False,-1,-1
stand_motor,process_01,9,3,107,True,True,True,False,False,False,False,-1,-1
stand_motor,process_01,9,4,107,True,True,True,False,False,False,False,-1,-1
stand_motor,process_01,9,5,107,True,True,True,False,False,False,False,-1,-1
stand_motor,process_01,9,6,107,True,True,True,False,True,False,False,-1,171
stand_motor,process_01,9,7,107,True,True,True,False,True,False,False,-1,149
stand_motor,process_01,9,8,107,True,True,True,False,True,False,False,-1,179
stand_motor,process_01,9,9,107,True,True,True,True,True,False,False,154,153
stand_motor,process_01,9,10,107,True,True,True,True,True,False,False,145,133
stand_motor,process_01,9,11,107,True,True,True,False,False,False,False,-1,-1
stand_motor,process_01,9,12,107,True,True,True,True,True,False,False,146,128
stand_motor,process_01,9,13,107,True,True,True,False,False,False,False,-1,-1
stand_motor,process_01,9,14,107,True,True,True,False,False,False,False,-1,-1
stand_motor,process_01,9,15,107,True,True,True,False,False,False,False,-1,-1
stand_motor,process_01,10,0,184,True,False,True,False,False,False,False,-1,-1
stand_motor,process_01,10,1,184,True,False,True,False,False,False,False,-1,-1
stand_motor,process_01,10,2,184,True,False,True,False,False,False,False,-1,-1
stand_motor,process_01,10,3,184,True,False,True,False,False,False,False,-1,-1
stand_motor,process_01,10,4,184,True,False,True,False,False,False,False,-1,-1
stand_motor,process_01,10,5,184,True,False,True,False,True,False,False,-1,220
stand_motor,process_01,10,6,184,True,False,True,False,False,False,False,-1,-1
stand_motor,process_01,10,7,184,True,False,True,False,True,False,False,-1,239
stand_motor,process_01,10,8,184,True,False,True,True,True,False,False,211,199
stand_motor,process_01,10,9,184,True,False,True,False,True,False,False,-1,254
stand_motor,process_01,10,10,184,True,False,True,False,False,False,False,-1,-1
stand_motor,process_01,10,11,184,True,False,True,False,True,False,False,-1,254
stand_motor,process_01,10,12,184,True,False,True,False,True,False,False,-1,220
stand_motor,process_01,10,13,184,True,False,True,False,False,False,False,-1,-1
stand_motor,process_01,10,14,184,True,False,True,False,False,False,False,-1,-1
stand_motor,process_01,10,15,184,True,False,True,False,False,False,False,-1,-1
stand_motor,process_01,11,0,141,True,False,True,False,False,False,False,-1,-1
stand_motor,process_01,11,1,141,True,False,True,False,False,False,False,-1,-1
stand_motor,process_01,11,2,141,True,False,True,False,True,False,False,-1,172
stand_motor,process_01,11,3,141,True,False,True,False,True,False,False,-1,229
stand_motor,process_01,11,4,141,True,False,True,True,True,False,False,170,161
stand_motor,process_01,11,5,141,True,False,True,False,False,False,False,-1,-1
stand_motor,process_01,11,6,141,True,False,True,False,False,False,False,-1,-1
stand_motor,process_01,11,7,141,True,False,True,False,False,False,False,-1,-1
stand_motor,process_01,11,8,141,True,False,True,False,False,False,False,-1,-1
stand_motor,process_01,11,9,141,True,False,True,False,True,False,False,-1,169
stand_motor,process_01,11,10,141,True,False,True,False,False,False,False,-1,-1
stand_motor,process_01,11,11,141,True,False,True,False,False,False,False,-1,-1
stand_motor,process_01,11,12,141,True,False,True,False,False,False,False,-1,-1
stand_motor,process_01,11,13,141,True,False,True,False,False,False,False,-1,-1
stand_motor,process_01,11,14,141,True,False,True,False,False,False,False,-1,-1
stand_motor,process_01,11,15,141,True,False,True,False,False,False,False,-1,-1
stand_motor,process_01,12,0,180,True,False,True,False,False,False,False,-1,-1
stand_motor,process_01,12,1,180,True,False,True,True,True,False,False,229,205
stand_motor,process_01,12,2,180,True,False,True,False,False,False,False,-1,-1
stand_motor,process_01,12,3,180,True,False,True,False,False,False,False,-1,-1
stand_motor,process_01,12,4,180,True,False,True,False,True,False,False,-1,225
stand_motor,process_01,12,5,180,True,False,True,False,False,False,False,-1,-1
stand_motor,process_01,12,6,180,True,False,True,False,False,False,False,-1,-1
stand_motor,process_01,12,7,180,True,False,True,False,True,False,False,-1,244
stand_motor,process_01,12,8,180,True,False,True,False,True,False,False,-1,207
stand_motor,process_01,12,9,180,True,False,True,False,False,False,False,-1,-1
stand_motor,process_01,12,10,180,True,False,True,True,True,False,False,217,200
stand_motor,process_01,12,11,180,True,False,True,False,True,False,False,-1,217
stand_motor,process_01,12,12,180,True,False,True,False,False,False,False,-1,-1
stand_motor,process_01,12,13,180,True,False,True,True,True,False,False,215,206
stand_motor,process_01,12,14,180,True,False,True,False,False,False,False,-1,-1
stand_motor,process_01,12,15,180,True,False,True,True,True,False,False,235,201
stand_motor,process_01,13,0,143,True,False,True,False,True,False,False,-1,178
stand_motor,process_01,13,1,143,True,False,True,False,False,False,False,-1,-1
stand_motor,process_01,13,2,143,True,False,True,False,True,False,False,-1,188
stand_motor,process_01,13,3,143,True,False,True,False,False,False,False,-1,-1
stand_motor,process_01,13,4,143,True,False,True,False,False,False,False,-1,-1
stand_motor,process_01,13,5,143,True,False,True,False,False,False,False,-1,-1
stand_motor,process_01,13,6,143,True,False,True,True,False,False,False,211,-1
stand_motor,process_01,13,7,143,True,False,True,True,True,False,False,192,164
stand_motor,process_01,13,8,143,True,False,True,False,False,False,False,-1,-1
stand_motor,process_01,13,9,143,True,False,True,False,False,False,False,-1,-1
stand_motor,process_01,13,10,143,True,False,True,False,False,False,False,-1,-1
stand_motor,process_01,13,11,143,True,False,True,True,True,False,False,192,168
stand_motor,process_01,13,12,143,True,False,True,False,False,False,False,-1,-1
stand_motor,process_01,13,13,143,True,False,True,False,False,False,False,-1,-1
stand_motor,process_01,13,14,143,True,False,True,False,False,False,False,-1,-1
stand_motor,process_01,13,15,143,True,False,True,False,True,False,False,-1,174
stand_motor,process_01,14,0,142,True,False,True,False,False,False,False,-1,-1
stand_motor,process_01,14,1,142,True,False,True,False,False,False,False,-1,-1
stand_motor,process_01,14,2,142,True,False,True,False,False,False,False,-1,-1
stand_motor,process_01,14,3,142,True,False,True,False,False,False,False,-1,-1
stand_motor,process_01,14,4,142,True,False,True,False,False,False,False,-1,-1
stand_motor,process_01,14,5,142,True,False,True,False,True,False,False,-1,162
stand_motor,process_01,14,6,142,True,False,True,False,True,False,False,-1,193
stand_motor,process_01,14,7,142,True,False,True,False,False,False,False,-1,-1
stand_motor,process_01,14,8,142,True,False,True,False,False,False,False,-1,-1
stand_motor,process_01,14,9,142,True,False,True,False,False,False,False,-1,-1
stand_motor,process_01,14,10,142,True,False,True,False,False,False,False,-1,-1
stand_motor,process_01,14,11,142,True,False,True,False,False,False,False,-1,-1
stand_motor,process_01,14,12,142,True,False,True,False,False,False,False,-1,-1
stand_motor,process_01,14,13,142,True,False,True,False,False,False,False,-1,-1
stand_motor,process_01,14,14,142,True,False,True,False,False,False,False,-1,-1
stand_motor,process_01,14,15,142,True,False,True,True,True,False,False,232,172
stand_motor,process_01,15,0,107,True,True,True,False,False,False,False,-1,-1
stand_motor,process_01,15,1,107,True,True,True,False,False,False,False,-1,-1
stand_motor,process_01,15,2,107,True,True,True,False,False,False,False,-1,-1
stand_motor,process_01,15,3,107,True,True,True,False,False,False,False,-1,-1
stand_motor,process_01,15,4,107,True,True,True,False,False,False,False,-1,-1
stand_motor,process_01,15,5,107,True,True,True,False,False,False,False,-1,-1
stand_motor,process_01,15,6,107,True,True,True,False,False,False,False,-1,-1
stand_motor,process_01,15,7,107,True,True,True,False,False,False,False,-1,-1
stand_motor,process_01,15,8,107,True,True,True,False,False,False,False,-1,-1
stand_motor,process_01,15,9,107,True,True,True,False,False,False,False,-1,-1
stand_motor,process_01,15,10,107,True,True,True,False,False,False,False,-1,-1
stand_motor,process_01,15,11,107,True,True,True,False,False,False,False,-1,-1
stand_motor,process_01,15,12,107,True,True,True,False,False,False,False,-1,-1
stand_motor,process_01,15,13,107,True,True,True,False,True,False,False,-1,161
stand_motor,process_01,15,14,107,True,True,True,False,False,False,False,-1,-1
stand_motor,process_01,15,15,107,True,True,True,False,False,False,False,-1,-1
stand_motor,process_01,16,0,200,True,False,True,False,True,False,False,-1,241
stand_motor,process_01,16,1,200,True,False,True,False,False,False,False,-1,-1
stand_motor,process_01,16,2,200,True,False,True,False,False,False,False,-1,-1
stand_motor,process_01,16,3,200,True,False,True,False,False,False,False,-1,-1
stand_motor,process_01,16,4,200,True,False,True,False,False,False,False,-1,-1
stand_motor,process_01,16,5,200,True,False,True,False,False,False,False,-1,-1
stand_motor,process_01,16,6,200,True,False,True,False,False,False,False,-1,-1
stand_motor,process_01,16,7,200,True,False,True,False,False,False,False,-1,-1
stand_motor,process_01,16,8,200,True,False,True,False,False,False,False,-1,-1
stand_motor,process_01,16,9,200,True,False,True,False,True,False,False,-1,264
stand_motor,process_01,16,10,200,True,False,True,False,False,False,False,-1,-1
stand_motor,process_01,16,11,200,True,False,True,False,False,False,False,-1,-1
stand_motor,process_01,16,12,200,True,False,True,False,False,False,False,-1,-1
stand_motor,process_01,16,13,200,True,False,True,False,False,False,False,-1,-1
stand_motor,process_01,16,14,200,True,False,True,False,False,False,False,-1,-1
stand_motor,process_01,16,15,200,True,False,True,False,False,False,False,-1,-1
stand_motor,process_01,17,0,143,True,False,True,False,False,False,False,-1,-1
stand_motor,process_01,17,1,143,True,False,True,False,True,False,False,-1,169
stand_motor,process_01,17,2,143,True,False,True,False,False,False,False,-1,-1
stand_motor,process_01,17,3,143,True,False,True,False,False,False,False,-1,-1
stand_motor,process_01,17,4,143,True,False,True,False,True,False,False,-1,172
stand_motor,process_01,17,5,143,True,False,True,False,False,False,False,-1,-1
stand_motor,process_01,17,6,143,True,False,True,False,True,False,False,-1,213
stand_motor,process_01,17,7,143,True,False,True,False,True,False,False,-1,176
stand_motor,process_01,17,8,143,True,False,True,False,False,False,False,-1,-1
stand_motor,process_01,17,9,143,True,False,True,False,True,False,False,-1,264
stand_motor,process_01,17,10,143,True,False,True,False,False,False,False,-1,-1
stand_motor,process_01,17,11,143,True,False,True,False,False,False,False,-1,-1
stand_motor,process_01,17,12,143,True,False,True,False,True,False,False,-1,173
stand_motor,process_01,17,13,143,True,False,True,False,False,False,False,-1,-1
stand_motor,process_01,17,14,143,True,False,True,False,False,False,False,-1,-1
stand_motor,process_01,17,15,143,True,False,True,False,False,False,False,-1,-1
stand_motor,process_01,18,0,108,True,True,True,False,True,False,False,-1,151
stand_motor,process_01,18,1,108,True,True,True,False,False,False,False,-1,-1
stand_motor,process_01,18,2,108,True,True,True,False,True,False,False,-1,134
stand_motor,process_01,18,3,108,True,True,True,False,True,False,False,-1,145
stand_motor,process_01,18,4,108,True,True,True,False,False,False,False,-1,-1
stand_motor,process_01,18,5,108,True,True,True,False,True,False,False,-1,170
stand_motor,process_01,18,6,108,True,True,True,False,True,False,False,-1,133
stand_motor,process_01,18,7,108,True,True,True,False,True,False,False,-1,142
stand_motor,process_01,18,8,108,True,True,True,False,False,False,False,-1,-1
stand_motor,process_01,18,9,108,True,True,True,False,True,False,False,-1,131
stand_motor,process_01,18,10,108,True,True,True,False,True,False,False,-1,145
stand_motor,process_01,18,11,108,True,True,True,False,False,False,False,-1,-1
stand_motor,process_01,18,12,108,True,True,True,False,False,False,False,-1,-1
stand_motor,process_01,18,13,108,True,True,True,False,False,False,False,-1,-1
stand_motor,process_01,18,14,108,True,True,True,False,True,False,False,-1,162
stand_motor,process_01,18,15,108,True,True,True,False,False,False,False,-1,-1
stand_motor,process_01,19,0,179,True,False,True,False,False,False,False,-1,-1
stand_motor,process_01,19,1,179,True,False,True,False,True,False,False,-1,210
stand_motor,process_01,19,2,179,True,False,True,False,True,False,False,-1,245
stand_motor,process_01,19,3,179,True,False,True,False,True,False,False,-1,232
stand_motor,process_01,19,4,179,True,False,True,False,False,False,False,-1,-1
stand_motor,process_01,19,5,179,True,False,True,True,True,False,False,224,211
stand_motor,process_01,19,6,179,True,False,True,False,False,False,False,-1,-1
stand_motor,process_01,19,7,179,True,False,True,False,False,False,False,-1,-1
stand_motor,process_01,19,8,179,True,False,True,False,True,False,False,-1,213
stand_motor,process_01,19,9,179,True,False,True,False,False,False,False,-1,-1
stand_motor,process_01,19,10,179,True,False,True,False,True,False,False,-1,224
stand_motor,process_01,19,11,179,True,False,True,False,True,False,False,-1,200
stand_motor,process_01,19,12,179,True,False,True,False,False,False,False,-1,-1
stand_motor,process_01,19,13,179,True,False,True,True,True,False,False,250,206
stand_motor,process_01,19,14,179,True,False,True,False,False,False,False,-1,-1
stand_motor,process_01,19,15,179,True,False,True,True,True,False,False,217,198
stand_motor,process_01,20,0,135,True,False,True,False,True,False,False,-1,182
stand_motor,process_01,20,1,135,True,False,True,True,True,False,False,268,166
stand_motor,process_01,20,2,135,True,False,True,False,True,False,False,-1,415
stand_motor,process_01,20,3,135,True,False,True,False,False,False,False,-1,-1
stand_motor,process_01,20,4,135,True,False,True,False,False,False,False,-1,-1
stand_motor,process_01,20,5,135,True,False,True,False,False,False,False,-1,-1
stand_motor,process_01,20,6,135,True,False,True,False,False,False,False,-1,-1
stand_motor,process_01,20,7,135,True,False,True,True,True,False,False,170,160
stand_motor,process_01,20,8,135,True,False,True,False,True,False,False,-1,170
stand_motor,process_01,20,9,135,True,False,True,False,True,False,False,-1,163
stand_motor,process_01,20,10,135,True,False,True,False,True,False,False,-1,179
stand_motor,process_01,20,11,135,True,False,True,False,True,False,False,-1,208
stand_motor,process_01,20,12,135,True,False,True,False,False,False,False,-1,-1
stand_motor,process_01,20,13,135,True,False,True,True,True,False,False,185,152
stand_motor,process_01,20,14,135,True,False,True,False,True,False,False,-1,161
stand_motor,process_01,20,15,135,True,False,True,True,True,False,False,185,156
stand_motor,process_01,21,0,188,True,False,True,False,False,False,False,-1,-1
stand_motor,process_01,21,1,188,True,False,True,False,False,False,False,-1,-1
stand_motor,process_01,21,2,188,True,False,True,False,False,False,False,-1,-1
stand_motor,process_01,21,3,188,True,False,True,False,False,False,False,-1,-1
stand_motor,process_01,21,4,188,True,False,True,False,False,False,False,-1,-1
stand_motor,process_01,21,5,188,True,False,True,False,False,False,False,-1,-1
stand_motor,process_01,21,6,188,True,False,True,False,False,False,False,-1,-1
stand_motor,process_01,21,7,188,True,False,True,False,False,False,False,-1,-1
stand_motor,process_01,21,8,188,True,False,True,False,False,False,False,-1,-1
stand_motor,process_01,21,9,188,True,False,True,False,False,False,False,-1,-1
stand_motor,process_01,21,10,188,True,False,True,False,False,False,False,-1,-1
stand_motor,process_01,21,11,188,True,False,True,False,False,False,False,-1,-1
stand_motor,process_01,21,12,188,True,False,True,False,False,False,False,-1,-1
stand_motor,process_01,21,13,188,True,False,True,False,False,False,False,-1,-1
stand_motor,process_01,21,14,188,True,False,True,False,False,False,False,-1,-1
stand_motor,process_01,21,15,188,True,False,True,False,False,False,False,-1,-1
stand_motor,process_01,22,0,131,True,False,True,False,False,False,False,-1,-1
stand_motor,process_01,22,1,131,True,False,True,False,True,False,False,-1,186
stand_motor,process_01,22,2,131,True,False,True,True,True,False,False,212,156
stand_motor,process_01,22,3,131,True,False,True,True,True,False,False,153,151
stand_motor,process_01,22,4,131,True,False,True,False,False,False,False,-1,-1
stand_motor,process_01,22,5,131,True,False,True,False,False,False,False,-1,-1
stand_motor,process_01,22,6,131,True,False,True,True,True,False,False,162,153
stand_motor,process_01,22,7,131,True,False,True,False,False,False,False,-1,-1
stand_motor,process_01,22,8,131,True,False,True,True,True,False,False,159,149
stand_motor,process_01,22,9,131,True,False,True,True,True,False,False,176,157
stand_motor,process_01,22,10,131,True,False,True,False,False,False,False,-1,-1
stand_motor,process_01,22,11,131,True,False,True,False,True,False,False,-1,188
stand_motor,process_01,22,12,131,True,False,True,False,True,False,False,-1,158
stand_motor,process_01,22,13,131,True,False,True,False,False,False,False,-1,-1
stand_motor,process_01,22,14,131,True,False,True,False,False,False,False,-1,-1
stand_motor,process_01,22,15,131,True,False,True,True,True,False,False,191,207
stand_motor,process_01,23,0,200,True,False,True,False,False,False,False,-1,-1
stand_motor,process_01,23,1,200,True,False,True,False,False,False,False,-1,-1
stand_motor,process_01,23,2,200,True,False,True,False,False,False,False,-1,-1
stand_motor,process_01,23,3,200,True,False,True,False,False,False,False,-1,-1
stand_motor,process_01,23,4,200,True,False,True,False,False,False,False,-1,-1
stand_motor,process_01,23,5,200,True,False,True,False,False,False,False,-1,-1
stand_motor,process_01,23,6,200,True,False,True,False,False,False,False,-1,-1
stand_motor,process_01,23,7,200,True,False,True,False,False,False,False,-1,-1
stand_motor,process_01,23,8,200,True,False,True,False,False,False,False,-1,-1
stand_motor,process_01,23,9,200,True,False,True,False,False,False,False,-1,-1
stand_motor,process_01,23,10,200,True,False,True,False,False,False,False,-1,-1
stand_motor,process_01,23,11,200,True,False,True,False,False,False,False,-1,-1
stand_motor,process_01,23,12,200,True,False,True,False,False,False,False,-1,-1
stand_motor,process_01,23,13,200,True,False,True,False,False,False,False,-1,-1
stand_motor,process_01,23,14,200,True,False,True,False,False,False,False,-1,-1
stand_motor,process_01,23,15,200,True,False,True,False,False,False,False,-1,-1
stand_motor,process_01,24,0,151,True,False,True,False,False,False,False,-1,-1
stand_motor,process_01,24,1,151,True,False,True,False,False,False,False,-1,-1
stand_motor,process_01,24,2,151,True,False,True,False,False,False,False,-1,-1
stand_motor,process_01,24,3,151,True,False,True,False,False,False,False,-1,-1
stand_motor,process_01,24,4,151,True,False,True,False,False,False,False,-1,-1
stand_motor,process_01,24,5,151,True,False,True,False,False,False,False,-1,-1
stand_motor,process_01,24,6,151,True,False,True,True,True,False,False,219,182
stand_motor,process_01,24,7,151,True,False,True,False,False,False,False,-1,-1
stand_motor,process_01,24,8,151,True,False,True,False,False,False,False,-1,-1
stand_motor,process_01,24,9,151,True,False,True,False,False,False,False,-1,-1
stand_motor,process_01,24,10,151,True,False,True,False,False,False,False,-1,-1
stand_motor,process_01,24,11,151,True,False,True,False,False,False,False,-1,-1
stand_motor,process_01,24,12,151,True,False,True,False,True,False,False,-1,193
stand_motor,process_01,24,13,151,True,False,True,False,False,False,False,-1,-1
stand_motor,process_01,24,14,151,True,False,True,False,False,False,False,-1,-1
stand_motor,process_01,24,15,151,True,False,True,False,False,False,False,-1,-1
stand_motor,process_01,25,0,114,True,True,True,False,True,False,False,-1,165
stand_motor,process_01,25,1,114,True,True,True,False,True,False,False,-1,154
stand_motor,process_01,25,2,114,True,True,True,False,False,False,False,-1,-1
stand_motor,process_01,25,3,114,True,True,True,False,True,False,False,-1,148
stand_motor,process_01,25,4,114,True,True,True,False,True,False,False,-1,151
stand_motor,process_01,25,5,114,True,True,True,False,False,False,False,-1,-1
stand_motor,process_01,25,6,114,True,True,True,False,False,False,False,-1,-1
stand_motor,process_01,25,7,114,True,True,True,False,True,False,False,-1,189
stand_motor,process_01,25,8,114,True,True,True,False,False,False,False,-1,-1
stand_motor,process_01,25,9,114,True,True,True,False,False,False,False,-1,-1
stand_motor,process_01,25,10,114,True,True,True,True,True,False,False,143,137
stand_motor,process_01,25,11,114,True,True,True,False,False,False,False,-1,-1
stand_motor,process_01,25,12,114,True,True,True,False,True,False,False,-1,146
stand_motor,process_01,25,13,114,True,True,True,False,True,False,False,-1,205
stand_motor,process_01,25,14,114,True,True,True,True,True,False,False,150,132
stand_motor,process_01,25,15,114,True,True,True,False,True,False,False,-1,162
stand_motor,process_01,26,0,194,True,False,True,False,False,False,False,-1,-1
stand_motor,process_01,26,1,194,True,False,True,False,True,False,False,-1,240
stand_motor,process_01,26,2,194,True,False,True,False,False,False,False,-1,-1
stand_motor,process_01,26,3,194,True,False,True,False,False,False,False,-1,-1
stand_motor,process_01,26,4,194,True,False,True,False,False,False,False,-1,-1
stand_motor,process_01,26,5,194,True,False,True,False,False,False,False,-1,-1
stand_motor,process_01,26,6,194,True,False,True,False,True,False,False,-1,254
stand_motor,process_01,26,7,194,True,False,True,False,True,False,False,-1,259
stand_motor,process_01,26,8,194,True,False,True,True,True,False,False,268,218
stand_motor,process_01,26,9,194,True,False,True,False,False,False,False,-1,-1
stand_motor,process_01,26,10,194,True,False,True,False,False,False,False,-1,-1
stand_motor,process_01,26,11,194,True,False,True,False,False,False,False,-1,-1
stand_motor,process_01,26,12,194,True,False,True,False,False,False,False,-1,-1
stand_motor,process_01,26,13,194,True,False,True,False,False,False,False,-1,-1
stand_motor,process_01,26,14,194,True,False,True,False,False,False,False,-1,-1
stand_motor,process_01,26,15,194,True,False,True,False,False,False,False,-1,-1
stand_motor,process_01,27,0,178,True,False,True,False,False,False,False,-1,-1
stand_motor,process_01,27,1,178,True,False,True,False,False,False,False,-1,-1
stand_motor,process_01,27,2,178,True,False,True,False,False,False,False,-1,-1
stand_motor,process_01,27,3,178,True,False,True,False,False,False,False,-1,-1
stand_motor,process_01,27,4,178,True,False,True,False,False,False,False,-1,-1
stand_motor,process_01,27,5,178,True,False,True,False,False,False,False,-1,-1
stand_motor,process_01,27,6,178,True,False,True,True,True,False,False,233,199
stand_motor,process_01,27,7,178,True,False,True,False,False,False,False,-1,-1
stand_motor,process_01,27,8,178,True,False,True,False,True,False,False,-1,218
stand_motor,process_01,27,9,178,True,False,True,False,True,False,False,-1,214
stand_motor,process_01,27,10,178,True,False,True,False,False,False,False,-1,-1
stand_motor,process_01,27,11,178,True,False,True,False,True,False,False,-1,224
stand_motor,process_01,27,12,178,True,False,True,False,False,False,False,-1,-1
stand_motor,process_01,27,13,178,True,False,True,False,False,False,False,-1,-1
stand_motor,process_01,27,14,178,True,False,True,False,False,False,False,-1,-1
stand_motor,process_01,27,15,178,True,False,False,False,False,True,True,110,110
stand_motor,process_01,28,0,110,True,True,True,False,False,False,False,-1,-1
stand_motor,process_01,28,1,110,True,True,True,False,True,False,False,-1,215
stand_motor,process_01,28,2,110,True,True,True,False,False,False,False,-1,-1
stand_motor,process_01,28,3,110,True,True,True,False,True,False,False,-1,152
stand_motor,process_01,28,4,110,True,True,True,False,False,False,False,-1,-1
stand_motor,process_01,28,5,110,True,True,True,False,False,False,False,-1,-1
stand_motor,process_01,28,6,110,True,True,True,False,False,False,False,-1,-1
stand_motor,process_01,28,7,110,True,True,True,False,False,False,False,-1,-1
stand_motor,process_01,28,8,110,True,True,True,False,True,False,False,-1,162
stand_motor,process_01,28,9,110,True,True,True,False,False,False,False,-1,-1
stand_motor,process_01,28,10,110,True,True,True,False,True,False,False,-1,165
stand_motor,process_01,28,11,110,True,True,True,False,False,False,False,-1,-1
stand_motor,process_01,28,12,110,True,True,True,False,False,False,False,-1,-1
stand_motor,process_01,28,13,110,True,True,True,False,False,False,False,-1,-1
stand_motor,process_01,28,14,110,True,True,True,False,False,False,False,-1,-1
stand_motor,process_01,28,15,110,True,True,True,False,False,False,False,-1,-1
stand_motor,process_01,29,0,141,True,False,True,False,True,False,False,-1,178
stand_motor,process_01,29,1,141,True,False,True,False,True,False,False,-1,232
stand_motor,process_01,29,2,141,True,False,True,False,False,False,False,-1,-1
stand_motor,process_01,29,3,141,True,False,True,False,False,False,False,-1,-1
stand_motor,process_01,29,4,141,True,False,True,False,False,False,False,-1,-1
stand_motor,process_01,29,5,141,True,False,True,True,True,False,False,181,160
stand_motor,process_01,29,6,141,True,False,True,False,False,False,False,-1,-1
stand_motor,process_01,29,7,141,True,False,True,True,True,False,False,173,160
stand_motor,process_01,29,8,141,True,False,True,False,False,False,False,-1,-1
stand_motor,process_01,29,9,141,True,False,True,False,True,False,False,-1,196
stand_motor,process_01,29,10,141,True,False,True,False,False,False,False,-1,-1
stand_motor,process_01,29,11,141,True,False,True,False,False,False,False,-1,-1
stand_motor,process_01,29,12,141,True,False,True,True,True,False,False,191,170
stand_motor,process_01,29,13,141,True,False,True,False,False,False,False,-1,-1
stand_motor,process_01,29,14,141,True,False,True,True,False,False,False,195,-1
stand_motor,process_01,29,15,141,True,False,True,True,True,False,False,183,181
stand_motor,process_01,30,0,183,True,False,True,False,False,False,False,-1,-1
stand_motor,process_01,30,1,183,True,False,True,False,True,False,False,-1,217
stand_motor,process_01,30,2,183,True,False,True,False,False,False,False,-1,-1
stand_motor,process_01,30,3,183,True,False,True,True,True,False,False,218,208
stand_motor,process_01,30,4,183,True,False,True,False,False,False,False,-1,-1
stand_motor,process_01,30,5,183,True,False,True,False,False,False,False,-1,-1
stand_motor,process_01,30,6,183,True,False,True,True,True,False,False,268,210
stand_motor,process_01,30,7,183,True,False,True,False,True,False,False,-1,213
stand_motor,process_01,30,8,183,True,False,True,False,True,False,False,-1,217
stand_motor,process_01,30,9,183,True,False,True,True,True,False,False,336,214
stand_motor,process_01,30,10,183,True,False,True,True,True,False,False,242,211
stand_motor,process_01,30,11,183,True,False,True,True,True,False,False,235,212
stand_motor,process_01,30,12,183,True,False,True,False,True,False,False,-1,244
stand_motor,process_01,30,13,183,True,False,True,False,False,False,False,-1,-1
stand_motor,process_01,30,14,183,True,False,True,False,False,False,False,-1,-1
stand_motor,process_01,30,15,183,True,False,True,False,False,False,False,-1,-1
stand_motor,process_01,31,0,105,True,True,True,False,False,False,False,-1,-1
stand_motor,process_01,31,1,105,True,True,True,False,False,False,False,-1,-1
stand_motor,process_01,31,2,105,True,True,True,False,False,False,False,-1,-1
stand_motor,process_01,31,3,105,True,True,True,False,False,False,False,-1,-1
stand_motor,process_01,31,4,105,True,True,True,False,False,False,False,-1,-1
stand_motor,process_01,31,5,105,True,True,True,False,False,False,False,-1,-1
stand_motor,process_01,31,6,105,True,True,True,False,False,False,False,-1,-1
stand_motor,process_01,31,7,105,True,True,True,False,True,False,False,-1,142
stand_motor,process_01,31,8,105,True,True,True,False,False,False,False,-1,-1
stand_motor,process_01,31,9,105,True,True,True,False,False,False,False,-1,-1
stand_motor,process_01,31,10,105,True,True,True,False,False,False,False,-1,-1
stand_motor,process_01,31,11,105,True,True,True,False,False,False,False,-1,-1
stand_motor,process_01,31,12,105,True,True,True,False,False,False,False,-1,-1
stand_motor,process_01,31,13,105,True,True,True,False,False,False,False,-1,-1
stand_motor,process_01,31,14,105,True,True,True,False,False,False,False,-1,-1
stand_motor,process_01,31,15,105,True,True,True,False,False,False,False,-1,-1
stand_motor,process_01,32,0,100,False,True,False,False,False,False,False,-1,-1
stand_motor,process_01,32,1,100,False,True,False,False,False,False,False,-1,-1
stand_motor,process_01,32,2,100,False,True,False,False,False,False,False,-1,-1
stand_motor,process_01,32,3,100,False,True,False,False,False,False,False,-1,-1
stand_motor,process_01,32,4,100,False,True,False,False,False,False,False,-1,-1
stand_motor,process_01,32,5,100,False,True,False,False,False,False,False,-1,-1
stand_motor,process_01,32,6,100,False,True,False,False,False,False,False,-1,-1
stand_motor,process_01,32,7,100,False,True,False,False,False,False,False,-1,-1
stand_motor,process_01,32,8,100,False,True,False,False,False,False,False,-1,-1
stand_motor,process_01,32,9,100,False,True,False,False,False,False,False,-1,-1
stand_motor,process_01,32,10,100,False,True,False,False,False,False,False,-1,-1
stand_motor,process_01,32,11,100,False,True,False,False,False,False,False,-1,-1
stand_motor,process_01,32,12,100,False,True,False,False,False,False,False,-1,-1
stand_motor,process_01,32,13,100,False,True,False,False,False,False,False,-1,-1
stand_motor,process_01,32,14,100,False,True,False,False,False,False,False,-1,-1
stand_motor,process_01,32,15,100,False,True,False,False,False,False,False,-1,-1
stand_motor,process_01,33,0,132,False,False,False,False,False,False,False,-1,-1
stand_motor,process_01,33,1,132,False,False,False,False,False,False,False,-1,-1
stand_motor,process_01,33,2,132,False,False,False,False,False,False,False,-1,-1
stand_motor,process_01,33,3,132,False,False,False,False,False,False,False,-1,-1
stand_motor,process_01,33,4,132,False,False,False,False,False,False,False,-1,-1
stand_motor,process_01,33,5,132,False,False,False,False,False,False,False,-1,-1
stand_motor,process_01,33,6,132,False,False,False,False,False,False,False,-1,-1
stand_motor,process_01,33,7,132,False,False,False,False,False,False,False,-1,-1
stand_motor,process_01,33,8,132,False,False,False,False,False,False,False,-1,-1
stand_motor,process_01,33,9,132,False,False,False,False,False,False,False,-1,-1
stand_motor,process_01,33,10,132,False,False,False,False,False,False,False,-1,-1
stand_motor,process_01,33,11,132,False,False,False,False,False,False,False,-1,-1
stand_motor,process_01,33,12,132,False,False,False,False,False,False,False,-1,-1
stand_motor,process_01,33,13,132,False,False,False,False,False,False,False,-1,-1
stand_motor,process_01,33,14,132,False,False,False,False,False,False,False,-1,-1
stand_motor,process_01,33,15,132,False,False,False,False,False,False,False,-1,-1
stand_motor,process_01,34,0,198,False,False,False,False,False,False,False,-1,-1
stand_motor,process_01,34,1,198,False,False,False,False,False,False,False,-1,-1
stand_motor,process_01,34,2,198,False,False,False,False,False,False,False,-1,-1
stand_motor,process_01,34,3,198,False,False,False,False,False,False,False,-1,-1
stand_motor,process_01,34,4,198,False,False,False,False,False,False,False,-1,-1
stand_motor,process_01,34,5,198,False,False,False,False,False,False,False,-1,-1
stand_motor,process_01,34,6,198,False,False,False,False,False,False,False,-1,-1
stand_motor,process_01,34,7,198,False,False,False,False,False,False,False,-1,-1
stand_motor,process_01,34,8,198,False,False,False,False,False,False,False,-1,-1
stand_motor,process_01,34,9,198,False,False,False,False,False,False,False,-1,-1
stand_motor,process_01,34,10,198,False,False,False,False,False,False,False,-1,-1
stand_motor,process_01,34,11,198,False,False,False,False,False,False,False,-1,-1
stand_motor,process_01,34,12,198,False,False,False,False,False,False,False,-1,-1
stand_motor,process_01,34,13,198,False,False,False,False,False,False,False,-1,-1
stand_motor,process_01,34,14,198,False,False,False,False,False,False,False,-1,-1
stand_motor,process_01,34,15,198,False,False,False,False,False,False,False,-1,-1
stand_motor,process_01,35,0,146,False,False,False,False,False,False,False,-1,-1
stand_motor,process_01,35,1,146,False,False,False,False,False,False,False,-1,-1
stand_motor,process_01,35,2,146,False,False,False,False,False,False,False,-1,-1
stand_motor,process_01,35,3,146,False,False,False,False,False,False,False,-1,-1
stand_motor,process_01,35,4,146,False,False,False,False,False,False,False,-1,-1
stand_motor,process_01,35,5,146,False,False,False,False,False,False,False,-1,-1
stand_motor,process_01,35,6,146,False,False,False,False,False,False,False,-1,-1
stand_motor,process_01,35,7,146,False,False,False,False,False,False,False,-1,-1
stand_motor,process_01,35,8,146,False,False,False,False,False,False,False,-1,-1
stand_motor,process_01,35,9,146,False,False,False,False,False,False,False,-1,-1
stand_motor,process_01,35,10,146,False,False,False,False,False,False,False,-1,-1
stand_motor,process_01,35,11,146,False,False,False,False,False,False,False,-1,-1
stand_motor,process_01,35,12,146,False,False,False,False,False,False,False,-1,-1
stand_motor,process_01,35,13,146,False,False,False,False,False,False,False,-1,-1
stand_motor,process_01,35,14,146,False,False,False,False,False,False,False,-1,-1
stand_motor,process_01,35,15,146,False,False,False,False,False,False,False,-1,-1
stand_motor,process_01,36,0,139,False,False,False,False,False,False,False,-1,-1
stand_motor,process_01,36,1,139,False,False,False,False,False,False,False,-1,-1
stand_motor,process_01,36,2,139,False,False,False,False,False,False,False,-1,-1
stand_motor,process_01,36,3,139,False,False,False,False,False,False,False,-1,-1
stand_motor,process_01,36,4,139,False,False,False,False,False,False,False,-1,-1
stand_motor,process_01,36,5,139,False,False,False,False,False,False,False,-1,-1
stand_motor,process_01,36,6,139,False,False,False,False,False,False,False,-1,-1
stand_motor,process_01,36,7,139,False,False,False,False,False,False,False,-1,-1
stand_motor,process_01,36,8,139,False,False,False,False,False,False,False,-1,-1
stand_motor,process_01,36,9,139,False,False,False,False,False,False,False,-1,-1
stand_motor,process_01,36,10,139,False,False,False,False,False,False,False,-1,-1
stand_motor,process_01,36,11,139,False,False,False,False,False,False,False,-1,-1
stand_motor,process_01,36,12,139,False,False,False,False,False,False,False,-1,-1
stand_motor,process_01,36,13,139,False,False,False,False,False,False,False,-1,-1
stand_motor,process_01,36,14,139,False,False,False,False,False,False,False,-1,-1
stand_motor,process_01,36,15,139,False,False,False,False,False,False,False,-1,-1
stand_motor,process_01,37,0,128,False,True,False,False,False,False,False,-1,-1
stand_motor,process_01,37,1,128,False,True,False,False,False,False,False,-1,-1
stand_motor,process_01,37,2,128,False,True,False,False,False,False,False,-1,-1
stand_motor,process_01,37,3,128,False,True,False,False,False,False,False,-1,-1
stand_motor,process_01,37,4,128,False,True,False,False,False,False,False,-1,-1
stand_motor,process_01,37,5,128,False,True,False,False,False,False,False,-1,-1
stand_motor,process_01,37,6,128,False,True,False,False,False,False,False,-1,-1
stand_motor,process_01,37,7,128,False,True,False,False,False,False,False,-1,-1
stand_motor,process_01,37,8,128,False,True,False,False,False,False,False,-1,-1
stand_motor,process_01,37,9,128,False,True,False,False,False,False,False,-1,-1
stand_motor,process_01,37,10,128,False,True,False,False,False,False,False,-1,-1
stand_motor,process_01,37,11,128,False,True,False,False,False,False,False,-1,-1
stand_motor,process_01,37,12,128,False,True,False,False,False,False,False,-1,-1
stand_motor,process_01,37,13,128,False,True,False,False,False,False,False,-1,-1
stand_motor,process_01,37,14,128,False,True,False,False,False,False,False,-1,-1
stand_motor,process_01,37,15,128,False,True,False,False,False,False,False,-1,-1
stand_motor,process_01,38,0,154,False,False,False,False,False,False,False,-1,-1
stand_motor,process_01,38,1,154,False,False,False,False,False,False,False,-1,-1
stand_motor,process_01,38,2,154,False,False,False,False,False,False,False,-1,-1
stand_motor,process_01,38,3,154,False,False,False,False,False,False,False,-1,-1
stand_motor,process_01,38,4,154,False,False,False,False,False,False,False,-1,-1
stand_motor,process_01,38,5,154,False,False,False,False,False,False,False,-1,-1
stand_motor,process_01,38,6,154,False,False,False,False,False,False,False,-1,-1
stand_motor,process_01,38,7,154,False,False,False,False,False,False,False,-1,-1
stand_motor,process_01,38,8,154,False,False,False,False,False,False,False,-1,-1
stand_motor,process_01,38,9,154,False,False,False,False,False,False,False,-1,-1
stand_motor,process_01,38,10,154,False,False,False,False,False,False,False,-1,-1
stand_motor,process_01,38,11,154,False,False,False,False,False,False,False,-1,-1
stand_motor,process_01,38,12,154,False,False,False,False,False,False,False,-1,-1
stand_motor,process_01,38,13,154,False,False,False,False,False,False,False,-1,-1
stand_motor,process_01,38,14,154,False,False,False,False,False,False,False,-1,-1
stand_motor,process_01,38,15,154,False,False,False,False,False,False,False,-1,-1
stand_motor,process_01,39,0,189,False,False,False,True,False,False,True,273,178
stand_motor,process_01,39,1,189,False,False,False,False,False,False,False,-1,-1
stand_motor,process_01,39,2,189,False,False,False,False,False,False,False,-1,-1
stand_motor,process_01,39,3,189,False,False,False,False,False,False,False,-1,-1
stand_motor,process_01,39,4,189,False,False,False,False,False,False,False,-1,-1
stand_motor,process_01,39,5,189,False,False,False,False,False,False,False,-1,-1
stand_motor,process_01,39,6,189,False,False,False,False,False,False,False,-1,-1
stand_motor,process_01,39,7,189,False,False,False,False,False,False,False,-1,-1
stand_motor,process_01,39,8,189,False,False,False,False,False,False,False,-1,-1
stand_motor,process_01,39,9,189,False,False,False,False,False,False,False,-1,-1
stand_motor,process_01,39,10,189,False,False,False,False,False,False,False,-1,-1
stand_motor,process_01,39,11,189,False,False,False,False,False,False,False,-1,-1
stand_motor,process_01,39,12,189,False,False,False,False,False,False,False,-1,-1
stand_motor,process_01,39,13,189,False,False,False,False,False,False,False,-1,-1
stand_motor,process_01,39,14,189,False,False,False,False,False,False,False,-1,-1
stand_motor,process_01,39,15,189,False,False,False,False,False,False,False,-1,-1
stand_motor,process_01,40,0,104,False,True,False,False,False,False,False,-1,-1
stand_motor,process_01,40,1,104,False,True,False,False,False,False,False,-1,-1
stand_motor,process_01,40,2,104,False,True,False,False,False,False,False,-1,-1
stand_motor,process_01,40,3,104,False,True,False,False,False,False,False,-1,-1
stand_motor,process_01,40,4,104,False,True,False,False,False,False,False,-1,-1
stand_motor,process_01,40,5,104,False,True,False,False,False,False,False,-1,-1
stand_motor,process_01,40,6,104,False,True,False,False,False,False,False,-1,-1
stand_motor,process_01,40,7,104,False,True,False,False,False,False,False,-1,-1
stand_motor,process_01,40,8,104,False,True,False,False,False,False,False,-1,-1
stand_motor,process_01,40,9,104,False,True,False,False,False,False,False,-1,-1
stand_motor,process_01,40,10,104,False,True,False,False,False,False,False,-1,-1
stand_motor,process_01,40,11,104,False,True,False,False,False,False,False,-1,-1
stand_motor,process_01,40,12,104,False,True,False,False,False,False,False,-1,-1
stand_motor,process_01,40,13,104,False,True,False,False,False,False,False,-1,-1
stand_motor,process_01,40,14,104,False,True,False,False,False,False,False,-1,-1
stand_motor,process_01,40,15,104,False,True,False,False,False,False,False,-1,-1
stand_motor,process_01,41,0,124,False,True,False,False,False,False,False,-1,-1
stand_motor,process_01,41,1,124,False,True,False,False,False,False,False,-1,-1
stand_motor,process_01,41,2,124,False,True,False,False,False,False,False,-1,-1
stand_motor,process_01,41,3,124,False,True,False,False,False,False,False,-1,-1
stand_motor,process_01,41,4,124,False,True,False,False,False,False,False,-1,-1
stand_motor,process_01,41,5,124,False,True,False,False,False,False,False,-1,-1
stand_motor,process_01,41,6,124,False,True,False,False,False,False,False,-1,-1
stand_motor,process_01,41,7,124,False,True,False,False,False,False,False,-1,-1
stand_motor,process_01,41,8,124,False,True,False,False,False,False,False,-1,-1
stand_motor,process_01,41,9,124,False,True,False,False,False,False,False,-1,-1
stand_motor,process_01,41,10,124,False,True,False,False,False,False,False,-1,-1
stand_motor,process_01,41,11,124,False,True,False,False,False,False,False,-1,-1
stand_motor,process_01,41,12,124,False,True,False,False,False,False,False,-1,-1
stand_motor,process_01,41,13,124,False,True,False,False,False,False,False,-1,-1
stand_motor,process_01,41,14,124,False,True,False,False,False,False,False,-1,-1
stand_motor,process_01,41,15,124,False,True,False,False,False,False,False,-1,-1
stand_motor,process_01,42,0,111,False,True,False,False,False,False,False,-1,-1
stand_motor,process_01,42,1,111,False,True,False,False,False,False,False,-1,-1
stand_motor,process_01,42,2,111,False,True,False,False,False,False,False,-1,-1
stand_motor,process_01,42,3,111,False,True,False,False,False,False,False,-1,-1
stand_motor,process_01,42,4,111,False,True,False,False,False,False,False,-1,-1
stand_motor,process_01,42,5,111,False,True,False,False,False,False,False,-1,-1
stand_motor,process_01,42,6,111,False,True,False,False,False,False,False,-1,-1
stand_motor,process_01,42,7,111,False,True,False,False,False,False,False,-1,-1
stand_motor,process_01,42,8,111,False,True,False,False,False,False,False,-1,-1
stand_motor,process_01,42,9,111,False,True,False,False,False,False,False,-1,-1
stand_motor,process_01,42,10,111,False,True,False,False,False,False,False,-1,-1
stand_motor,process_01,42,11,111,False,True,False,False,False,False,False,-1,-1
stand_motor,process_01,42,12,111,False,True,False,False,False,False,False,-1,-1
stand_motor,process_01,42,13,111,False,True,False,False,False,False,False,-1,-1
stand_motor,process_01,42,14,111,False,True,False,False,False,False,False,-1,-1
stand_motor,process_01,42,15,111,False,True,False,False,False,False,False,-1,-1
stand_motor,process_01,43,0,168,False,False,False,False,False,False,False,-1,-1
stand_motor,process_01,43,1,168,False,False,False,False,False,False,False,-1,-1
stand_motor,process_01,43,2,168,False,False,False,False,False,False,False,-1,-1
stand_motor,process_01,43,3,168,False,False,False,False,False,False,False,-1,-1
stand_motor,process_01,43,4,168,False,False,False,False,False,False,False,-1,-1
stand_motor,process_01,43,5,168,False,False,False,False,False,False,False,-1,-1
stand_motor,process_01,43,6,168,False,False,False,False,False,False,False,-1,-1
stand_motor,process_01,43,7,168,False,False,False,False,False,False,False,-1,-1
stand_motor,process_01,43,8,168,False,False,False,False,False,False,False,-1,-1
stand_motor,process_01,43,9,168,False,False,False,False,False,False,False,-1,-1
stand_motor,process_01,43,10,168,False,False,False,False,False,False,False,-1,-1
stand_motor,process_01,43,11,168,False,False,False,False,False,False,False,-1,-1
stand_motor,process_01,43,12,168,False,False,False,False,False,False,False,-1,-1
stand_motor,process_01,43,13,168,False,False,False,False,False,False,False,-1,-1
stand_motor,process_01,43,14,168,False,False,False,False,False,False,False,-1,-1
stand_motor,process_01,43,15,168,False,False,False,False,False,False,False,-1,-1
stand_motor,process_01,44,0,138,False,False,False,False,False,False,False,-1,-1
stand_motor,process_01,44,1,138,False,False,False,False,False,False,False,-1,-1
stand_motor,process_01,44,2,138,False,False,False,False,False,False,False,-1,-1
stand_motor,process_01,44,3,138,False,False,False,False,False,False,False,-1,-1
stand_motor,process_01,44,4,138,False,False,False,False,False,False,False,-1,-1
stand_motor,process_01,44,5,138,False,False,False,False,False,False,False,-1,-1
stand_motor,process_01,44,6,138,False,False,False,False,False,False,False,-1,-1
stand_motor,process_01,44,7,138,False,False,False,False,False,False,False,-1,-1
stand_motor,process_01,44,8,138,False,False,False,False,False,True,True,76,76
stand_motor,process_01,44,9,138,False,False,False,False,False,False,False,-1,-1
stand_motor,process_01,44,10,138,False,False,False,False,False,False,False,-1,-1
stand_motor,process_01,44,11,138,False,False,False,False,False,False,False,-1,-1
stand_motor,process_01,44,12,138,False,False,False,False,False,False,False,-1,-1
stand_motor,process_01,44,13,138,False,False,False,False,False,False,False,-1,-1
stand_motor,process_01,44,14,138,False,False,False,False,False,False,False,-1,-1
stand_motor,process_01,44,15,138,False,False,False,False,False,False,False,-1,-1
stand_motor,process_01,45,0,101,False,True,False,False,False,False,False,-1,-1
stand_motor,process_01,45,1,101,False,True,False,False,False,False,False,-1,-1
stand_motor,process_01,45,2,101,False,True,False,False,False,False,False,-1,-1
stand_motor,process_01,45,3,101,False,True,False,False,False,False,False,-1,-1
stand_motor,process_01,45,4,101,False,True,False,False,False,False,False,-1,-1
stand_motor,process_01,45,5,101,False,True,False,False,False,False,False,-1,-1
stand_motor,process_01,45,6,101,False,True,False,False,False,False,False,-1,-1
stand_motor,process_01,45,7,101,False,True,False,False,False,False,False,-1,-1
stand_motor,process_01,45,8,101,False,True,False,False,False,False,False,-1,-1
stand_motor,process_01,45,9,101,False,True,False,True,True,False,False,258,259
stand_motor,process_01,45,10,101,False,True,False,False,False,False,False,-1,-1
stand_motor,process_01,45,11,101,False,True,False,False,False,False,False,-1,-1
stand_motor,process_01,45,12,101,False,True,False,False,False,False,False,-1,-1
stand_motor,process_01,45,13,101,False,True,False,False,False,False,False,-1,-1
stand_motor,process_01,45,14,101,False,True,False,False,False,False,False,-1,-1
stand_motor,process_01,45,15,101,False,True,False,False,False,False,False,-1,-1
stand_motor,process_01,46,0,187,False,False,False,False,False,False,False,-1,-1
stand_motor,process_01,46,1,187,False,False,False,False,False,False,False,-1,-1
stand_motor,process_01,46,2,187,False,False,False,False,False,False,False,-1,-1
stand_motor,process_01,46,3,187,False,False,False,False,False,False,False,-1,-1
stand_motor,process_01,46,4,187,False,False,False,False,False,False,False,-1,-1
stand_motor,process_01,46,5,187,False,False,False,False,False,False,False,-1,-1
stand_motor,process_01,46,6,187,False,False,False,False,False,False,False,-1,-1
stand_motor,process_01,46,7,187,False,False,False,False,False,False,False,-1,-1
stand_motor,process_01,46,8,187,False,False,False,False,False,False,False,-1,-1
stand_motor,process_01,46,9,187,False,False,False,False,False,False,False,-1,-1
stand_motor,process_01,46,10,187,False,False,False,False,False,False,False,-1,-1
stand_motor,process_01,46,11,187,False,False,False,False,False,False,False,-1,-1
stand_motor,process_01,46,12,187,False,False,False,False,False,False,False,-1,-1
stand_motor,process_01,46,13,187,False,False,False,False,False,False,False,-1,-1
stand_motor,process_01,46,14,187,False,False,False,False,False,False,False,-1,-1
stand_motor,process_01,46,15,187,False,False,False,False,False,False,False,-1,-1
stand_motor,process_01,47,0,138,False,False,False,False,False,False,False,-1,-1
stand_motor,process_01,47,1,138,False,False,False,False,False,False,False,-1,-1
stand_motor,process_01,47,2,138,False,False,False,False,False,False,False,-1,-1
stand_motor,process_01,47,3,138,False,False,False,False,False,False,False,-1,-1
stand_motor,process_01,47,4,138,False,False,False,False,False,False,False,-1,-1
stand_motor,process_01,47,5,138,False,False,False,False,False,False,False,-1,-1
stand_motor,process_01,47,6,138,False,False,False,False,False,False,False,-1,-1
stand_motor,process_01,47,7,138,False,False,False,False,False,False,False,-1,-1
stand_motor,process_01,47,8,138,False,False,False,False,False,False,False,-1,-1
stand_motor,process_01,47,9,138,False,False,False,False,False,False,False,-1,-1
stand_motor,process_01,47,10,138,False,False,False,False,False,False,False,-1,-1
stand_motor,process_01,47,11,138,False,False,False,False,False,False,False,-1,-1
stand_motor,process_01,47,12,138,False,False,False,False,False,False,False,-1,-1
stand_motor,process_01,47,13,138,False,False,False,False,False,False,False,-1,-1
stand_motor,process_01,47,14,138,False,False,False,False,False,False,False,-1,-1
stand_motor,process_01,47,15,138,False,False,False,False,False,False,False,-1,-1
stand_obs,process_01,0,0,191,True,False,True,False,False,False,False,-1,-1
stand_obs,process_01,0,1,191,True,False,True,False,False,False,False,-1,-1
stand_obs,process_01,0,2,191,True,False,True,False,False,False,False,-1,-1
stand_obs,process_01,0,3,191,True,False,True,False,False,False,False,-1,-1
stand_obs,process_01,0,4,191,True,False,True,False,False,False,False,-1,-1
stand_obs,process_01,0,5,191,True,False,True,False,False,False,False,-1,-1
stand_obs,process_01,0,6,191,True,False,True,False,False,False,False,-1,-1
stand_obs,process_01,0,7,191,True,False,True,False,False,False,False,-1,-1
stand_obs,process_01,0,8,191,True,False,True,False,False,False,False,-1,-1
stand_obs,process_01,0,9,191,True,False,True,False,False,False,False,-1,-1
stand_obs,process_01,0,10,191,True,False,True,False,False,False,False,-1,-1
stand_obs,process_01,0,11,191,True,False,True,False,False,False,False,-1,-1
stand_obs,process_01,0,12,191,True,False,True,False,False,False,False,-1,-1
stand_obs,process_01,0,13,191,True,False,True,False,False,False,False,-1,-1
stand_obs,process_01,0,14,191,True,False,True,True,False,False,False,266,-1
stand_obs,process_01,0,15,191,True,False,True,False,False,False,False,-1,-1
stand_obs,process_01,1,0,183,True,True,True,False,False,False,False,-1,-1
stand_obs,process_01,1,1,183,True,True,True,False,False,False,False,-1,-1
stand_obs,process_01,1,2,183,True,True,True,False,False,False,False,-1,-1
stand_obs,process_01,1,3,183,True,True,True,False,False,False,False,-1,-1
stand_obs,process_01,1,4,183,True,True,True,False,False,False,False,-1,-1
stand_obs,process_01,1,5,183,True,True,True,False,False,False,False,-1,-1
stand_obs,process_01,1,6,183,True,True,False,False,False,True,True,86,86
stand_obs,process_01,1,7,183,True,True,True,False,False,False,False,-1,-1
stand_obs,process_01,1,8,183,True,True,True,False,False,False,False,-1,-1
stand_obs,process_01,1,9,183,True,True,True,False,False,False,False,-1,-1
stand_obs,process_01,1,10,183,True,True,True,True,False,False,False,248,-1
stand_obs,process_01,1,11,183,True,True,True,False,False,False,False,-1,-1
stand_obs,process_01,1,12,183,True,True,True,False,False,False,False,-1,-1
stand_obs,process_01,1,13,183,True,True,True,False,False,False,False,-1,-1
stand_obs,process_01,1,14,183,True,True,True,False,False,False,False,-1,-1
stand_obs,process_01,1,15,183,True,True,True,False,False,False,False,-1,-1
stand_obs,process_01,2,0,197,True,False,True,False,False,False,False,-1,-1
stand_obs,process_01,2,1,197,True,False,True,False,False,False,False,-1,-1
stand_obs,process_01,2,2,197,True,False,True,False,False,False,False,-1,-1
stand_obs,process_01,2,3,197,True,False,True,False,False,False,False,-1,-1
stand_obs,process_01,2,4,197,True,False,True,False,False,False,False,-1,-1
stand_obs,process_01,2,5,197,True,False,True,False,False,False,False,-1,-1
stand_obs,process_01,2,6,197,True,False,True,False,False,False,False,-1,-1
stand_obs,process_01,2,7,197,True,False,True,False,False,False,False,-1,-1
stand_obs,process_01,2,8,197,True,False,True,False,False,False,False,-1,-1
stand_obs,process_01,2,9,197,True,False,True,False,False,False,False,-1,-1
stand_obs,process_01,2,10,197,True,False,True,False,False,False,False,-1,-1
stand_obs,process_01,2,11,197,True,False,True,False,False,False,False,-1,-1
stand_obs,process_01,2,12,197,True,False,True,False,False,False,False,-1,-1
stand_obs,process_01,2,13,197,True,False,True,True,False,False,False,382,-1
stand_obs,process_01,2,14,197,True,False,True,False,False,False,False,-1,-1
stand_obs,process_01,2,15,197,True,False,True,False,False,False,False,-1,-1
stand_obs,process_01,3,0,128,True,True,True,False,False,False,False,-1,-1
stand_obs,process_01,3,1,128,True,True,True,False,False,False,False,-1,-1
stand_obs,process_01,3,2,128,True,True,True,True,False,False,False,474,-1
stand_obs,process_01,3,3,128,True,True,True,False,False,False,False,-1,-1
stand_obs,process_01,3,4,128,True,True,True,False,False,False,False,-1,-1
stand_obs,process_01,3,5,128,True,True,True,False,False,False,False,-1,-1
stand_obs,process_01,3,6,128,True,True,True,False,False,False,False,-1,-1
stand_obs,process_01,3,7,128,True,True,True,False,False,False,False,-1,-1
stand_obs,process_01,3,8,128,True,True,True,False,False,False,False,-1,-1
stand_obs,process_01,3,9,128,True,True,True,False,False,False,False,-1,-1
stand_obs,process_01,3,10,128,True,True,True,False,False,False,False,-1,-1
stand_obs,process_01,3,11,128,True,True,True,False,False,False,False,-1,-1
stand_obs,process_01,3,12,128,True,True,True,False,False,False,False,-1,-1
stand_obs,process_01,3,13,128,True,True,True,False,False,False,False,-1,-1
stand_obs,process_01,3,14,128,True,True,True,False,False,False,False,-1,-1
stand_obs,process_01,3,15,128,True,True,True,False,False,False,False,-1,-1
stand_obs,process_01,4,0,170,True,True,True,False,False,False,False,-1,-1
stand_obs,process_01,4,1,170,True,True,True,False,False,False,False,-1,-1
stand_obs,process_01,4,2,170,True,True,True,False,False,False,False,-1,-1
stand_obs,process_01,4,3,170,True,True,True,True,False,False,False,332,-1
stand_obs,process_01,4,4,170,True,True,True,False,False,False,False,-1,-1
stand_obs,process_01,4,5,170,True,True,True,False,False,False,False,-1,-1
stand_obs,process_01,4,6,170,True,True,True,False,False,False,False,-1,-1
stand_obs,process_01,4,7,170,True,True,True,False,False,False,False,-1,-1
stand_obs,process_01,4,8,170,True,True,True,False,False,False,False,-1,-1
stand_obs,process_01,4,9,170,True,True,True,True,False,False,False,414,-1
stand_obs,process_01,4,10,170,True,True,True,True,False,False,False,326,-1
stand_obs,process_01,4,11,170,True,True,True,False,False,False,False,-1,-1
stand_obs,process_01,4,12,170,True,True,True,False,False,False,False,-1,-1
stand_obs,process_01,4,13,170,True,True,True,False,False,False,False,-1,-1
stand_obs,process_01,4,14,170,True,True,True,False,False,False,False,-1,-1
stand_obs,process_01,4,15,170,True,True,True,False,False,False,False,-1,-1
stand_obs,process_01,5,0,185,True,True,True,True,False,False,False,477,-1
stand_obs,process_01,5,1,185,True,True,True,False,False,False,False,-1,-1
stand_obs,process_01,5,2,185,True,True,True,False,False,False,False,-1,-1
stand_obs,process_01,5,3,185,True,True,True,False,False,False,False,-1,-1
stand_obs,process_01,5,4,185,True,True,True,False,False,False,False,-1,-1
stand_obs,process_01,5,5,185,True,True,True,False,False,False,False,-1,-1
stand_obs,process_01,5,6,185,True,True,True,False,False,False,False,-1,-1
stand_obs,process_01,5,7,185,True,True,True,False,False,False,False,-1,-1
stand_obs,process_01,5,8,185,True,True,True,True,False,False,False,385,-1
stand_obs,process_01,5,9,185,True,True,True,False,False,False,False,-1,-1
stand_obs,process_01,5,10,185,True,True,True,False,False,False,False,-1,-1
stand_obs,process_01,5,11,185,True,True,True,False,False,False,False,-1,-1
stand_obs,process_01,5,12,185,True,True,True,False,False,False,False,-1,-1
stand_obs,process_01,5,13,185,True,True,True,True,False,False,False,430,-1
stand_obs,process_01,5,14,185,True,True,True,False,False,False,False,-1,-1
stand_obs,process_01,5,15,185,True,True,True,False,False,False,False,-1,-1
stand_obs,process_01,6,0,146,True,True,True,True,False,False,False,240,-1
stand_obs,process_01,6,1,146,True,True,True,False,False,False,False,-1,-1
stand_obs,process_01,6,2,146,True,True,True,False,False,False,False,-1,-1
stand_obs,process_01,6,3,146,True,True,True,False,False,False,False,-1,-1
stand_obs,process_01,6,4,146,True,True,True,False,False,False,False,-1,-1
stand_obs,process_01,6,5,146,True,True,True,True,False,False,False,270,-1
stand_obs,process_01,6,6,146,True,True,True,False,False,False,False,-1,-1
stand_obs,process_01,6,7,146,True,True,True,False,False,False,False,-1,-1
stand_obs,process_01,6,8,146,True,True,True,False,False,False,False,-1,-1
stand_obs,process_01,6,9,146,True,True,True,False,False,False,False,-1,-1
stand_obs,process_01,6,10,146,True,True,True,True,False,False,False,471,-1
stand_obs,process_01,6,11,146,True,True,True,False,False,False,False,-1,-1
stand_obs,process_01,6,12,146,True,True,True,False,False,False,False,-1,-1
stand_obs,process_01,6,13,146,True,True,True,False,False,False,False,-1,-1
stand_obs,process_01,6,14,146,True,True,True,False,False,False,False,-1,-1
stand_obs,process_01,6,15,146,True,True,True,False,False,False,False,-1,-1
stand_obs,process_01,7,0,112,True,True,True,False,False,False,False,-1,-1
stand_obs,process_01,7,1,112,True,True,True,False,False,False,False,-1,-1
stand_obs,process_01,7,2,112,True,True,True,False,False,False,False,-1,-1
stand_obs,process_01,7,3,112,True,True,True,False,False,False,False,-1,-1
stand_obs,process_01,7,4,112,True,True,True,False,False,False,False,-1,-1
stand_obs,process_01,7,5,112,True,True,True,False,False,False,False,-1,-1
stand_obs,process_01,7,6,112,True,True,True,False,False,False,False,-1,-1
stand_obs,process_01,7,7,112,True,True,True,False,False,False,False,-1,-1
stand_obs,process_01,7,8,112,True,True,True,False,False,False,False,-1,-1
stand_obs,process_01,7,9,112,True,True,True,False,False,False,False,-1,-1
stand_obs,process_01,7,10,112,True,True,True,False,False,False,False,-1,-1
stand_obs,process_01,7,11,112,True,True,True,False,False,False,False,-1,-1
stand_obs,process_01,7,12,112,True,True,True,False,False,False,False,-1,-1
stand_obs,process_01,7,13,112,True,True,True,True,False,False,False,368,-1
stand_obs,process_01,7,14,112,True,True,True,False,False,False,False,-1,-1
stand_obs,process_01,7,15,112,True,True,True,False,False,False,False,-1,-1
stand_obs,process_01,8,0,119,True,True,True,False,False,False,False,-1,-1
stand_obs,process_01,8,1,119,True,True,True,False,False,False,False,-1,-1
stand_obs,process_01,8,2,119,True,True,True,False,False,False,False,-1,-1
stand_obs,process_01,8,3,119,True,True,True,True,False,False,False,383,-1
stand_obs,process_01,8,4,119,True,True,True,False,False,False,False,-1,-1
stand_obs,process_01,8,5,119,True,True,True,False,False,False,False,-1,-1
stand_obs,process_01,8,6,119,True,True,True,False,False,False,False,-1,-1
stand_obs,process_01,8,7,119,True,True,True,False,False,False,False,-1,-1
stand_obs,process_01,8,8,119,True,True,True,False,False,False,False,-1,-1
stand_obs,process_01,8,9,119,True,True,True,False,False,False,False,-1,-1
stand_obs,process_01,8,10,119,True,True,True,False,False,False,False,-1,-1
stand_obs,process_01,8,11,119,True,True,True,True,False,False,False,306,-1
stand_obs,process_01,8,12,119,True,True,True,False,False,False,False,-1,-1
stand_obs,process_01,8,13,119,True,True,True,False,False,False,False,-1,-1
stand_obs,process_01,8,14,119,True,True,True,True,False,False,False,349,-1
stand_obs,process_01,8,15,119,True,True,True,False,False,False,False,-1,-1
stand_obs,process_01,9,0,147,True,True,False,False,False,True,True,72,72
stand_obs,process_01,9,1,147,True,True,True,False,False,False,False,-1,-1
stand_obs,process_01,9,2,147,True,True,True,False,False,False,False,-1,-1
stand_obs,process_01,9,3,147,True,True,True,False,False,False,False,-1,-1
stand_obs,process_01,9,4,147,True,True,True,False,False,False,False,-1,-1
stand_obs,process_01,9,5,147,True,True,True,False,False,False,False,-1,-1
stand_obs,process_01,9,6,147,True,True,True,False,False,False,False,-1,-1
stand_obs,process_01,9,7,147,True,True,True,False,False,False,False,-1,-1
stand_obs,process_01,9,8,147,True,True,True,False,False,False,False,-1,-1
stand_obs,process_01,9,9,147,True,True,True,True,False,False,False,280,-1
stand_obs,process_01,9,10,147,True,True,True,False,False,False,False,-1,-1
stand_obs,process_01,9,11,147,True,True,True,False,False,False,False,-1,-1
stand_obs,process_01,9,12,147,True,True,True,True,False,False,False,439,-1
stand_obs,process_01,9,13,147,True,True,True,False,False,False,False,-1,-1
stand_obs,process_01,9,14,147,True,True,True,False,False,False,False,-1,-1
stand_obs,process_01,9,15,147,True,True,True,True,False,False,False,255,-1
stand_obs,process_01,10,0,108,True,True,True,False,False,False,False,-1,-1
stand_obs,process_01,10,1,108,True,True,True,True,False,False,False,186,-1
stand_obs,process_01,10,2,108,True,True,True,False,False,False,False,-1,-1
stand_obs,process_01,10,3,108,True,True,True,False,False,False,False,-1,-1
stand_obs,process_01,10,4,108,True,True,True,False,False,False,False,-1,-1
stand_obs,process_01,10,5,108,True,True,True,False,False,False,False,-1,-1
stand_obs,process_01,10,6,108,True,True,True,False,False,False,False,-1,-1
stand_obs,process_01,10,7,108,True,True,True,False,False,False,False,-1,-1
stand_obs,process_01,10,8,108,True,True,True,True,False,False,False,493,-1
stand_obs,process_01,10,9,108,True,True,True,False,False,False,False,-1,-1
stand_obs,process_01,10,10,108,True,True,True,False,False,False,False,-1,-1
stand_obs,process_01,10,11,108,True,True,True,False,False,False,False,-1,-1
stand_obs,process_01,10,12,108,True,True,True,False,False,False,False,-1,-1
stand_obs,process_01,10,13,108,True,True,True,False,False,False,False,-1,-1
stand_obs,process_01,10,14,108,True,True,True,False,False,False,False,-1,-1
stand_obs,process_01,10,15,108,True,True,True,False,False,False,False,-1,-1
stand_obs,process_01,11,0,107,True,True,True,False,False,False,False,-1,-1
stand_obs,process_01,11,1,107,True,True,True,False,False,False,False,-1,-1
stand_obs,process_01,11,2,107,True,True,True,False,False,False,False,-1,-1
stand_obs,process_01,11,3,107,True,True,True,False,False,False,False,-1,-1
stand_obs,process_01,11,4,107,True,True,True,False,False,False,False,-1,-1
stand_obs,process_01,11,5,107,True,True,True,False,False,False,False,-1,-1
stand_obs,process_01,11,6,107,True,True,True,False,False,False,False,-1,-1
stand_obs,process_01,11,7,107,True,True,True,False,False,False,False,-1,-1
stand_obs,process_01,11,8,107,True,True,True,False,False,False,False,-1,-1
stand_obs,process_01,11,9,107,True,True,True,False,False,False,False,-1,-1
stand_obs,process_01,11,10,107,True,True,True,False,False,False,False,-1,-1
stand_obs,process_01,11,11,107,True,True,True,True,False,False,False,461,-1
stand_obs,process_01,11,12,107,True,True,True,False,False,False,False,-1,-1
stand_obs,process_01,11,13,107,True,True,True,False,False,False,False,-1,-1
stand_obs,process_01,11,14,107,True,True,True,False,False,False,False,-1,-1
stand_obs,process_01,11,15,107,True,True,True,False,False,False,False,-1,-1
stand_obs,process_01,12,0,151,True,True,True,False,False,False,False,-1,-1
stand_obs,process_01,12,1,151,True,True,True,False,False,False,False,-1,-1
stand_obs,process_01,12,2,151,True,True,True,False,False,False,False,-1,-1
stand_obs,process_01,12,3,151,True,True,True,False,False,False,False,-1,-1
stand_obs,process_01,12,4,151,True,True,True,False,False,False,False,-1,-1
stand_obs,process_01,12,5,151,True,True,True,False,False,False,False,-1,-1
stand_obs,process_01,12,6,151,True,True,True,False,False,False,False,-1,-1
stand_obs,process_01,12,7,151,True,True,True,False,False,False,False,-1,-1
stand_obs,process_01,12,8,151,True,True,True,False,False,False,False,-1,-1
stand_obs,process_01,12,9,151,True,True,True,False,False,False,False,-1,-1
stand_obs,process_01,12,10,151,True,True,True,False,False,False,False,-1,-1
stand_obs,process_01,12,11,151,True,True,True,False,False,False,False,-1,-1
stand_obs,process_01,12,12,151,True,True,True,False,False,False,False,-1,-1
stand_obs,process_01,12,13,151,True,True,True,False,False,False,False,-1,-1
stand_obs,process_01,12,14,151,True,True,True,False,False,False,False,-1,-1
stand_obs,process_01,12,15,151,True,True,True,False,False,False,False,-1,-1
stand_obs,process_01,13,0,178,True,True,True,False,False,False,False,-1,-1
stand_obs,process_01,13,1,178,True,True,True,False,False,False,False,-1,-1
stand_obs,process_01,13,2,178,True,True,True,False,False,False,False,-1,-1
stand_obs,process_01,13,3,178,True,True,True,False,False,False,False,-1,-1
stand_obs,process_01,13,4,178,True,True,True,False,False,False,False,-1,-1
stand_obs,process_01,13,5,178,True,True,True,False,False,False,False,-1,-1
stand_obs,process_01,13,6,178,True,True,True,False,False,False,False,-1,-1
stand_obs,process_01,13,7,178,True,True,True,True,False,False,False,452,-1
stand_obs,process_01,13,8,178,True,True,True,False,False,False,False,-1,-1
stand_obs,process_01,13,9,178,True,True,True,False,False,False,False,-1,-1
stand_obs,process_01,13,10,178,True,True,True,False,False,False,False,-1,-1
stand_obs,process_01,13,11,178,True,True,True,False,False,False,False,-1,-1
stand_obs,process_01,13,12,178,True,True,True,False,False,False,False,-1,-1
stand_obs,process_01,13,13,178,True,True,True,False,False,False,False,-1,-1
stand_obs,process_01,13,14,178,True,True,True,False,False,False,False,-1,-1
stand_obs,process_01,13,15,178,True,True,True,False,False,False,False,-1,-1
stand_obs,process_01,14,0,181,True,True,True,False,False,False,False,-1,-1
stand_obs,process_01,14,1,181,True,True,True,False,False,False,False,-1,-1
stand_obs,process_01,14,2,181,True,True,True,False,False,False,False,-1,-1
stand_obs,process_01,14,3,181,True,True,True,False,False,False,False,-1,-1
stand_obs,process_01,14,4,181,True,True,True,False,False,False,False,-1,-1
stand_obs,process_01,14,5,181,True,True,True,False,False,False,False,-1,-1
stand_obs,process_01,14,6,181,True,True,True,False,False,False,False,-1,-1
stand_obs,process_01,14,7,181,True,True,True,False,False,False,False,-1,-1
stand_obs,process_01,14,8,181,True,True,True,False,False,False,False,-1,-1
stand_obs,process_01,14,9,181,True,True,True,True,False,False,False,280,-1
stand_obs,process_01,14,10,181,True,True,True,False,False,False,False,-1,-1
stand_obs,process_01,14,11,181,True,True,True,True,False,False,False,260,-1
stand_obs,process_01,14,12,181,True,True,True,False,False,False,False,-1,-1
stand_obs,process_01,14,13,181,True,True,True,False,False,False,False,-1,-1
stand_obs,process_01,14,14,181,True,True,True,False,False,False,False,-1,-1
stand_obs,process_01,14,15,181,True,True,True,False,False,False,False,-1,-1
stand_obs,process_01,15,0,175,True,True,True,False,False,False,False,-1,-1
stand_obs,process_01,15,1,175,True,True,True,False,False,False,False,-1,-1
stand_obs,process_01,15,2,175,True,True,True,False,False,False,False,-1,-1
stand_obs,process_01,15,3,175,True,True,True,True,False,False,False,491,-1
stand_obs,process_01,15,4,175,True,True,True,True,False,False,False,331,-1
stand_obs,process_01,15,5,175,True,True,True,False,False,False,False,-1,-1
stand_obs,process_01,15,6,175,True,True,True,False,False,False,False,-1,-1
stand_obs,process_01,15,7,175,True,True,True,True,False,False,False,316,-1
stand_obs,process_01,15,8,175,True,True,True,False,False,False,False,-1,-1
stand_obs,process_01,15,9,175,True,True,True,False,False,False,False,-1,-1
stand_obs,process_01,15,10,175,True,True,True,False,False,False,False,-1,-1
stand_obs,process_01,15,11,175,True,True,True,False,False,False,False,-1,-1
stand_obs,process_01,15,12,175,True,True,True,False,False,False,False,-1,-1
stand_obs,process_01,15,13,175,True,True,True,True,False,False,False,476,-1
stand_obs,process_01,15,14,175,True,True,True,False,False,False,False,-1,-1
stand_obs,process_01,15,15,175,True,True,True,False,False,False,False,-1,-1
stand_obs,process_01,16,0,136,True,True,True,True,False,False,False,456,-1
stand_obs,process_01,16,1,136,True,True,True,False,False,False,False,-1,-1
stand_obs,process_01,16,2,136,True,True,True,True,False,False,False,307,-1
stand_obs,process_01,16,3,136,True,True,True,True,False,False,False,327,-1
stand_obs,process_01,16,4,136,True,True,True,False,False,False,False,-1,-1
stand_obs,process_01,16,5,136,True,True,True,True,False,False,False,231,-1
stand_obs,process_01,16,6,136,True,True,True,True,False,False,False,302,-1
stand_obs,process_01,16,7,136,True,True,True,False,False,False,False,-1,-1
stand_obs,process_01,16,8,136,True,True,True,False,False,False,False,-1,-1
stand_obs,process_01,16,9,136,True,True,True,False,False,False,False,-1,-1
stand_obs,process_01,16,10,136,True,True,True,False,False,False,False,-1,-1
stand_obs,process_01,16,11,136,True,True,True,False,False,False,False,-1,-1
stand_obs,process_01,16,12,136,True,True,True,False,False,False,False,-1,-1
stand_obs,process_01,16,13,136,True,True,True,False,False,False,False,-1,-1
stand_obs,process_01,16,14,136,True,True,True,False,False,False,False,-1,-1
stand_obs,process_01,16,15,136,True,True,True,False,False,False,False,-1,-1
stand_obs,process_01,17,0,115,True,True,True,False,False,False,False,-1,-1
stand_obs,process_01,17,1,115,True,True,True,False,False,False,False,-1,-1
stand_obs,process_01,17,2,115,True,True,True,False,False,False,False,-1,-1
stand_obs,process_01,17,3,115,True,True,True,False,False,False,False,-1,-1
stand_obs,process_01,17,4,115,True,True,True,False,False,False,False,-1,-1
stand_obs,process_01,17,5,115,True,True,True,False,False,False,False,-1,-1
stand_obs,process_01,17,6,115,True,True,True,False,False,False,False,-1,-1
stand_obs,process_01,17,7,115,True,True,True,False,False,False,False,-1,-1
stand_obs,process_01,17,8,115,True,True,True,False,False,False,False,-1,-1
stand_obs,process_01,17,9,115,True,True,True,False,False,False,False,-1,-1
stand_obs,process_01,17,10,115,True,True,True,True,False,False,False,349,-1
stand_obs,process_01,17,11,115,True,True,True,False,False,False,False,-1,-1
stand_obs,process_01,17,12,115,True,True,True,False,False,False,False,-1,-1
stand_obs,process_01,17,13,115,True,True,True,False,False,False,False,-1,-1
stand_obs,process_01,17,14,115,True,True,True,False,False,False,False,-1,-1
stand_obs,process_01,17,15,115,True,True,True,False,False,False,False,-1,-1
stand_obs,process_01,18,0,130,True,True,True,False,False,False,False,-1,-1
stand_obs,process_01,18,1,130,True,True,True,False,False,False,False,-1,-1
stand_obs,process_01,18,2,130,True,True,True,False,False,False,False,-1,-1
stand_obs,process_01,18,3,130,True,True,True,False,False,False,False,-1,-1
stand_obs,process_01,18,4,130,True,True,True,False,False,False,False,-1,-1
stand_obs,process_01,18,5,130,True,True,True,False,False,False,False,-1,-1
stand_obs,process_01,18,6,130,True,True,True,False,False,False,False,-1,-1
stand_obs,process_01,18,7,130,True,True,True,False,False,False,False,-1,-1
stand_obs,process_01,18,8,130,True,True,True,False,False,False,False,-1,-1
stand_obs,process_01,18,9,130,True,True,True,False,False,False,False,-1,-1
stand_obs,process_01,18,10,130,True,True,True,False,False,False,False,-1,-1
stand_obs,process_01,18,11,130,True,True,True,False,False,False,False,-1,-1
stand_obs,process_01,18,12,130,True,True,True,False,False,False,False,-1,-1
stand_obs,process_01,18,13,130,True,True,True,False,False,False,False,-1,-1
stand_obs,process_01,18,14,130,True,True,True,False,False,False,False,-1,-1
stand_obs,process_01,18,15,130,True,True,True,False,False,False,False,-1,-1
stand_obs,process_01,19,0,129,True,True,True,False,False,False,False,-1,-1
stand_obs,process_01,19,1,129,True,True,True,True,False,False,False,468,-1
stand_obs,process_01,19,2,129,True,True,True,False,False,False,False,-1,-1
stand_obs,process_01,19,3,129,True,True,True,False,False,False,False,-1,-1
stand_obs,process_01,19,4,129,True,True,True,True,False,False,False,290,-1
stand_obs,process_01,19,5,129,True,True,True,False,False,False,False,-1,-1
stand_obs,process_01,19,6,129,True,True,True,False,False,False,False,-1,-1
stand_obs,process_01,19,7,129,True,True,True,False,False,False,False,-1,-1
stand_obs,process_01,19,8,129,True,True,True,False,False,False,False,-1,-1
stand_obs,process_01,19,9,129,True,True,True,True,False,False,False,429,-1
stand_obs,process_01,19,10,129,True,True,True,False,False,False,False,-1,-1
stand_obs,process_01,19,11,129,True,True,True,False,False,False,False,-1,-1
stand_obs,process_01,19,12,129,True,True,True,False,False,False,False,-1,-1
stand_obs,process_01,19,13,129,True,True,True,False,False,False,False,-1,-1
stand_obs,process_01,19,14,129,True,True,True,False,False,False,False,-1,-1
stand_obs,process_01,19,15,129,True,True,True,False,False,False,False,-1,-1
stand_obs,process_01,20,0,184,True,True,True,False,False,False,False,-1,-1
stand_obs,process_01,20,1,184,True,True,True,False,False,False,False,-1,-1
stand_obs,process_01,20,2,184,True,True,True,False,False,False,False,-1,-1
stand_obs,process_01,20,3,184,True,True,True,False,False,False,False,-1,-1
stand_obs,process_01,20,4,184,True,True,True,False,False,False,False,-1,-1
stand_obs,process_01,20,5,184,True,True,True,False,False,False,False,-1,-1
stand_obs,process_01,20,6,184,True,True,True,False,False,False,False,-1,-1
stand_obs,process_01,20,7,184,True,True,True,False,False,False,False,-1,-1
stand_obs,process_01,20,8,184,True,True,True,False,False,False,False,-1,-1
stand_obs,process_01,20,9,184,True,True,True,False,False,False,False,-1,-1
stand_obs,process_01,20,10,184,True,True,True,False,False,False,False,-1,-1
stand_obs,process_01,20,11,184,True,True,True,False,False,False,False,-1,-1
stand_obs,process_01,20,12,184,True,True,True,False,False,False,False,-1,-1
stand_obs,process_01,20,13,184,True,True,True,False,False,False,False,-1,-1
stand_obs,process_01,20,14,184,True,True,True,False,False,False,False,-1,-1
stand_obs,process_01,20,15,184,True,True,True,False,False,False,False,-1,-1
stand_obs,process_01,21,0,134,True,True,True,False,False,False,False,-1,-1
stand_obs,process_01,21,1,134,True,True,True,False,False,False,False,-1,-1
stand_obs,process_01,21,2,134,True,True,True,False,False,False,False,-1,-1
stand_obs,process_01,21,3,134,True,True,True,False,False,False,False,-1,-1
stand_obs,process_01,21,4,134,True,True,True,False,False,False,False,-1,-1
stand_obs,process_01,21,5,134,True,True,True,False,False,False,False,-1,-1
stand_obs,process_01,21,6,134,True,True,True,False,False,False,False,-1,-1
stand_obs,process_01,21,7,134,True,True,True,False,False,False,False,-1,-1
stand_obs,process_01,21,8,134,True,True,True,False,False,False,False,-1,-1
stand_obs,process_01,21,9,134,True,True,True,False,False,False,False,-1,-1
stand_obs,process_01,21,10,134,True,True,True,False,False,False,False,-1,-1
stand_obs,process_01,21,11,134,True,True,True,False,False,False,False,-1,-1
stand_obs,process_01,21,12,134,True,True,True,False,False,False,False,-1,-1
stand_obs,process_01,21,13,134,True,True,True,False,False,False,False,-1,-1
stand_obs,process_01,21,14,134,True,True,True,False,False,False,False,-1,-1
stand_obs,process_01,21,15,134,True,True,True,False,False,False,False,-1,-1
stand_obs,process_01,22,0,141,True,True,True,False,False,False,False,-1,-1
stand_obs,process_01,22,1,141,True,True,True,False,False,False,False,-1,-1
stand_obs,process_01,22,2,141,True,True,True,False,False,False,False,-1,-1
stand_obs,process_01,22,3,141,True,True,True,False,False,False,False,-1,-1
stand_obs,process_01,22,4,141,True,True,True,False,False,False,False,-1,-1
stand_obs,process_01,22,5,141,True,True,True,False,False,False,False,-1,-1
stand_obs,process_01,22,6,141,True,True,True,False,False,False,False,-1,-1
stand_obs,process_01,22,7,141,True,True,True,False,False,False,False,-1,-1
stand_obs,process_01,22,8,141,True,True,True,False,False,False,False,-1,-1
stand_obs,process_01,22,9,141,True,True,True,False,False,False,False,-1,-1
stand_obs,process_01,22,10,141,True,True,True,False,False,False,False,-1,-1
stand_obs,process_01,22,11,141,True,True,True,False,False,False,False,-1,-1
stand_obs,process_01,22,12,141,True,True,True,False,False,False,False,-1,-1
stand_obs,process_01,22,13,141,True,True,True,False,False,False,False,-1,-1
stand_obs,process_01,22,14,141,True,True,True,False,False,False,False,-1,-1
stand_obs,process_01,22,15,141,True,True,True,False,False,False,False,-1,-1
stand_obs,process_01,23,0,175,True,True,True,False,False,False,False,-1,-1
stand_obs,process_01,23,1,175,True,True,True,False,False,False,False,-1,-1
stand_obs,process_01,23,2,175,True,True,True,True,False,False,False,325,-1
stand_obs,process_01,23,3,175,True,True,True,False,False,False,False,-1,-1
stand_obs,process_01,23,4,175,True,True,True,False,False,False,False,-1,-1
stand_obs,process_01,23,5,175,True,True,True,False,False,False,False,-1,-1
stand_obs,process_01,23,6,175,True,True,True,False,False,False,False,-1,-1
stand_obs,process_01,23,7,175,True,True,True,False,False,False,False,-1,-1
stand_obs,process_01,23,8,175,True,True,True,False,False,False,False,-1,-1
stand_obs,process_01,23,9,175,True,True,True,False,False,False,False,-1,-1
stand_obs,process_01,23,10,175,True,True,True,False,False,False,False,-1,-1
stand_obs,process_01,23,11,175,True,True,True,False,False,False,False,-1,-1
stand_obs,process_01,23,12,175,True,True,True,False,False,False,False,-1,-1
stand_obs,process_01,23,13,175,True,True,True,False,False,False,False,-1,-1
stand_obs,process_01,23,14,175,True,True,True,False,False,False,False,-1,-1
stand_obs,process_01,23,15,175,True,True,True,False,False,False,False,-1,-1
stand_obs,process_01,24,0,129,True,True,True,False,False,False,False,-1,-1
stand_obs,process_01,24,1,129,True,True,True,False,False,False,False,-1,-1
stand_obs,process_01,24,2,129,True,True,True,False,False,False,False,-1,-1
stand_obs,process_01,24,3,129,True,True,True,False,False,False,False,-1,-1
stand_obs,process_01,24,4,129,True,True,True,False,False,False,False,-1,-1
stand_obs,process_01,24,5,129,True,True,True,False,False,False,False,-1,-1
stand_obs,process_01,24,6,129,True,True,True,False,False,False,False,-1,-1
stand_obs,process_01,24,7,129,True,True,True,False,False,False,False,-1,-1
stand_obs,process_01,24,8,129,True,True,True,False,False,False,False,-1,-1
stand_obs,process_01,24,9,129,True,True,True,False,False,False,False,-1,-1
stand_obs,process_01,24,10,129,True,True,True,False,False,False,False,-1,-1
stand_obs,process_01,24,11,129,True,True,True,False,False,False,False,-1,-1
stand_obs,process_01,24,12,129,True,True,True,False,False,False,False,-1,-1
stand_obs,process_01,24,13,129,True,True,True,False,False,False,False,-1,-1
stand_obs,process_01,24,14,129,True,True,True,False,False,False,False,-1,-1
stand_obs,process_01,24,15,129,True,True,True,True,False,False,False,394,-1
stand_obs,process_01,25,0,164,True,True,True,False,False,False,False,-1,-1
stand_obs,process_01,25,1,164,True,True,True,False,False,False,False,-1,-1
stand_obs,process_01,25,2,164,True,True,True,False,False,False,False,-1,-1
stand_obs,process_01,25,3,164,True,True,True,False,False,False,False,-1,-1
stand_obs,process_01,25,4,164,True,True,True,False,False,False,False,-1,-1
stand_obs,process_01,25,5,164,True,True,True,False,False,False,False,-1,-1
stand_obs,process_01,25,6,164,True,True,True,False,False,False,False,-1,-1
stand_obs,process_01,25,7,164,True,True,True,False,False,False,False,-1,-1
stand_obs,process_01,25,8,164,True,True,True,False,False,False,False,-1,-1
stand_obs,process_01,25,9,164,True,True,True,False,False,False,False,-1,-1
stand_obs,process_01,25,10,164,True,True,True,False,False,False,False,-1,-1
stand_obs,process_01,25,11,164,True,True,True,True,False,False,False,253,-1
stand_obs,process_01,25,12,164,True,True,True,False,False,False,False,-1,-1
stand_obs,process_01,25,13,164,True,True,True,False,False,False,False,-1,-1
stand_obs,process_01,25,14,164,True,True,True,False,False,False,False,-1,-1
stand_obs,process_01,25,15,164,True,True,True,False,False,False,False,-1,-1
stand_obs,process_01,26,0,144,True,True,True,False,False,False,False,-1,-1
stand_obs,process_01,26,1,144,True,True,True,False,False,False,False,-1,-1
stand_obs,process_01,26,2,144,True,True,True,False,False,False,False,-1,-1
stand_obs,process_01,26,3,144,True,True,True,False,False,False,False,-1,-1
stand_obs,process_01,26,4,144,True,True,True,False,False,False,False,-1,-1
stand_obs,process_01,26,5,144,True,True,True,False,False,False,False,-1,-1
stand_obs,process_01,26,6,144,True,True,True,False,False,False,False,-1,-1
stand_obs,process_01,26,7,144,True,True,True,False,False,False,False,-1,-1
stand_obs,process_01,26,8,144,True,True,True,False,False,False,False,-1,-1
stand_obs,process_01,26,9,144,True,True,True,False,False,False,False,-1,-1
stand_obs,process_01,26,10,144,True,True,True,False,False,False,False,-1,-1
stand_obs,process_01,26,11,144,True,True,True,False,False,False,False,-1,-1
stand_obs,process_01,26,12,144,True,True,True,False,False,False,False,-1,-1
stand_obs,process_01,26,13,144,True,True,True,False,False,False,False,-1,-1
stand_obs,process_01,26,14,144,True,True,True,False,False,False,False,-1,-1
stand_obs,process_01,26,15,144,True,True,True,False,False,False,False,-1,-1
stand_obs,process_01,27,0,146,True,True,True,False,False,False,False,-1,-1
stand_obs,process_01,27,1,146,True,True,True,False,False,False,False,-1,-1
stand_obs,process_01,27,2,146,True,True,True,False,False,False,False,-1,-1
stand_obs,process_01,27,3,146,True,True,True,False,False,False,False,-1,-1
stand_obs,process_01,27,4,146,True,True,True,False,False,False,False,-1,-1
stand_obs,process_01,27,5,146,True,True,True,False,False,False,False,-1,-1
stand_obs,process_01,27,6,146,True,True,True,False,False,False,False,-1,-1
stand_obs,process_01,27,7,146,True,True,True,False,False,False,False,-1,-1
stand_obs,process_01,27,8,146,True,True,True,False,False,False,False,-1,-1
stand_obs,process_01,27,9,146,True,True,True,False,False,False,False,-1,-1
stand_obs,process_01,27,10,146,True,True,True,False,False,False,False,-1,-1
stand_obs,process_01,27,11,146,True,True,True,False,False,False,False,-1,-1
stand_obs,process_01,27,12,146,True,True,True,False,False,False,False,-1,-1
stand_obs,process_01,27,13,146,True,True,True,False,False,False,False,-1,-1
stand_obs,process_01,27,14,146,True,True,True,False,False,False,False,-1,-1
stand_obs,process_01,27,15,146,True,True,False,False,False,True,True,110,110
stand_obs,process_01,28,0,159,True,True,True,False,False,False,False,-1,-1
stand_obs,process_01,28,1,159,True,True,True,False,False,False,False,-1,-1
stand_obs,process_01,28,2,159,True,True,True,False,False,False,False,-1,-1
stand_obs,process_01,28,3,159,True,True,True,False,False,False,False,-1,-1
stand_obs,process_01,28,4,159,True,True,True,False,False,False,False,-1,-1
stand_obs,process_01,28,5,159,True,True,True,False,False,False,False,-1,-1
stand_obs,process_01,28,6,159,True,True,True,False,False,False,False,-1,-1
stand_obs,process_01,28,7,159,True,True,True,True,False,False,False,244,-1
stand_obs,process_01,28,8,159,True,True,True,False,False,False,False,-1,-1
stand_obs,process_01,28,9,159,True,True,True,False,False,False,False,-1,-1
stand_obs,process_01,28,10,159,True,True,True,False,False,False,False,-1,-1
stand_obs,process_01,28,11,159,True,True,True,False,False,False,False,-1,-1
stand_obs,process_01,28,12,159,True,True,True,False,False,False,False,-1,-1
stand_obs,process_01,28,13,159,True,True,True,False,False,False,False,-1,-1
stand_obs,process_01,28,14,159,True,True,True,False,False,False,False,-1,-1
stand_obs,process_01,28,15,159,True,True,True,False,False,False,False,-1,-1
stand_obs,process_01,29,0,178,True,True,True,False,False,False,False,-1,-1
stand_obs,process_01,29,1,178,True,True,True,False,False,False,False,-1,-1
stand_obs,process_01,29,2,178,True,True,True,True,False,False,False,293,-1
stand_obs,process_01,29,3,178,True,True,True,False,False,False,False,-1,-1
stand_obs,process_01,29,4,178,True,True,True,False,False,False,False,-1,-1
stand_obs,process_01,29,5,178,True,True,True,False,False,False,False,-1,-1
stand_obs,process_01,29,6,178,True,True,True,False,False,False,False,-1,-1
stand_obs,process_01,29,7,178,True,True,True,False,False,False,False,-1,-1
stand_obs,process_01,29,8,178,True,True,True,False,False,False,False,-1,-1
stand_obs,process_01,29,9,178,True,True,True,False,False,False,False,-1,-1
stand_obs,process_01,29,10,178,True,True,True,False,False,False,False,-1,-1
stand_obs,process_01,29,11,178,True,True,True,False,False,False,False,-1,-1
stand_obs,process_01,29,12,178,True,True,True,False,False,False,False,-1,-1
stand_obs,process_01,29,13,178,True,True,True,False,False,False,False,-1,-1
stand_obs,process_01,29,14,178,True,True,True,False,False,False,False,-1,-1
stand_obs,process_01,29,15,178,True,True,True,False,False,False,False,-1,-1
stand_obs,process_01,30,0,120,True,True,True,False,False,False,False,-1,-1
stand_obs,process_01,30,1,120,True,True,True,False,False,False,False,-1,-1
stand_obs,process_01,30,2,120,True,True,True,False,False,False,False,-1,-1
stand_obs,process_01,30,3,120,True,True,True,False,False,False,False,-1,-1
stand_obs,process_01,30,4,120,True,True,True,False,False,False,False,-1,-1
stand_obs,process_01,30,5,120,True,True,True,False,False,False,False,-1,-1
stand_obs,process_01,30,6,120,True,True,True,False,False,False,False,-1,-1
stand_obs,process_01,30,7,120,True,True,True,True,False,False,False,206,-1
stand_obs,process_01,30,8,120,True,True,True,False,False,False,False,-1,-1
stand_obs,process_01,30,9,120,True,True,True,False,False,False,False,-1,-1
stand_obs,process_01,30,10,120,True,True,True,False,False,False,False,-1,-1
stand_obs,process_01,30,11,120,True,True,True,False,False,False,False,-1,-1
stand_obs,process_01,30,12,120,True,True,True,False,False,False,False,-1,-1
stand_obs,process_01,30,13,120,True,True,True,False,False,False,False,-1,-1
stand_obs,process_01,30,14,120,True,True,True,False,False,False,False,-1,-1
stand_obs,process_01,30,15,120,True,True,True,False,False,False,False,-1,-1
stand_obs,process_01,31,0,163,True,True,True,False,False,False,False,-1,-1
stand_obs,process_01,31,1,163,True,True,True,False,False,False,False,-1,-1
stand_obs,process_01,31,2,163,True,True,True,False,False,False,False,-1,-1
stand_obs,process_01,31,3,163,True,True,True,True,False,False,False,269,-1
stand_obs,process_01,31,4,163,True,True,True,False,False,False,False,-1,-1
stand_obs,process_01,31,5,163,True,True,True,False,False,False,False,-1,-1
stand_obs,process_01,31,6,163,True,True,True,False,False,False,False,-1,-1
stand_obs,process_01,31,7,163,True,True,True,False,False,False,False,-1,-1
stand_obs,process_01,31,8,163,True,True,True,False,False,False,False,-1,-1
stand_obs,process_01,31,9,163,True,True,True,False,False,False,False,-1,-1
stand_obs,process_01,31,10,163,True,True,True,False,False,False,False,-1,-1
stand_obs,process_01,31,11,163,True,True,True,False,False,False,False,-1,-1
stand_obs,process_01,31,12,163,True,True,True,False,False,False,False,-1,-1
stand_obs,process_01,31,13,163,True,True,True,False,False,False,False,-1,-1
stand_obs,process_01,31,14,163,True,True,True,False,False,False,False,-1,-1
stand_obs,process_01,31,15,163,True,True,True,False,False,False,False,-1,-1
stand_obs,process_01,32,0,162,False,True,False,False,False,False,False,-1,-1
stand_obs,process_01,32,1,162,False,True,False,False,False,False,False,-1,-1
stand_obs,process_01,32,2,162,False,True,False,False,False,False,False,-1,-1
stand_obs,process_01,32,3,162,False,True,False,False,False,False,False,-1,-1
stand_obs,process_01,32,4,162,False,True,False,False,False,False,False,-1,-1
stand_obs,process_01,32,5,162,False,True,False,False,False,False,False,-1,-1
stand_obs,process_01,32,6,162,False,True,False,False,False,False,False,-1,-1
stand_obs,process_01,32,7,162,False,True,False,False,False,False,False,-1,-1
stand_obs,process_01,32,8,162,False,True,False,False,False,False,False,-1,-1
stand_obs,process_01,32,9,162,False,True,False,False,False,False,False,-1,-1
stand_obs,process_01,32,10,162,False,True,False,False,False,False,False,-1,-1
stand_obs,process_01,32,11,162,False,True,False,False,False,False,False,-1,-1
stand_obs,process_01,32,12,162,False,True,False,False,False,False,False,-1,-1
stand_obs,process_01,32,13,162,False,True,False,False,False,False,False,-1,-1
stand_obs,process_01,32,14,162,False,True,False,False,False,False,False,-1,-1
stand_obs,process_01,32,15,162,False,True,False,False,False,False,False,-1,-1
stand_obs,process_01,33,0,189,False,False,False,False,False,False,False,-1,-1
stand_obs,process_01,33,1,189,False,False,False,False,False,False,False,-1,-1
stand_obs,process_01,33,2,189,False,False,False,False,False,False,False,-1,-1
stand_obs,process_01,33,3,189,False,False,False,False,False,False,False,-1,-1
stand_obs,process_01,33,4,189,False,False,False,False,False,False,False,-1,-1
stand_obs,process_01,33,5,189,False,False,False,False,False,False,False,-1,-1
stand_obs,process_01,33,6,189,False,False,False,False,False,False,False,-1,-1
stand_obs,process_01,33,7,189,False,False,False,False,False,False,False,-1,-1
stand_obs,process_01,33,8,189,False,False,False,False,False,False,False,-1,-1
stand_obs,process_01,33,9,189,False,False,False,False,False,False,False,-1,-1
stand_obs,process_01,33,10,189,False,False,False,False,False,False,False,-1,-1
stand_obs,process_01,33,11,189,False,False,False,False,False,False,False,-1,-1
stand_obs,process_01,33,12,189,False,False,False,False,False,False,False,-1,-1
stand_obs,process_01,33,13,189,False,False,False,False,False,False,False,-1,-1
stand_obs,process_01,33,14,189,False,False,False,False,False,False,False,-1,-1
stand_obs,process_01,33,15,189,False,False,False,False,False,False,False,-1,-1
stand_obs,process_01,34,0,159,False,True,False,False,False,False,False,-1,-1
stand_obs,process_01,34,1,159,False,True,False,False,False,False,False,-1,-1
stand_obs,process_01,34,2,159,False,True,False,False,False,False,False,-1,-1
stand_obs,process_01,34,3,159,False,True,False,False,False,False,False,-1,-1
stand_obs,process_01,34,4,159,False,True,False,False,False,False,False,-1,-1
stand_obs,process_01,34,5,159,False,True,False,False,False,False,False,-1,-1
stand_obs,process_01,34,6,159,False,True,False,False,False,False,False,-1,-1
stand_obs,process_01,34,7,159,False,True,False,False,False,False,False,-1,-1
stand_obs,process_01,34,8,159,False,True,False,False,False,False,False,-1,-1
stand_obs,process_01,34,9,159,False,True,False,False,False,False,False,-1,-1
stand_obs,process_01,34,10,159,False,True,False,False,False,False,False,-1,-1
stand_obs,process_01,34,11,159,False,True,False,False,False,False,False,-1,-1
stand_obs,process_01,34,12,159,False,True,False,False,False,False,False,-1,-1
stand_obs,process_01,34,13,159,False,True,False,False,False,False,False,-1,-1
stand_obs,process_01,34,14,159,False,True,False,False,False,False,False,-1,-1
stand_obs,process_01,34,15,159,False,True,False,False,False,False,False,-1,-1
stand_obs,process_01,35,0,141,False,True,False,False,False,False,False,-1,-1
stand_obs,process_01,35,1,141,False,True,False,False,False,False,False,-1,-1
stand_obs,process_01,35,2,141,False,True,False,False,False,False,False,-1,-1
stand_obs,process_01,35,3,141,False,True,False,False,False,False,False,-1,-1
stand_obs,process_01,35,4,141,False,True,False,False,False,False,False,-1,-1
stand_obs,process_01,35,5,141,False,True,False,False,False,False,False,-1,-1
stand_obs,process_01,35,6,141,False,True,False,False,False,False,False,-1,-1
stand_obs,process_01,35,7,141,False,True,False,False,False,False,False,-1,-1
stand_obs,process_01,35,8,141,False,True,False,False,False,False,False,-1,-1
stand_obs,process_01,35,9,141,False,True,False,False,False,False,False,-1,-1
stand_obs,process_01,35,10,141,False,True,False,False,False,False,False,-1,-1
stand_obs,process_01,35,11,141,False,True,False,False,False,False,False,-1,-1
stand_obs,process_01,35,12,141,False,True,False,False,False,False,False,-1,-1
stand_obs,process_01,35,13,141,False,True,False,False,False,False,False,-1,-1
stand_obs,process_01,35,14,141,False,True,False,False,False,False,False,-1,-1
stand_obs,process_01,35,15,141,False,True,False,False,False,False,False,-1,-1
stand_obs,process_01,36,0,136,False,True,False,False,False,False,False,-1,-1
stand_obs,process_01,36,1,136,False,True,False,False,False,False,False,-1,-1
stand_obs,process_01,36,2,136,False,True,False,False,False,False,False,-1,-1
stand_obs,process_01,36,3,136,False,True,False,False,False,False,False,-1,-1
stand_obs,process_01,36,4,136,False,True,False,False,False,False,False,-1,-1
stand_obs,process_01,36,5,136,False,True,False,False,False,False,False,-1,-1
stand_obs,process_01,36,6,136,False,True,False,False,False,False,False,-1,-1
stand_obs,process_01,36,7,136,False,True,False,False,False,False,False,-1,-1
stand_obs,process_01,36,8,136,False,True,False,False,False,False,False,-1,-1
stand_obs,process_01,36,9,136,False,True,False,False,False,False,False,-1,-1
stand_obs,process_01,36,10,136,False,True,False,False,False,False,False,-1,-1
stand_obs,process_01,36,11,136,False,True,False,False,False,False,False,-1,-1
stand_obs,process_01,36,12,136,False,True,False,False,False,False,False,-1,-1
stand_obs,process_01,36,13,136,False,True,False,False,False,False,False,-1,-1
stand_obs,process_01,36,14,136,False,True,False,False,False,False,False,-1,-1
stand_obs,process_01,36,15,136,False,True,False,False,False,False,False,-1,-1
stand_obs,process_01,37,0,186,False,True,False,False,False,False,False,-1,-1
stand_obs,process_01,37,1,186,False,True,False,False,False,False,False,-1,-1
stand_obs,process_01,37,2,186,False,True,False,False,False,False,False,-1,-1
stand_obs,process_01,37,3,186,False,True,False,False,False,False,False,-1,-1
stand_obs,process_01,37,4,186,False,True,False,False,False,False,False,-1,-1
stand_obs,process_01,37,5,186,False,True,False,False,False,False,False,-1,-1
stand_obs,process_01,37,6,186,False,True,False,False,False,False,False,-1,-1
stand_obs,process_01,37,7,186,False,True,False,False,False,False,False,-1,-1
stand_obs,process_01,37,8,186,False,True,False,False,False,False,False,-1,-1
stand_obs,process_01,37,9,186,False,True,False,False,False,False,False,-1,-1
stand_obs,process_01,37,10,186,False,True,False,False,False,False,False,-1,-1
stand_obs,process_01,37,11,186,False,True,False,False,False,False,False,-1,-1
stand_obs,process_01,37,12,186,False,True,False,False,False,False,False,-1,-1
stand_obs,process_01,37,13,186,False,True,False,False,False,False,False,-1,-1
stand_obs,process_01,37,14,186,False,True,False,False,False,False,False,-1,-1
stand_obs,process_01,37,15,186,False,True,False,False,False,False,False,-1,-1
stand_obs,process_01,38,0,184,False,True,False,False,False,False,False,-1,-1
stand_obs,process_01,38,1,184,False,True,False,False,False,False,False,-1,-1
stand_obs,process_01,38,2,184,False,True,False,False,False,False,False,-1,-1
stand_obs,process_01,38,3,184,False,True,False,False,False,False,False,-1,-1
stand_obs,process_01,38,4,184,False,True,False,False,False,False,False,-1,-1
stand_obs,process_01,38,5,184,False,True,False,False,False,False,False,-1,-1
stand_obs,process_01,38,6,184,False,True,False,False,False,False,False,-1,-1
stand_obs,process_01,38,7,184,False,True,False,False,False,False,False,-1,-1
stand_obs,process_01,38,8,184,False,True,False,False,False,False,False,-1,-1
stand_obs,process_01,38,9,184,False,True,False,False,False,False,False,-1,-1
stand_obs,process_01,38,10,184,False,True,False,False,False,False,False,-1,-1
stand_obs,process_01,38,11,184,False,True,False,False,False,False,False,-1,-1
stand_obs,process_01,38,12,184,False,True,False,False,False,False,False,-1,-1
stand_obs,process_01,38,13,184,False,True,False,False,False,False,False,-1,-1
stand_obs,process_01,38,14,184,False,True,False,False,False,False,False,-1,-1
stand_obs,process_01,38,15,184,False,True,False,False,False,False,False,-1,-1
stand_obs,process_01,39,0,110,False,True,False,True,True,False,False,233,232
stand_obs,process_01,39,1,110,False,True,False,False,False,False,False,-1,-1
stand_obs,process_01,39,2,110,False,True,False,False,False,False,False,-1,-1
stand_obs,process_01,39,3,110,False,True,False,False,False,False,False,-1,-1
stand_obs,process_01,39,4,110,False,True,False,False,False,False,False,-1,-1
stand_obs,process_01,39,5,110,False,True,False,False,False,False,False,-1,-1
stand_obs,process_01,39,6,110,False,True,False,False,False,False,False,-1,-1
stand_obs,process_01,39,7,110,False,True,False,False,False,False,False,-1,-1
stand_obs,process_01,39,8,110,False,True,False,False,False,False,False,-1,-1
stand_obs,process_01,39,9,110,False,True,False,False,False,False,False,-1,-1
stand_obs,process_01,39,10,110,False,True,False,False,False,False,False,-1,-1
stand_obs,process_01,39,11,110,False,True,False,False,False,False,False,-1,-1
stand_obs,process_01,39,12,110,False,True,False,False,False,False,False,-1,-1
stand_obs,process_01,39,13,110,False,True,False,False,False,False,False,-1,-1
stand_obs,process_01,39,14,110,False,True,False,False,False,False,False,-1,-1
stand_obs,process_01,39,15,110,False,True,False,False,False,False,False,-1,-1
stand_obs,process_01,40,0,142,False,True,False,False,False,False,False,-1,-1
stand_obs,process_01,40,1,142,False,True,False,False,False,False,False,-1,-1
stand_obs,process_01,40,2,142,False,True,False,False,False,False,False,-1,-1
stand_obs,process_01,40,3,142,False,True,False,False,False,False,False,-1,-1
stand_obs,process_01,40,4,142,False,True,False,False,False,False,False,-1,-1
stand_obs,process_01,40,5,142,False,True,False,False,False,False,False,-1,-1
stand_obs,process_01,40,6,142,False,True,False,False,False,False,False,-1,-1
stand_obs,process_01,40,7,142,False,True,False,False,False,False,False,-1,-1
stand_obs,process_01,40,8,142,False,True,False,False,False,False,False,-1,-1
stand_obs,process_01,40,9,142,False,True,False,False,False,False,False,-1,-1
stand_obs,process_01,40,10,142,False,True,False,False,False,False,False,-1,-1
stand_obs,process_01,40,11,142,False,True,False,False,False,False,False,-1,-1
stand_obs,process_01,40,12,142,False,True,False,False,False,False,False,-1,-1
stand_obs,process_01,40,13,142,False,True,False,False,False,False,False,-1,-1
stand_obs,process_01,40,14,142,False,True,False,False,False,False,False,-1,-1
stand_obs,process_01,40,15,142,False,True,False,False,False,False,False,-1,-1
stand_obs,process_01,41,0,100,False,True,False,False,False,False,False,-1,-1
stand_obs,process_01,41,1,100,False,True,False,False,False,False,False,-1,-1
stand_obs,process_01,41,2,100,False,True,False,False,False,False,False,-1,-1
stand_obs,process_01,41,3,100,False,True,False,False,False,False,False,-1,-1
stand_obs,process_01,41,4,100,False,True,False,False,False,False,False,-1,-1
stand_obs,process_01,41,5,100,False,True,False,False,False,False,False,-1,-1
stand_obs,process_01,41,6,100,False,True,False,False,False,False,False,-1,-1
stand_obs,process_01,41,7,100,False,True,False,False,False,False,False,-1,-1
stand_obs,process_01,41,8,100,False,True,False,False,False,False,False,-1,-1
stand_obs,process_01,41,9,100,False,True,False,False,False,False,False,-1,-1
stand_obs,process_01,41,10,100,False,True,False,False,False,False,False,-1,-1
stand_obs,process_01,41,11,100,False,True,False,False,False,False,False,-1,-1
stand_obs,process_01,41,12,100,False,True,False,False,False,False,False,-1,-1
stand_obs,process_01,41,13,100,False,True,False,False,False,False,False,-1,-1
stand_obs,process_01,41,14,100,False,True,False,False,False,False,False,-1,-1
stand_obs,process_01,41,15,100,False,True,False,False,False,False,False,-1,-1
stand_obs,process_01,42,0,170,False,True,False,False,False,False,False,-1,-1
stand_obs,process_01,42,1,170,False,True,False,False,False,False,False,-1,-1
stand_obs,process_01,42,2,170,False,True,False,False,False,False,False,-1,-1
stand_obs,process_01,42,3,170,False,True,False,False,False,False,False,-1,-1
stand_obs,process_01,42,4,170,False,True,False,False,False,False,False,-1,-1
stand_obs,process_01,42,5,170,False,True,False,False,False,False,False,-1,-1
stand_obs,process_01,42,6,170,False,True,False,False,False,False,False,-1,-1
stand_obs,process_01,42,7,170,False,True,False,False,False,False,False,-1,-1
stand_obs,process_01,42,8,170,False,True,False,False,False,False,False,-1,-1
stand_obs,process_01,42,9,170,False,True,False,False,False,False,False,-1,-1
stand_obs,process_01,42,10,170,False,True,False,False,False,False,False,-1,-1
stand_obs,process_01,42,11,170,False,True,False,False,False,False,False,-1,-1
stand_obs,process_01,42,12,170,False,True,False,False,False,False,False,-1,-1
stand_obs,process_01,42,13,170,False,True,False,False,False,False,False,-1,-1
stand_obs,process_01,42,14,170,False,True,False,False,False,False,False,-1,-1
stand_obs,process_01,42,15,170,False,True,False,False,False,False,False,-1,-1
stand_obs,process_01,43,0,180,False,True,False,False,False,False,False,-1,-1
stand_obs,process_01,43,1,180,False,True,False,False,False,False,False,-1,-1
stand_obs,process_01,43,2,180,False,True,False,False,False,False,False,-1,-1
stand_obs,process_01,43,3,180,False,True,False,False,False,False,False,-1,-1
stand_obs,process_01,43,4,180,False,True,False,False,False,False,False,-1,-1
stand_obs,process_01,43,5,180,False,True,False,False,False,False,False,-1,-1
stand_obs,process_01,43,6,180,False,True,False,False,False,False,False,-1,-1
stand_obs,process_01,43,7,180,False,True,False,False,False,False,False,-1,-1
stand_obs,process_01,43,8,180,False,True,False,False,False,False,False,-1,-1
stand_obs,process_01,43,9,180,False,True,False,False,False,False,False,-1,-1
stand_obs,process_01,43,10,180,False,True,False,False,False,False,False,-1,-1
stand_obs,process_01,43,11,180,False,True,False,False,False,False,False,-1,-1
stand_obs,process_01,43,12,180,False,True,False,False,False,False,False,-1,-1
stand_obs,process_01,43,13,180,False,True,False,False,False,False,False,-1,-1
stand_obs,process_01,43,14,180,False,True,False,False,False,False,False,-1,-1
stand_obs,process_01,43,15,180,False,True,False,False,False,False,False,-1,-1
stand_obs,process_01,44,0,176,False,True,False,False,False,False,False,-1,-1
stand_obs,process_01,44,1,176,False,True,False,False,False,False,False,-1,-1
stand_obs,process_01,44,2,176,False,True,False,False,False,False,False,-1,-1
stand_obs,process_01,44,3,176,False,True,False,False,False,False,False,-1,-1
stand_obs,process_01,44,4,176,False,True,False,False,False,False,False,-1,-1
stand_obs,process_01,44,5,176,False,True,False,False,False,False,False,-1,-1
stand_obs,process_01,44,6,176,False,True,False,False,False,False,False,-1,-1
stand_obs,process_01,44,7,176,False,True,False,False,False,False,False,-1,-1
stand_obs,process_01,44,8,176,False,True,False,False,False,True,True,76,76
stand_obs,process_01,44,9,176,False,True,False,False,False,False,False,-1,-1
stand_obs,process_01,44,10,176,False,True,False,False,False,False,False,-1,-1
stand_obs,process_01,44,11,176,False,True,False,False,False,False,False,-1,-1
stand_obs,process_01,44,12,176,False,True,False,False,False,False,False,-1,-1
stand_obs,process_01,44,13,176,False,True,False,False,False,False,False,-1,-1
stand_obs,process_01,44,14,176,False,True,False,False,False,False,False,-1,-1
stand_obs,process_01,44,15,176,False,True,False,False,False,False,False,-1,-1
stand_obs,process_01,45,0,178,False,True,False,False,False,False,False,-1,-1
stand_obs,process_01,45,1,178,False,True,False,False,False,False,False,-1,-1
stand_obs,process_01,45,2,178,False,True,False,False,False,False,False,-1,-1
stand_obs,process_01,45,3,178,False,True,False,False,False,False,False,-1,-1
stand_obs,process_01,45,4,178,False,True,False,False,False,False,False,-1,-1
stand_obs,process_01,45,5,178,False,True,False,False,False,False,False,-1,-1
stand_obs,process_01,45,6,178,False,True,False,False,False,False,False,-1,-1
stand_obs,process_01,45,7,178,False,True,False,False,False,False,False,-1,-1
stand_obs,process_01,45,8,178,False,True,False,False,False,False,False,-1,-1
stand_obs,process_01,45,9,178,False,True,False,True,True,False,False,262,266
stand_obs,process_01,45,10,178,False,True,False,False,False,False,False,-1,-1
stand_obs,process_01,45,11,178,False,True,False,False,False,False,False,-1,-1
stand_obs,process_01,45,12,178,False,True,False,False,False,False,False,-1,-1
stand_obs,process_01,45,13,178,False,True,False,False,False,False,False,-1,-1
stand_obs,process_01,45,14,178,False,True,False,False,False,False,False,-1,-1
stand_obs,process_01,45,15,178,False,True,False,False,False,False,False,-1,-1
stand_obs,process_01,46,0,176,False,True,False,False,False,False,False,-1,-1
stand_obs,process_01,46,1,176,False,True,False,False,False,False,False,-1,-1
stand_obs,process_01,46,2,176,False,True,False,False,False,False,False,-1,-1
stand_obs,process_01,46,3,176,False,True,False,False,False,False,False,-1,-1
stand_obs,process_01,46,4,176,False,True,False,False,False,False,False,-1,-1
stand_obs,process_01,46,5,176,False,True,False,False,False,False,False,-1,-1
stand_obs,process_01,46,6,176,False,True,False,False,False,False,False,-1,-1
stand_obs,process_01,46,7,176,False,True,False,False,False,False,False,-1,-1
stand_obs,process_01,46,8,176,False,True,False,False,False,False,False,-1,-1
stand_obs,process_01,46,9,176,False,True,False,False,False,False,False,-1,-1
stand_obs,process_01,46,10,176,False,True,False,False,False,False,False,-1,-1
stand_obs,process_01,46,11,176,False,True,False,False,False,False,False,-1,-1
stand_obs,process_01,46,12,176,False,True,False,False,False,False,False,-1,-1
stand_obs,process_01,46,13,176,False,True,False,False,False,False,False,-1,-1
stand_obs,process_01,46,14,176,False,True,False,False,False,False,False,-1,-1
stand_obs,process_01,46,15,176,False,True,False,False,False,False,False,-1,-1
stand_obs,process_01,47,0,188,False,False,False,False,False,False,False,-1,-1
stand_obs,process_01,47,1,188,False,False,False,False,False,False,False,-1,-1
stand_obs,process_01,47,2,188,False,False,False,False,False,False,False,-1,-1
stand_obs,process_01,47,3,188,False,False,False,False,False,False,False,-1,-1
stand_obs,process_01,47,4,188,False,False,False,False,False,False,False,-1,-1
stand_obs,process_01,47,5,188,False,False,False,False,False,False,False,-1,-1
stand_obs,process_01,47,6,188,False,False,False,False,False,False,False,-1,-1
stand_obs,process_01,47,7,188,False,False,False,False,False,False,False,-1,-1
stand_obs,process_01,47,8,188,False,False,False,False,False,False,False,-1,-1
stand_obs,process_01,47,9,188,False,False,False,False,False,False,False,-1,-1
stand_obs,process_01,47,10,188,False,False,False,False,False,False,False,-1,-1
stand_obs,process_01,47,11,188,False,False,False,False,False,False,False,-1,-1
stand_obs,process_01,47,12,188,False,False,False,False,False,False,False,-1,-1
stand_obs,process_01,47,13,188,False,False,False,False,False,False,False,-1,-1
stand_obs,process_01,47,14,188,False,False,False,False,False,False,False,-1,-1
stand_obs,process_01,47,15,188,False,False,False,False,False,False,False,-1,-1
walk_motor,process_01,0,0,110,True,True,True,False,True,False,False,-1,133
walk_motor,process_01,0,1,110,True,True,True,True,True,False,False,120,120
walk_motor,process_01,0,2,110,True,True,True,False,False,False,False,-1,-1
walk_motor,process_01,0,3,110,True,True,True,True,True,False,False,120,120
walk_motor,process_01,0,4,110,True,True,True,True,True,False,False,117,117
walk_motor,process_01,0,5,110,True,True,True,True,True,False,False,134,132
walk_motor,process_01,0,6,110,True,True,True,True,True,False,False,127,127
walk_motor,process_01,0,7,110,True,True,True,True,True,False,False,120,120
walk_motor,process_01,0,8,110,True,True,True,True,True,False,False,125,125
walk_motor,process_01,0,9,110,True,True,True,True,True,False,False,122,122
walk_motor,process_01,0,10,110,True,True,True,True,True,False,False,125,124
walk_motor,process_01,0,11,110,True,True,True,False,True,False,False,-1,152
walk_motor,process_01,0,12,110,True,True,True,True,True,False,False,127,128
walk_motor,process_01,0,13,110,True,True,True,False,True,False,False,-1,143
walk_motor,process_01,0,14,110,True,True,True,True,True,False,False,129,127
walk_motor,process_01,0,15,110,True,True,True,True,True,False,False,123,123
walk_motor,process_01,1,0,186,True,False,False,False,False,True,True,86,86
walk_motor,process_01,1,1,186,True,False,True,True,True,False,False,205,205
walk_motor,process_01,1,2,186,True,False,True,False,False,False,False,-1,-1
walk_motor,process_01,1,3,186,True,False,True,True,True,False,False,210,211
walk_motor,process_01,1,4,186,True,False,True,False,True,False,False,-1,240
walk_motor,process_01,1,5,186,True,False,True,False,True,False,False,-1,210
walk_motor,process_01,1,6,186,True,False,True,False,False,False,False,-1,-1
walk_motor,process_01,1,7,186,True,False,True,True,True,False,False,206,206
walk_motor,process_01,1,8,186,True,False,True,True,True,False,False,218,231
walk_motor,process_01,1,9,186,True,False,True,True,True,False,False,203,203
walk_motor,process_01,1,10,186,True,False,True,True,True,False,False,218,203
walk_motor,process_01,1,11,186,True,False,True,True,True,False,False,206,204
walk_motor,process_01,1,12,186,True,False,True,True,True,False,False,205,206
walk_motor,process_01,1,13,186,True,False,True,True,True,False,False,206,206
walk_motor,process_01,1,14,186,True,False,True,True,True,False,False,381,227
walk_motor,process_01,1,15,186,True,False,False,False,False,True,True,75,75
walk_motor,process_01,2,0,146,True,False,True,True,True,False,False,189,178
walk_motor,process_01,2,1,146,True,False,True,True,False,False,False,178,-1
walk_motor,process_01,2,2,146,True,False,True,False,False,False,False,-1,-1
walk_motor,process_01,2,3,146,True,False,True,True,True,False,False,159,163
walk_motor,process_01,2,4,146,True,False,True,False,False,False,False,-1,-1
walk_motor,process_01,2,5,146,True,False,True,False,False,False,False,-1,-1
walk_motor,process_01,2,6,146,True,False,True,True,True,False,False,172,171
walk_motor,process_01,2,7,146,True,False,True,False,False,False,False,-1,-1
walk_motor,process_01,2,8,146,True,False,True,True,False,False,False,176,-1
walk_motor,process_01,2,9,146,True,False,True,False,True,False,False,-1,196
walk_motor,process_01,2,10,146,True,False,True,False,True,False,False,-1,172
walk_motor,process_01,2,11,146,True,False,True,True,True,False,False,241,165
walk_motor,process_01,2,12,146,True,False,True,True,True,False,False,187,189
walk_motor,process_01,2,13,146,True,False,True,True,True,False,False,161,162
walk_motor,process_01,2,14,146,True,False,True,True,False,False,False,291,-1
walk_motor,process_01,2,15,146,True,False,True,True,True,False,False,283,173
walk_motor,process_01,3,0,106,True,True,True,False,False,False,False,-1,-1
walk_motor,process_01,3,1,106,True,True,True,True,True,False,False,124,124
walk_motor,process_01,3,2,106,True,True,True,True,False,False,False,170,-1
walk_motor,process_01,3,3,106,True,True,True,False,False,False,False,-1,-1
walk_motor,process_01,3,4,106,True,True,True,True,True,False,False,158,162
walk_motor,process_01,3,5,106,True,True,True,False,False,False,False,-1,-1
walk_motor,process_01,3,6,106,True,True,True,False,False,False,False,-1,-1
walk_motor,process_01,3,7,106,True,True,True,False,False,False,False,-1,-1
walk_motor,process_01,3,8,106,True,True,True,True,True,False,False,160,160
walk_motor,process_01,3,9,106,True,True,True,False,False,False,False,-1,-1
walk_motor,process_01,3,10,106,True,True,True,False,False,False,False,-1,-1
walk_motor,process_01,3,11,106,True,True,True,False,False,False,False,-1,-1
walk_motor,process_01,3,12,106,True,True,True,True,True,False,False,130,132
walk_motor,process_01,3,13,106,True,True,True,False,True,False,False,-1,143
walk_motor,process_01,3,14,106,True,True,True,True,True,False,False,173,142
walk_motor,process_01,3,15,106,True,True,True,False,False,False,False,-1,-1
walk_motor,process_01,4,0,125,True,False,True,False,False,False,False,-1,-1
walk_motor,process_01,4,1,125,True,False,True,False,False,False,False,-1,-1
walk_motor,process_01,4,2,125,True,False,False,False,False,True,True,120,120
walk_motor,process_01,4,3,125,True,False,True,True,True,False,False,146,141
walk_motor,process_01,4,4,125,True,False,True,False,False,False,False,-1,-1
walk_motor,process_01,4,5,125,True,False,True,False,False,False,False,-1,-1
walk_motor,process_01,4,6,125,True,False,True,False,False,False,False,-1,-1
walk_motor,process_01,4,7,125,True,False,True,False,False,False,False,-1,-1
walk_motor,process_01,4,8,125,True,False,True,False,False,False,False,-1,-1
walk_motor,process_01,4,9,125,True,False,True,False,False,False,False,-1,-1
walk_motor,process_01,4,10,125,True,False,True,True,True,False,False,132,132
walk_motor,process_01,4,11,125,True,False,True,False,False,False,False,-1,-1
walk_motor,process_01,4,12,125,True,False,True,False,False,False,False,-1,-1
walk_motor,process_01,4,13,125,True,False,True,False,False,False,False,-1,-1
walk_motor,process_01,4,14,125,True,False,True,False,False,False,False,-1,-1
walk_motor,process_01,4,15,125,True,False,True,False,False,False,False,-1,-1
walk_motor,process_01,5,0,166,True,False,True,True,True,False,False,182,180
walk_motor,process_01,5,1,166,True,False,True,True,True,False,False,202,193
walk_motor,process_01,5,2,166,True,False,True,True,True,False,False,200,200
walk_motor,process_01,5,3,166,True,False,True,False,True,False,False,-1,195
walk_motor,process_01,5,4,166,True,False,True,True,True,False,False,188,186
walk_motor,process_01,5,5,166,True,False,True,True,True,False,False,189,190
walk_motor,process_01,5,6,166,True,False,True,False,False,False,False,-1,-1
walk_motor,process_01,5,7,166,True,False,True,False,False,False,False,-1,-1
walk_motor,process_01,5,8,166,True,False,True,True,True,False,False,187,189
walk_motor,process_01,5,9,166,True,False,True,False,False,False,False,-1,-1
walk_motor,process_01,5,10,166,True,False,True,False,True,False,False,-1,187
walk_motor,process_01,5,11,166,True,False,True,True,True,False,False,194,188
walk_motor,process_01,5,12,166,True,False,True,True,True,False,False,184,184
walk_motor,process_01,5,13,166,True,False,True,False,False,False,False,-1,-1
walk_motor,process_01,5,14,166,True,False,True,True,True,False,False,181,181
walk_motor,process_01,5,15,166,True,False,False,False,False,True,True,45,45
walk_motor,process_01,6,0,107,True,True,True,False,False,False,False,-1,-1
walk_motor,process_01,6,1,107,True,True,True,False,False,False,False,-1,-1
walk_motor,process_01,6,2,107,True,True,True,False,False,False,False,-1,-1
walk_motor,process_01,6,3,107,True,True,True,True,True,False,False,258,212
walk_motor,process_01,6,4,107,True,True,True,False,False,False,False,-1,-1
walk_motor,process_01,6,5,107,True,True,True,False,False,False,False,-1,-1
walk_motor,process_01,6,6,107,True,True,True,False,False,False,False,-1,-1
walk_motor,process_01,6,7,107,True,True,True,False,False,False,False,-1,-1
walk_motor,process_01,6,8,107,True,True,True,True,True,False,False,303,171
walk_motor,process_01,6,9,107,True,True,True,False,False,False,False,-1,-1
walk_motor,process_01,6,10,107,True,True,True,True,True,False,False,171,186
walk_motor,process_01,6,11,107,True,True,True,True,True,False,False,123,123
walk_motor,process_01,6,12,107,True,True,True,True,True,False,False,134,130
walk_motor,process_01,6,13,107,True,True,True,True,False,False,False,250,-1
walk_motor,process_01,6,14,107,True,True,True,True,True,False,False,131,186
walk_motor,process_01,6,15,107,True,True,True,False,False,False,False,-1,-1
walk_motor,process_01,7,0,153,True,False,True,False,False,False,False,-1,-1
walk_motor,process_01,7,1,153,True,False,True,False,False,False,False,-1,-1
walk_motor,process_01,7,2,153,True,False,False,False,False,True,True,130,132
walk_motor,process_01,7,3,153,True,False,True,False,False,False,False,-1,-1
walk_motor,process_01,7,4,153,True,False,True,True,True,False,False,183,181
walk_motor,process_01,7,5,153,True,False,True,True,True,False,False,167,167
walk_motor,process_01,7,6,153,True,False,True,False,False,False,False,-1,-1
walk_motor,process_01,7,7,153,True,False,True,False,True,False,False,-1,178
walk_motor,process_01,7,8,153,True,False,True,True,True,False,False,314,173
walk_motor,process_01,7,9,153,True,False,True,False,False,False,False,-1,-1
walk_motor,process_01,7,10,153,True,False,True,False,True,False,False,-1,171
walk_motor,process_01,7,11,153,True,False,True,False,False,False,False,-1,-1
walk_motor,process_01,7,12,153,True,False,True,False,True,False,False,-1,199
walk_motor,process_01,7,13,153,True,False,True,True,True,False,False,183,207
walk_motor,process_01,7,14,153,True,False,True,True,False,False,False,183,-1
walk_motor,process_01,7,15,153,True,False,True,False,False,False,False,-1,-1
walk_motor,process_01,8,0,101,True,True,True,True,True,False,False,124,133
walk_motor,process_01,8,1,101,True,True,True,False,False,False,False,-1,-1
walk_motor,process_01,8,2,101,True,True,True,False,False,False,False,-1,-1
walk_motor,process_01,8,3,101,True,True,True,True,True,False,False,132,147
walk_motor,process_01,8,4,101,True,True,True,False,False,False,False,-1,-1
walk_motor,process_01,8,5,101,True,True,True,False,False,False,False,-1,-1
walk_motor,process_01,8,6,101,True,True,True,False,False,False,False,-1,-1
walk_motor,process_01,8,7,101,True,True,True,True,True,False,False,148,125
walk_motor,process_01,8,8,101,True,True,True,False,False,False,False,-1,-1
walk_motor,process_01,8,9,101,True,True,True,False,False,False,False,-1,-1
walk_motor,process_01,8,10,101,True,True,True,False,False,False,False,-1,-1
walk_motor,process_01,8,11,101,True,True,True,True,True,False,False,147,142
walk_motor,process_01,8,12,101,True,True,True,False,False,False,False,-1,-1
walk_motor,process_01,8,13,101,True,True,True,False,True,False,False,-1,171
walk_motor,process_01,8,14,101,True,True,True,False,False,False,False,-1,-1
walk_motor,process_01,8,15,101,True,True,True,False,False,False,False,-1,-1
walk_motor,process_01,9,0,102,True,True,True,False,False,False,False,-1,-1
walk_motor,process_01,9,1,102,True,True,True,False,True,False,False,-1,168
walk_motor,process_01,9,2,102,True,True,True,False,False,False,False,-1,-1
walk_motor,process_01,9,3,102,True,True,True,True,True,False,False,126,128
walk_motor,process_01,9,4,102,True,True,True,False,False,False,False,-1,-1
walk_motor,process_01,9,5,102,True,True,True,True,True,False,False,109,109
walk_motor,process_01,9,6,102,True,True,True,False,False,False,False,-1,-1
walk_motor,process_01,9,7,102,True,True,False,False,False,True,True,98,98
walk_motor,process_01,9,8,102,True,True,True,False,False,False,False,-1,-1
walk_motor,process_01,9,9,102,True,True,True,False,False,False,False,-1,-1
walk_motor,process_01,9,10,102,True,True,True,False,False,False,False,-1,-1
walk_motor,process_01,9,11,102,True,True,True,False,False,False,False,-1,-1
walk_motor,process_01,9,12,102,True,True,True,False,False,False,False,-1,-1
walk_motor,process_01,9,13,102,True,True,True,False,True,False,False,-1,147
walk_motor,process_01,9,14,102,True,True,True,True,True,False,False,123,120
walk_motor,process_01,9,15,102,True,True,True,False,True,False,False,-1,143
walk_motor,process_01,10,0,103,True,True,True,True,True,False,False,121,122
walk_motor,process_01,10,1,103,True,True,True,False,False,False,False,-1,-1
walk_motor,process_01,10,2,103,True,True,True,True,True,False,False,160,146
walk_motor,process_01,10,3,103,True,True,True,False,False,False,False,-1,-1
walk_motor,process_01,10,4,103,True,True,True,True,True,False,False,130,137
walk_motor,process_01,10,5,103,True,True,True,True,True,False,False,128,126
walk_motor,process_01,10,6,103,True,True,True,False,True,False,False,-1,389
walk_motor,process_01,10,7,103,True,True,True,False,False,False,False,-1,-1
walk_motor,process_01,10,8,103,True,True,True,True,True,False,False,136,131
walk_motor,process_01,10,9,103,True,True,True,False,True,False,False,-1,124
walk_motor,process_01,10,10,103,True,True,True,False,False,False,False,-1,-1
walk_motor,process_01,10,11,103,True,True,True,True,True,False,False,134,126
walk_motor,process_01,10,12,103,True,True,True,True,True,False,False,127,125
walk_motor,process_01,10,13,103,True,True,True,True,True,False,False,112,112
walk_motor,process_01,10,14,103,True,True,True,True,True,False,False,115,115
walk_motor,process_01,10,15,103,True,True,True,True,False,False,False,124,-1
walk_motor,process_01,11,0,134,True,False,True,False,False,False,False,-1,-1
walk_motor,process_01,11,1,134,True,False,True,True,True,False,False,165,158
walk_motor,process_01,11,2,134,True,False,True,False,False,False,False,-1,-1
walk_motor,process_01,11,3,134,True,False,True,False,False,False,False,-1,-1
walk_motor,process_01,11,4,134,True,False,True,True,True,False,False,151,150
walk_motor,process_01,11,5,134,True,False,True,True,True,False,False,148,147
walk_motor,process_01,11,6,134,True,False,True,False,False,False,False,-1,-1
walk_motor,process_01,11,7,134,True,False,True,False,False,False,False,-1,-1
walk_motor,process_01,11,8,134,True,False,True,False,False,False,False,-1,-1
walk_motor,process_01,11,9,134,True,False,True,True,True,False,False,160,154
walk_motor,process_01,11,10,134,True,False,True,False,False,False,False,-1,-1
walk_motor,process_01,11,11,134,True,False,True,True,True,False,False,154,153
walk_motor,process_01,11,12,134,True,False,True,False,True,False,False,-1,182
walk_motor,process_01,11,13,134,True,False,True,True,True,False,False,143,143
walk_motor,process_01,11,14,134,True,False,True,False,False,False,False,-1,-1
walk_motor,process_01,11,15,134,True,False,True,True,True,False,False,160,160
walk_motor,process_01,12,0,120,True,False,True,False,False,False,False,-1,-1
walk_motor,process_01,12,1,120,True,False,True,False,True,False,False,-1,167
walk_motor,process_01,12,2,120,True,False,True,False,False,False,False,-1,-1
walk_motor,process_01,12,3,120,True,False,True,True,True,False,False,145,143
walk_motor,process_01,12,4,120,True,False,True,True,True,False,False,231,157
walk_motor,process_01,12,5,120,True,False,True,False,False,False,False,-1,-1
walk_motor,process_01,12,6,120,True,False,True,False,False,False,False,-1,-1
walk_motor,process_01,12,7,120,True,False,True,False,False,False,False,-1,-1
walk_motor,process_01,12,8,120,True,False,True,False,False,False,False,-1,-1
walk_motor,process_01,12,9,120,True,False,True,False,False,False,False,-1,-1
walk_motor,process_01,12,10,120,True,False,True,True,False,False,False,246,-1
walk_motor,process_01,12,11,120,True,False,True,False,False,False,False,-1,-1
walk_motor,process_01,12,12,120,True,False,True,False,False,False,False,-1,-1
walk_motor,process_01,12,13,120,True,False,False,False,False,True,True,79,79
walk_motor,process_01,12,14,120,True,False,True,False,False,False,False,-1,-1
walk_motor,process_01,12,15,120,True,False,True,False,False,False,False,-1,-1
walk_motor,process_01,13,0,178,True,False,True,True,True,False,False,208,203
walk_motor,process_01,13,1,178,True,False,True,False,False,False,False,-1,-1
walk_motor,process_01,13,2,178,True,False,True,True,True,False,False,184,184
walk_motor,process_01,13,3,178,True,False,True,True,True,False,False,202,197
walk_motor,process_01,13,4,178,True,False,True,True,True,False,False,197,197
walk_motor,process_01,13,5,178,True,False,True,False,False,False,False,-1,-1
walk_motor,process_01,13,6,178,True,False,True,False,False,False,False,-1,-1
walk_motor,process_01,13,7,178,True,False,True,True,True,False,False,194,194
walk_motor,process_01,13,8,178,True,False,True,True,True,False,False,187,187
walk_motor,process_01,13,9,178,True,False,True,True,False,False,False,238,-1
walk_motor,process_01,13,10,178,True,False,True,False,False,False,False,-1,-1
walk_motor,process_01,13,11,178,True,False,True,False,False,False,False,-1,-1
walk_motor,process_01,13,12,178,True,False,True,False,False,False,False,-1,-1
walk_motor,process_01,13,13,178,True,False,True,False,False,False,False,-1,-1
walk_motor,process_01,13,14,178,True,False,True,True,True,False,False,251,211
walk_motor,process_01,13,15,178,True,False,True,False,False,False,False,-1,-1
walk_motor,process_01,14,0,179,True,False,True,False,False,False,False,-1,-1
walk_motor,process_01,14,1,179,True,False,True,False,False,False,False,-1,-1
walk_motor,process_01,14,2,179,True,False,True,True,True,False,False,217,214
walk_motor,process_01,14,3,179,True,False,True,True,True,False,False,484,316
walk_motor,process_01,14,4,179,True,False,True,False,False,False,False,-1,-1
walk_motor,process_01,14,5,179,True,False,True,True,True,False,False,199,196
walk_motor,process_01,14,6,179,True,False,True,False,False,False,False,-1,-1
walk_motor,process_01,14,7,179,True,False,True,False,True,False,False,-1,203
walk_motor,process_01,14,8,179,True,False,True,False,False,False,False,-1,-1
walk_motor,process_01,14,9,179,True,False,True,True,True,False,False,275,247
walk_motor,process_01,14,10,179,True,False,True,False,True,False,False,-1,191
walk_motor,process_01,14,11,179,True,False,True,False,True,False,False,-1,200
walk_motor,process_01,14,12,179,True,False,True,True,True,False,False,216,232
walk_motor,process_01,14,13,179,True,False,True,True,False,False,False,244,-1
walk_motor,process_01,14,14,179,True,False,True,True,True,False,False,271,263
walk_motor,process_01,14,15,179,True,False,True,False,False,False,False,-1,-1
walk_motor,process_01,15,0,157,True,False,True,True,True,False,False,183,183
walk_motor,process_01,15,1,157,True,False,True,False,False,False,False,-1,-1
walk_motor,process_01,15,2,157,True,False,True,False,False,False,False,-1,-1
walk_motor,process_01,15,3,157,True,False,True,True,True,False,False,252,197
walk_motor,process_01,15,4,157,True,False,True,False,False,False,False,-1,-1
walk_motor,process_01,15,5,157,True,False,True,True,True,False,False,162,162
walk_motor,process_01,15,6,157,True,False,True,True,True,False,False,158,158
walk_motor,process_01,15,7,157,True,False,True,True,True,False,False,186,184
walk_motor,process_01,15,8,157,True,False,True,False,False,False,False,-1,-1
walk_motor,process_01,15,9,157,True,False,True,False,False,False,False,-1,-1
walk_motor,process_01,15,10,157,True,False,True,False,False,False,False,-1,-1
walk_motor,process_01,15,11,157,True,False,False,False,False,True,True,42,42
walk_motor,process_01,15,12,157,True,False,True,False,False,False,False,-1,-1
walk_motor,process_01,15,13,157,True,False,True,True,True,False,False,177,176
walk_motor,process_01,15,14,157,True,False,True,False,True,False,False,-1,195
walk_motor,process_01,15,15,157,True,False,True,False,True,False,False,-1,176
walk_motor,process_01,16,0,142,True,False,True,True,True,False,False,146,142
walk_motor,process_01,16,1,142,True,False,True,True,False,False,False,198,-1
walk_motor,process_01,16,2,142,True,False,False,False,False,True,True,82,82
walk_motor,process_01,16,3,142,True,False,True,False,False,False,False,-1,-1
walk_motor,process_01,16,4,142,True,False,True,True,True,False,False,168,164
walk_motor,process_01,16,5,142,True,False,True,False,True,False,False,-1,174
walk_motor,process_01,16,6,142,True,False,True,True,True,False,False,145,145
walk_motor,process_01,16,7,142,True,False,True,False,False,False,False,-1,-1
walk_motor,process_01,16,8,142,True,False,True,True,True,False,False,176,174
walk_motor,process_01,16,9,142,True,False,True,True,True,False,False,163,163
walk_motor,process_01,16,10,142,True,False,True,False,False,False,False,-1,-1
walk_motor,process_01,16,11,142,True,False,True,True,False,False,False,211,-1
walk_motor,process_01,16,12,142,True,False,True,True,True,False,False,168,167
walk_motor,process_01,16,13,142,True,False,True,True,True,False,False,168,169
walk_motor,process_01,16,14,142,True,False,True,False,False,False,False,-1,-1
walk_motor,process_01,16,15,142,True,False,True,False,True,False,False,-1,178
walk_motor,process_01,17,0,110,True,True,True,False,False,False,False,-1,-1
walk_motor,process_01,17,1,110,True,True,True,False,False,False,False,-1,-1
walk_motor,process_01,17,2,110,True,True,True,False,False,False,False,-1,-1
walk_motor,process_01,17,3,110,True,True,True,True,False,False,False,218,-1
walk_motor,process_01,17,4,110,True,True,True,False,False,False,False,-1,-1
walk_motor,process_01,17,5,110,True,True,True,False,False,False,False,-1,-1
walk_motor,process_01,17,6,110,True,True,True,True,True,False,False,210,146
walk_motor,process_01,17,7,110,True,True,False,False,False,True,True,108,108
walk_motor,process_01,17,8,110,True,True,True,False,False,False,False,-1,-1
walk_motor,process_01,17,9,110,True,True,True,False,False,False,False,-1,-1
walk_motor,process_01,17,10,110,True,True,True,False,True,False,False,-1,124
walk_motor,process_01,17,11,110,True,True,True,False,False,False,False,-1,-1
walk_motor,process_01,17,12,110,True,True,True,False,False,False,False,-1,-1
walk_motor,process_01,17,13,110,True,True,True,False,False,False,False,-1,-1
walk_motor,process_01,17,14,110,True,True,True,False,False,False,False,-1,-1
walk_motor,process_01,17,15,110,True,True,True,True,False,False,False,147,-1
walk_motor,process_01,18,0,130,True,False,True,False,False,False,False,-1,-1
walk_motor,process_01,18,1,130,True,False,True,True,False,False,False,246,-1
walk_motor,process_01,18,2,130,True,False,True,False,True,False,False,-1,150
walk_motor,process_01,18,3,130,True,False,True,False,False,False,False,-1,-1
walk_motor,process_01,18,4,130,True,False,True,True,True,False,False,155,164
walk_motor,process_01,18,5,130,True,False,True,False,False,False,False,-1,-1
walk_motor,process_01,18,6,130,True,False,True,False,True,False,False,-1,181
walk_motor,process_01,18,7,130,True,False,False,False,False,True,True,79,79
walk_motor,process_01,18,8,130,True,False,True,False,True,False,False,-1,202
walk_motor,process_01,18,9,130,True,False,True,False,False,False,False,-1,-1
walk_motor,process_01,18,10,130,True,False,True,False,False,False,False,-1,-1
walk_motor,process_01,18,11,130,True,False,True,False,False,False,False,-1,-1
walk_motor,process_01,18,12,130,True,False,False,False,False,True,True,105,105
walk_motor,process_01,18,13,130,True,False,True,True,True,False,False,151,150
walk_motor,process_01,18,14,130,True,False,False,False,False,True,True,53,53
walk_motor,process_01,18,15,130,True,False,True,False,False,False,False,-1,-1
walk_motor,process_01,19,0,173,True,False,True,False,False,False,False,-1,-1
walk_motor,process_01,19,1,173,True,False,True,False,False,False,False,-1,-1
walk_motor,process_01,19,2,173,True,False,True,False,False,False,False,-1,-1
walk_motor,process_01,19,3,173,True,False,True,True,True,False,False,203,195
walk_motor,process_01,19,4,173,True,False,True,True,True,False,False,183,183
walk_motor,process_01,19,5,173,True,False,True,False,False,False,False,-1,-1
walk_motor,process_01,19,6,173,True,False,True,True,True,False,False,199,197
walk_motor,process_01,19,7,173,True,False,True,True,True,False,False,189,186
walk_motor,process_01,19,8,173,True,False,True,False,True,False,False,-1,188
walk_motor,process_01,19,9,173,True,False,True,True,True,False,False,194,193
walk_motor,process_01,19,10,173,True,False,True,True,True,False,False,198,204
walk_motor,process_01,19,11,173,True,False,False,False,False,True,True,41,41
walk_motor,process_01,19,12,173,True,False,True,False,False,False,False,-1,-1
walk_motor,process_01,19,13,173,True,False,True,True,True,False,False,209,196
walk_motor,process_01,19,14,173,True,False,False,False,False,True,True,155,156
walk_motor,process_01,19,15,173,True,False,True,True,True,False,False,213,203
walk_motor,process_01,20,0,127,True,False,False,False,False,True,True,70,70
walk_motor,process_01,20,1,127,True,False,True,True,True,False,False,144,143
walk_motor,process_01,20,2,127,True,False,True,False,False,False,False,-1,-1
walk_motor,process_01,20,3,127,True,False,True,True,True,False,False,175,155
walk_motor,process_01,20,4,127,True,False,True,True,True,False,False,149,147
walk_motor,process_01,20,5,127,True,False,True,True,True,False,False,131,131
walk_motor,process_01,20,6,127,True,False,True,False,False,False,False,-1,-1
walk_motor,process_01,20,7,127,True,False,True,True,True,False,False,142,141
walk_motor,process_01,20,8,127,True,False,True,True,True,False,False,150,147
walk_motor,process_01,20,9,127,True,False,True,True,True,False,False,141,139
walk_motor,process_01,20,10,127,True,False,True,True,True,False,False,143,145
walk_motor,process_01,20,11,127,True,False,True,True,True,False,False,154,144
walk_motor,process_01,20,12,127,True,False,True,True,True,False,False,147,149
walk_motor,process_01,20,13,127,True,False,True,True,True,False,False,139,139
walk_motor,process_01,20,14,127,True,False,True,True,True,False,False,147,148
walk_motor,process_01,20,15,127,True,False,True,True,True,False,False,152,145
walk_motor,process_01,21,0,200,True,False,False,False,True,True,False,181,230
walk_motor,process_01,21,1,200,True,False,True,False,False,False,False,-1,-1
walk_motor,process_01,21,2,200,True,False,True,False,False,False,False,-1,-1
walk_motor,process_01,21,3,200,True,False,True,False,False,False,False,-1,-1
walk_motor,process_01,21,4,200,True,False,True,False,False,False,False,-1,-1
walk_motor,process_01,21,5,200,True,False,True,True,False,False,False,233,-1
walk_motor,process_01,21,6,200,True,False,True,False,False,False,False,-1,-1
walk_motor,process_01,21,7,200,True,False,True,False,False,False,False,-1,-1
walk_motor,process_01,21,8,200,True,False,True,False,False,False,False,-1,-1
walk_motor,process_01,21,9,200,True,False,True,False,False,False,False,-1,-1
walk_motor,process_01,21,10,200,True,False,True,False,False,False,False,-1,-1
walk_motor,process_01,21,11,200,True,False,False,False,False,False,True,-1,172
walk_motor,process_01,21,12,200,True,False,True,False,False,False,False,-1,-1
walk_motor,process_01,21,13,200,True,False,True,True,True,False,False,235,230
walk_motor,process_01,21,14,200,True,False,False,False,False,True,True,90,90
walk_motor,process_01,21,15,200,True,False,True,False,False,False,False,-1,-1
walk_motor,process_01,22,0,200,True,False,True,False,False,False,False,-1,-1
walk_motor,process_01,22,1,200,True,False,True,True,True,False,False,231,228
walk_motor,process_01,22,2,200,True,False,False,False,False,True,True,137,137
walk_motor,process_01,22,3,200,True,False,True,False,False,False,False,-1,-1
walk_motor,process_01,22,4,200,True,False,True,True,True,False,False,217,213
walk_motor,process_01,22,5,200,True,False,True,False,True,False,False,-1,240
walk_motor,process_01,22,6,200,True,False,True,False,True,False,False,-1,259
walk_motor,process_01,22,7,200,True,False,True,False,False,False,False,-1,-1
walk_motor,process_01,22,8,200,True,False,True,False,True,False,False,-1,296
walk_motor,process_01,22,9,200,True,False,True,True,True,False,False,220,218
walk_motor,process_01,22,10,200,True,False,True,True,True,False,False,232,248
walk_motor,process_01,22,11,200,True,False,True,True,True,False,False,214,216
walk_motor,process_01,22,12,200,True,False,True,False,False,False,False,-1,-1
walk_motor,process_01,22,13,200,True,False,True,True,True,False,False,225,227
walk_motor,process_01,22,14,200,True,False,True,False,True,False,False,-1,227
walk_motor,process_01,22,15,200,True,False,True,False,True,False,False,-1,309
walk_motor,process_01,23,0,133,True,False,True,True,True,False,False,171,162
walk_motor,process_01,23,1,133,True,False,True,True,True,False,False,164,173
walk_motor,process_01,23,2,133,True,False,True,False,False,False,False,-1,-1
walk_motor,process_01,23,3,133,True,False,True,True,True,False,False,153,145
walk_motor,process_01,23,4,133,True,False,True,True,True,False,False,145,145
walk_motor,process_01,23,5,133,True,False,True,True,True,False,False,159,157
walk_motor,process_01,23,6,133,True,False,False,False,False,True,True,120,120
walk_motor,process_01,23,7,133,True,False,True,True,True,False,False,151,151
walk_motor,process_01,23,8,133,True,False,True,True,True,False,False,154,154
walk_motor,process_01,23,9,133,True,False,True,True,True,False,False,164,157
walk_motor,process_01,23,10,133,True,False,True,True,True,False,False,148,147
walk_motor,process_01,23,11,133,True,False,True,True,True,False,False,145,145
walk_motor,process_01,23,12,133,True,False,True,True,True,False,False,172,155
walk_motor,process_01,23,13,133,True,False,True,True,True,False,False,155,154
walk_motor,process_01,23,14,133,True,False,True,False,False,False,False,-1,-1
walk_motor,process_01,23,15,133,True,False,True,True,True,False,False,152,152
walk_motor,process_01,24,0,175,True,False,True,False,True,False,False,-1,198
walk_motor,process_01,24,1,175,True,False,True,False,False,False,False,-1,-1
walk_motor,process_01,24,2,175,True,False,True,False,True,False,False,-1,275
walk_motor,process_01,24,3,175,True,False,True,False,False,False,False,-1,-1
walk_motor,process_01,24,4,175,True,False,True,False,False,False,False,-1,-1
walk_motor,process_01,24,5,175,True,False,True,False,False,False,False,-1,-1
walk_motor,process_01,24,6,175,True,False,False,False,False,True,True,109,109
walk_motor,process_01,24,7,175,True,False,True,False,False,False,False,-1,-1
walk_motor,process_01,24,8,175,True,False,True,False,False,False,False,-1,-1
walk_motor,process_01,24,9,175,True,False,True,False,False,False,False,-1,-1
walk_motor,process_01,24,10,175,True,False,True,True,True,False,False,251,224
walk_motor,process_01,24,11,175,True,False,True,False,False,False,False,-1,-1
walk_motor,process_01,24,12,175,True,False,True,False,False,False,False,-1,-1
walk_motor,process_01,24,13,175,True,False,True,True,False,False,False,269,-1
walk_motor,process_01,24,14,175,True,False,True,False,False,False,False,-1,-1
walk_motor,process_01,24,15,175,True,False,True,False,False,False,False,-1,-1
walk_motor,process_01,25,0,184,True,False,True,False,False,False,False,-1,-1
walk_motor,process_01,25,1,184,True,False,True,True,True,False,False,312,203
walk_motor,process_01,25,2,184,True,False,False,False,True,True,False,170,184
walk_motor,process_01,25,3,184,True,False,True,True,True,False,False,207,207
walk_motor,process_01,25,4,184,True,False,True,True,False,False,False,241,-1
walk_motor,process_01,25,5,184,True,False,True,True,True,False,False,218,211
walk_motor,process_01,25,6,184,True,False,False,False,False,True,True,140,140
walk_motor,process_01,25,7,184,True,False,True,False,False,False,False,-1,-1
walk_motor,process_01,25,8,184,True,False,True,True,True,False,False,241,220
walk_motor,process_01,25,9,184,True,False,True,False,True,False,False,-1,244
walk_motor,process_01,25,10,184,True,False,True,True,True,False,False,296,223
walk_motor,process_01,25,11,184,True,False,True,True,True,False,False,206,205
walk_motor,process_01,25,12,184,True,False,True,True,True,False,False,220,216
walk_motor,process_01,25,13,184,True,False,True,False,True,False,False,-1,206
walk_motor,process_01,25,14,184,True,False,True,True,True,False,False,201,199
walk_motor,process_01,25,15,184,True,False,True,True,True,False,False,215,215
walk_motor,process_01,26,0,123,True,False,True,False,False,False,False,-1,-1
walk_motor,process_01,26,1,123,True,False,True,False,False,False,False,-1,-1
walk_motor,process_01,26,2,123,True,False,True,True,True,False,False,150,170
walk_motor,process_01,26,3,123,True,False,True,True,True,False,False,157,156
walk_motor,process_01,26,4,123,True,False,True,False,False,False,False,-1,-1
walk_motor,process_01,26,5,123,True,False,True,False,False,False,False,-1,-1
walk_motor,process_01,26,6,123,True,False,True,False,False,False,False,-1,-1
walk_motor,process_01,26,7,123,True,False,True,False,False,False,False,-1,-1
walk_motor,process_01,26,8,123,True,False,True,False,False,False,False,-1,-1
walk_motor,process_01,26,9,123,True,False,True,False,False,False,False,-1,-1
walk_motor,process_01,26,10,123,True,False,True,True,True,False,False,473,172
walk_motor,process_01,26,11,123,True,False,True,True,False,False,False,176,-1
walk_motor,process_01,26,12,123,True,False,True,False,False,False,False,-1,-1
walk_motor,process_01,26,13,123,True,False,True,False,False,False,False,-1,-1
walk_motor,process_01,26,14,123,True,False,True,True,True,False,False,162,303
walk_motor,process_01,26,15,123,True,False,True,False,False,False,False,-1,-1
walk_motor,process_01,27,0,147,True,False,True,False,True,False,False,-1,411
walk_motor,process_01,27,1,147,True,False,True,True,True,False,False,159,160
walk_motor,process_01,27,2,147,True,False,True,True,True,False,False,158,158
walk_motor,process_01,27,3,147,True,False,False,False,False,True,True,76,76
walk_motor,process_01,27,4,147,True,False,True,False,False,False,False,-1,-1
walk_motor,process_01,27,5,147,True,False,True,False,False,False,False,-1,-1
walk_motor,process_01,27,6,147,True,False,True,False,False,False,False,-1,-1
walk_motor,process_01,27,7,147,True,False,True,True,True,False,False,194,179
walk_motor,process_01,27,8,147,True,False,True,False,False,False,False,-1,-1
walk_motor,process_01,27,9,147,True,False,True,False,True,False,False,-1,218
walk_motor,process_01,27,10,147,True,False,True,False,False,False,False,-1,-1
walk_motor,process_01,27,11,147,True,False,False,False,False,True,True,88,88
walk_motor,process_01,27,12,147,True,False,True,True,True,False,False,163,165
walk_motor,process_01,27,13,147,True,False,False,False,False,True,True,100,100
walk_motor,process_01,27,14,147,True,False,True,True,True,False,False,160,160
walk_motor,process_01,27,15,147,True,False,True,True,True,False,False,176,178
walk_motor,process_01,28,0,190,True,False,True,False,False,False,False,-1,-1
walk_motor,process_01,28,1,190,True,False,True,True,True,False,False,217,223
walk_motor,process_01,28,2,190,True,False,True,False,False,False,False,-1,-1
walk_motor,process_01,28,3,190,True,False,True,True,True,False,False,213,209
walk_motor,process_01,28,4,190,True,False,True,True,True,False,False,208,207
walk_motor,process_01,28,5,190,True,False,True,True,True,False,False,195,195
walk_motor,process_01,28,6,190,True,False,True,False,False,False,False,-1,-1
walk_motor,process_01,28,7,190,True,False,False,False,False,True,True,90,90
walk_motor,process_01,28,8,190,True,False,False,False,False,True,True,161,161
walk_motor,process_01,28,9,190,True,False,True,True,True,False,False,221,227
walk_motor,process_01,28,10,190,True,False,True,True,True,False,False,219,245
walk_motor,process_01,28,11,190,True,False,True,False,False,False,False,-1,-1
walk_motor,process_01,28,12,190,True,False,True,True,True,False,False,235,224
walk_motor,process_01,28,13,190,True,False,True,False,False,False,False,-1,-1
walk_motor,process_01,28,14,190,True,False,True,True,True,False,False,229,231
walk_motor,process_01,28,15,190,True,False,True,True,True,False,False,276,228
walk_motor,process_01,29,0,199,True,False,True,False,False,False,False,-1,-1
walk_motor,process_01,29,1,199,True,False,True,True,True,False,False,210,201
walk_motor,process_01,29,2,199,True,False,True,True,False,False,False,241,-1
walk_motor,process_01,29,3,199,True,False,True,False,True,False,False,-1,244
walk_motor,process_01,29,4,199,True,False,True,False,False,False,False,-1,-1
walk_motor,process_01,29,5,199,True,False,True,True,True,False,False,219,218
walk_motor,process_01,29,6,199,True,False,True,False,False,False,False,-1,-1
walk_motor,process_01,29,7,199,True,False,False,False,False,True,True,120,120
walk_motor,process_01,29,8,199,True,False,True,False,False,False,False,-1,-1
walk_motor,process_01,29,9,199,True,False,True,False,False,False,False,-1,-1
walk_motor,process_01,29,10,199,True,False,True,False,False,False,False,-1,-1
walk_motor,process_01,29,11,199,True,False,True,False,False,False,False,-1,-1
walk_motor,process_01,29,12,199,True,False,True,False,False,False,False,-1,-1
walk_motor,process_01,29,13,199,True,False,True,True,False,False,False,330,-1
walk_motor,process_01,29,14,199,True,False,True,False,False,False,False,-1,-1
walk_motor,process_01,29,15,199,True,False,True,False,False,False,False,-1,-1
walk_motor,process_01,30,0,130,True,False,True,True,False,False,False,218,-1
walk_motor,process_01,30,1,130,True,False,True,False,False,False,False,-1,-1
walk_motor,process_01,30,2,130,True,False,True,True,True,False,False,249,181
walk_motor,process_01,30,3,130,True,False,True,True,True,False,False,148,148
walk_motor,process_01,30,4,130,True,False,True,True,True,False,False,144,142
walk_motor,process_01,30,5,130,True,False,True,True,True,False,False,150,148
walk_motor,process_01,30,6,130,True,False,True,True,True,False,False,144,144
walk_motor,process_01,30,7,130,True,False,True,True,True,False,False,156,149
walk_motor,process_01,30,8,130,True,False,False,False,False,True,True,120,120
walk_motor,process_01,30,9,130,True,False,True,True,True,False,False,144,144
walk_motor,process_01,30,10,130,True,False,True,False,True,False,False,-1,157
walk_motor,process_01,30,11,130,True,False,True,True,True,False,False,148,146
walk_motor,process_01,30,12,130,True,False,True,True,True,False,False,150,146
walk_motor,process_01,30,13,130,True,False,True,True,True,False,False,152,152
walk_motor,process_01,30,14,130,True,False,True,False,False,False,False,-1,-1
walk_motor,process_01,30,15,130,True,False,True,False,False,False,False,-1,-1
walk_motor,process_01,31,0,103,True,True,True,False,False,False,False,-1,-1
walk_motor,process_01,31,1,103,True,True,True,True,True,False,False,139,135
walk_motor,process_01,31,2,103,True,True,True,True,True,False,False,113,112
walk_motor,process_01,31,3,103,True,True,True,False,False,False,False,-1,-1
walk_motor,process_01,31,4,103,True,True,True,False,False,False,False,-1,-1
walk_motor,process_01,31,5,103,True,True,True,True,True,False,False,130,133
walk_motor,process_01,31,6,103,True,True,True,False,True,False,False,-1,187
walk_motor,process_01,31,7,103,True,True,True,False,True,False,False,-1,169
walk_motor,process_01,31,8,103,True,True,True,False,False,False,False,-1,-1
walk_motor,process_01,31,9,103,True,True,True,False,False,False,False,-1,-1
walk_motor,process_01,31,10,103,True,True,True,False,False,False,False,-1,-1
walk_motor,process_01,31,11,103,True,True,True,False,False,False,False,-1,-1
walk_motor,process_01,31,12,103,True,True,True,True,True,False,False,148,128
walk_motor,process_01,31,13,103,True,True,True,False,False,False,False,-1,-1
walk_motor,process_01,31,14,103,True,True,True,False,False,False,False,-1,-1
walk_motor,process_01,31,15,103,True,True,True,False,False,False,False,-1,-1
walk_motor,process_01,32,0,113,False,True,False,False,False,False,False,-1,-1
walk_motor,process_01,32,1,113,False,True,False,False,False,False,False,-1,-1
walk_motor,process_01,32,2,113,False,True,False,False,False,False,False,-1,-1
walk_motor,process_01,32,3,113,False,True,False,False,False,False,False,-1,-1
walk_motor,process_01,32,4,113,False,True,False,False,False,False,False,-1,-1
walk_motor,process_01,32,5,113,False,True,False,False,False,False,False,-1,-1
walk_motor,process_01,32,6,113,False,True,False,False,False,False,False,-1,-1
walk_motor,process_01,32,7,113,False,True,False,False,False,False,False,-1,-1
walk_motor,process_01,32,8,113,False,True,False,False,False,False,False,-1,-1
walk_motor,process_01,32,9,113,False,True,False,False,False,False,False,-1,-1
walk_motor,process_01,32,10,113,False,True,False,False,False,False,False,-1,-1
walk_motor,process_01,32,11,113,False,True,False,False,False,False,False,-1,-1
walk_motor,process_01,32,12,113,False,True,False,False,False,False,False,-1,-1
walk_motor,process_01,32,13,113,False,True,False,False,False,False,False,-1,-1
walk_motor,process_01,32,14,113,False,True,False,False,False,False,False,-1,-1
walk_motor,process_01,32,15,113,False,True,False,False,False,False,False,-1,-1
walk_motor,process_01,33,0,190,False,False,False,False,False,False,False,-1,-1
walk_motor,process_01,33,1,190,False,False,False,False,False,False,False,-1,-1
walk_motor,process_01,33,2,190,False,False,False,False,False,False,False,-1,-1
walk_motor,process_01,33,3,190,False,False,False,False,False,False,False,-1,-1
walk_motor,process_01,33,4,190,False,False,False,False,False,False,False,-1,-1
walk_motor,process_01,33,5,190,False,False,False,False,False,True,True,125,125
walk_motor,process_01,33,6,190,False,False,False,False,False,True,True,56,56
walk_motor,process_01,33,7,190,False,False,False,False,False,False,False,-1,-1
walk_motor,process_01,33,8,190,False,False,False,False,False,False,False,-1,-1
walk_motor,process_01,33,9,190,False,False,False,False,False,False,False,-1,-1
walk_motor,process_01,33,10,190,False,False,False,False,False,False,False,-1,-1
walk_motor,process_01,33,11,190,False,False,False,False,False,False,False,-1,-1
walk_motor,process_01,33,12,190,False,False,False,False,False,False,False,-1,-1
walk_motor,process_01,33,13,190,False,False,False,False,False,False,False,-1,-1
walk_motor,process_01,33,14,190,False,False,False,False,False,False,False,-1,-1
walk_motor,process_01,33,15,190,False,False,False,False,False,False,False,-1,-1
walk_motor,process_01,34,0,154,False,False,False,False,False,False,False,-1,-1
walk_motor,process_01,34,1,154,False,False,False,False,False,False,False,-1,-1
walk_motor,process_01,34,2,154,False,False,False,False,False,False,False,-1,-1
walk_motor,process_01,34,3,154,False,False,False,False,False,False,False,-1,-1
walk_motor,process_01,34,4,154,False,False,False,False,False,False,False,-1,-1
walk_motor,process_01,34,5,154,False,False,False,False,False,False,False,-1,-1
walk_motor,process_01,34,6,154,False,False,False,False,False,False,False,-1,-1
walk_motor,process_01,34,7,154,False,False,False,False,False,False,False,-1,-1
walk_motor,process_01,34,8,154,False,False,False,False,False,False,False,-1,-1
walk_motor,process_01,34,9,154,False,False,False,False,False,False,False,-1,-1
walk_motor,process_01,34,10,154,False,False,False,False,False,False,False,-1,-1
walk_motor,process_01,34,11,154,False,False,False,False,False,False,False,-1,-1
walk_motor,process_01,34,12,154,False,False,False,False,False,False,False,-1,-1
walk_motor,process_01,34,13,154,False,False,False,False,False,False,False,-1,-1
walk_motor,process_01,34,14,154,False,False,False,False,False,False,False,-1,-1
walk_motor,process_01,34,15,154,False,False,False,False,False,False,False,-1,-1
walk_motor,process_01,35,0,184,False,False,False,False,False,True,True,68,68
walk_motor,process_01,35,1,184,False,False,False,False,False,False,False,-1,-1
walk_motor,process_01,35,2,184,False,False,False,False,False,False,False,-1,-1
walk_motor,process_01,35,3,184,False,False,False,False,False,False,False,-1,-1
walk_motor,process_01,35,4,184,False,False,False,False,False,False,False,-1,-1
walk_motor,process_01,35,5,184,False,False,False,False,False,False,False,-1,-1
walk_motor,process_01,35,6,184,False,False,False,False,False,False,False,-1,-1
walk_motor,process_01,35,7,184,False,False,False,False,False,False,False,-1,-1
walk_motor,process_01,35,8,184,False,False,False,False,False,False,False,-1,-1
walk_motor,process_01,35,9,184,False,False,False,False,False,False,False,-1,-1
walk_motor,process_01,35,10,184,False,False,False,False,False,False,False,-1,-1
walk_motor,process_01,35,11,184,False,False,False,False,False,False,False,-1,-1
walk_motor,process_01,35,12,184,False,False,False,False,False,False,False,-1,-1
walk_motor,process_01,35,13,184,False,False,False,False,False,False,False,-1,-1
walk_motor,process_01,35,14,184,False,False,False,False,False,False,False,-1,-1
walk_motor,process_01,35,15,184,False,False,False,False,False,False,False,-1,-1
walk_motor,process_01,36,0,133,False,False,False,False,False,False,False,-1,-1
walk_motor,process_01,36,1,133,False,False,False,False,False,False,False,-1,-1
walk_motor,process_01,36,2,133,False,False,False,False,False,False,False,-1,-1
walk_motor,process_01,36,3,133,False,False,False,False,False,False,False,-1,-1
walk_motor,process_01,36,4,133,False,False,False,False,False,False,False,-1,-1
walk_motor,process_01,36,5,133,False,False,False,False,False,False,False,-1,-1
walk_motor,process_01,36,6,133,False,False,False,False,False,False,False,-1,-1
walk_motor,process_01,36,7,133,False,False,False,False,False,False,False,-1,-1
walk_motor,process_01,36,8,133,False,False,False,False,False,False,False,-1,-1
walk_motor,process_01,36,9,133,False,False,False,False,False,False,False,-1,-1
walk_motor,process_01,36,10,133,False,False,False,False,False,False,False,-1,-1
walk_motor,process_01,36,11,133,False,False,False,False,False,False,False,-1,-1
walk_motor,process_01,36,12,133,False,False,False,False,False,False,False,-1,-1
walk_motor,process_01,36,13,133,False,False,False,False,False,False,False,-1,-1
walk_motor,process_01,36,14,133,False,False,False,False,False,False,False,-1,-1
walk_motor,process_01,36,15,133,False,False,False,False,False,False,False,-1,-1
walk_motor,process_01,37,0,189,False,False,False,False,False,False,False,-1,-1
walk_motor,process_01,37,1,189,False,False,False,False,False,False,False,-1,-1
walk_motor,process_01,37,2,189,False,False,False,False,False,False,False,-1,-1
walk_motor,process_01,37,3,189,False,False,False,False,False,False,False,-1,-1
walk_motor,process_01,37,4,189,False,False,False,False,False,False,False,-1,-1
walk_motor,process_01,37,5,189,False,False,False,False,False,False,False,-1,-1
walk_motor,process_01,37,6,189,False,False,False,False,False,False,False,-1,-1
walk_motor,process_01,37,7,189,False,False,False,False,False,False,False,-1,-1
walk_motor,process_01,37,8,189,False,False,False,False,False,False,False,-1,-1
walk_motor,process_01,37,9,189,False,False,False,False,False,False,False,-1,-1
walk_motor,process_01,37,10,189,False,False,False,False,False,False,False,-1,-1
walk_motor,process_01,37,11,189,False,False,False,False,False,False,False,-1,-1
walk_motor,process_01,37,12,189,False,False,False,False,False,True,True,156,157
walk_motor,process_01,37,13,189,False,False,False,False,False,False,False,-1,-1
walk_motor,process_01,37,14,189,False,False,False,False,False,False,False,-1,-1
walk_motor,process_01,37,15,189,False,False,False,False,False,False,False,-1,-1
walk_motor,process_01,38,0,198,False,False,False,False,False,False,False,-1,-1
walk_motor,process_01,38,1,198,False,False,False,False,False,False,False,-1,-1
walk_motor,process_01,38,2,198,False,False,False,False,False,False,False,-1,-1
walk_motor,process_01,38,3,198,False,False,False,False,False,False,False,-1,-1
walk_motor,process_01,38,4,198,False,False,False,False,False,False,False,-1,-1
walk_motor,process_01,38,5,198,False,False,False,False,False,False,False,-1,-1
walk_motor,process_01,38,6,198,False,False,False,False,False,True,True,76,76
walk_motor,process_01,38,7,198,False,False,False,False,False,False,False,-1,-1
walk_motor,process_01,38,8,198,False,False,False,False,False,False,False,-1,-1
walk_motor,process_01,38,9,198,False,False,False,False,False,False,False,-1,-1
walk_motor,process_01,38,10,198,False,False,False,False,False,False,False,-1,-1
walk_motor,process_01,38,11,198,False,False,False,False,False,True,True,35,35
walk_motor,process_01,38,12,198,False,False,False,False,False,True,True,96,96
walk_motor,process_01,38,13,198,False,False,False,False,False,False,False,-1,-1
walk_motor,process_01,38,14,198,False,False,False,False,False,False,False,-1,-1
walk_motor,process_01,38,15,198,False,False,False,False,False,False,False,-1,-1
walk_motor,process_01,39,0,184,False,False,False,False,False,True,True,98,98
walk_motor,process_01,39,1,184,False,False,False,False,False,False,False,-1,-1
walk_motor,process_01,39,2,184,False,False,False,False,False,False,False,-1,-1
walk_motor,process_01,39,3,184,False,False,False,False,False,False,False,-1,-1
walk_motor,process_01,39,4,184,False,False,False,False,False,False,False,-1,-1
walk_motor,process_01,39,5,184,False,False,False,False,False,False,False,-1,-1
walk_motor,process_01,39,6,184,False,False,False,False,False,False,False,-1,-1
walk_motor,process_01,39,7,184,False,False,False,False,False,False,False,-1,-1
walk_motor,process_01,39,8,184,False,False,False,False,False,False,False,-1,-1
walk_motor,process_01,39,9,184,False,False,False,False,False,False,False,-1,-1
walk_motor,process_01,39,10,184,False,False,False,False,False,True,True,84,84
walk_motor,process_01,39,11,184,False,False,False,False,False,False,False,-1,-1
walk_motor,process_01,39,12,184,False,False,False,False,False,False,False,-1,-1
walk_motor,process_01,39,13,184,False,False,False,False,False,False,False,-1,-1
walk_motor,process_01,39,14,184,False,False,False,False,False,False,False,-1,-1
walk_motor,process_01,39,15,184,False,False,False,False,False,False,False,-1,-1
walk_motor,process_01,40,0,151,False,False,False,False,False,False,False,-1,-1
walk_motor,process_01,40,1,151,False,False,False,False,False,False,False,-1,-1
walk_motor,process_01,40,2,151,False,False,False,True,True,False,False,265,260
walk_motor,process_01,40,3,151,False,False,False,False,False,False,False,-1,-1
walk_motor,process_01,40,4,151,False,False,False,False,False,False,False,-1,-1
walk_motor,process_01,40,5,151,False,False,False,False,False,False,False,-1,-1
walk_motor,process_01,40,6,151,False,False,False,False,False,False,False,-1,-1
walk_motor,process_01,40,7,151,False,False,False,False,False,False,False,-1,-1
walk_motor,process_01,40,8,151,False,False,False,False,False,False,False,-1,-1
walk_motor,process_01,40,9,151,False,False,False,False,False,False,False,-1,-1
walk_motor,process_01,40,10,151,False,False,False,False,False,False,False,-1,-1
walk_motor,process_01,40,11,151,False,False,False,False,False,False,False,-1,-1
walk_motor,process_01,40,12,151,False,False,False,False,False,False,False,-1,-1
walk_motor,process_01,40,13,151,False,False,False,False,False,False,False,-1,-1
walk_motor,process_01,40,14,151,False,False,False,False,False,False,False,-1,-1
walk_motor,process_01,40,15,151,False,False,False,False,False,False,False,-1,-1
walk_motor,process_01,41,0,134,False,False,False,False,False,False,False,-1,-1
walk_motor,process_01,41,1,134,False,False,False,False,False,False,False,-1,-1
walk_motor,process_01,41,2,134,False,False,False,False,False,False,False,-1,-1
walk_motor,process_01,41,3,134,False,False,False,False,False,False,False,-1,-1
walk_motor,process_01,41,4,134,False,False,False,False,False,False,False,-1,-1
walk_motor,process_01,41,5,134,False,False,False,False,False,False,False,-1,-1
walk_motor,process_01,41,6,134,False,False,False,False,False,False,False,-1,-1
walk_motor,process_01,41,7,134,False,False,False,False,False,False,False,-1,-1
walk_motor,process_01,41,8,134,False,False,False,False,False,False,False,-1,-1
walk_motor,process_01,41,9,134,False,False,False,False,False,False,False,-1,-1
walk_motor,process_01,41,10,134,False,False,False,False,False,False,False,-1,-1
walk_motor,process_01,41,11,134,False,False,False,False,False,False,False,-1,-1
walk_motor,process_01,41,12,134,False,False,False,False,False,False,False,-1,-1
walk_motor,process_01,41,13,134,False,False,False,False,False,False,False,-1,-1
walk_motor,process_01,41,14,134,False,False,False,False,False,False,False,-1,-1
walk_motor,process_01,41,15,134,False,False,False,False,False,False,False,-1,-1
walk_motor,process_01,42,0,175,False,False,False,False,False,False,False,-1,-1
walk_motor,process_01,42,1,175,False,False,False,False,False,False,False,-1,-1
walk_motor,process_01,42,2,175,False,False,False,False,False,True,True,79,79
walk_motor,process_01,42,3,175,False,False,False,False,False,False,False,-1,-1
walk_motor,process_01,42,4,175,False,False,False,False,False,False,False,-1,-1
walk_motor,process_01,42,5,175,False,False,False,False,False,False,False,-1,-1
walk_motor,process_01,42,6,175,False,False,False,False,False,False,False,-1,-1
walk_motor,process_01,42,7,175,False,False,False,False,False,True,True,85,85
walk_motor,process_01,42,8,175,False,False,False,False,False,False,False,-1,-1
walk_motor,process_01,42,9,175,False,False,False,False,False,True,True,165,168
walk_motor,process_01,42,10,175,False,False,False,False,False,False,False,-1,-1
walk_motor,process_01,42,11,175,False,False,False,False,False,False,False,-1,-1
walk_motor,process_01,42,12,175,False,False,False,False,False,False,False,-1,-1
walk_motor,process_01,42,13,175,False,False,False,False,False,False,False,-1,-1
walk_motor,process_01,42,14,175,False,False,False,False,False,False,False,-1,-1
walk_motor,process_01,42,15,175,False,False,False,False,False,False,False,-1,-1
walk_motor,process_01,43,0,119,False,False,False,False,False,False,False,-1,-1
walk_motor,process_01,43,1,119,False,False,False,False,False,False,False,-1,-1
walk_motor,process_01,43,2,119,False,False,False,False,False,False,False,-1,-1
walk_motor,process_01,43,3,119,False,False,False,False,False,False,False,-1,-1
walk_motor,process_01,43,4,119,False,False,False,False,False,False,False,-1,-1
walk_motor,process_01,43,5,119,False,False,False,False,False,False,False,-1,-1
walk_motor,process_01,43,6,119,False,False,False,False,False,False,False,-1,-1
walk_motor,process_01,43,7,119,False,False,False,False,False,False,False,-1,-1
walk_motor,process_01,43,8,119,False,False,False,False,False,False,False,-1,-1
walk_motor,process_01,43,9,119,False,False,False,False,False,False,False,-1,-1
walk_motor,process_01,43,10,119,False,False,False,False,False,False,False,-1,-1
walk_motor,process_01,43,11,119,False,False,False,False,False,False,False,-1,-1
walk_motor,process_01,43,12,119,False,False,False,False,False,False,False,-1,-1
walk_motor,process_01,43,13,119,False,False,False,False,False,False,False,-1,-1
walk_motor,process_01,43,14,119,False,False,False,False,False,False,False,-1,-1
walk_motor,process_01,43,15,119,False,False,False,False,False,True,True,105,105
walk_motor,process_01,44,0,182,False,False,False,False,False,True,True,117,117
walk_motor,process_01,44,1,182,False,False,False,False,False,False,False,-1,-1
walk_motor,process_01,44,2,182,False,False,False,False,False,False,False,-1,-1
walk_motor,process_01,44,3,182,False,False,False,False,False,False,False,-1,-1
walk_motor,process_01,44,4,182,False,False,False,False,False,False,False,-1,-1
walk_motor,process_01,44,5,182,False,False,False,False,False,False,False,-1,-1
walk_motor,process_01,44,6,182,False,False,False,False,False,False,False,-1,-1
walk_motor,process_01,44,7,182,False,False,False,False,False,False,False,-1,-1
walk_motor,process_01,44,8,182,False,False,False,True,True,False,False,416,489
walk_motor,process_01,44,9,182,False,False,False,False,False,False,False,-1,-1
walk_motor,process_01,44,10,182,False,False,False,False,False,False,False,-1,-1
walk_motor,process_01,44,11,182,False,False,False,False,False,False,False,-1,-1
walk_motor,process_01,44,12,182,False,False,False,False,False,False,False,-1,-1
walk_motor,process_01,44,13,182,False,False,False,False,False,False,False,-1,-1
walk_motor,process_01,44,14,182,False,False,False,False,False,False,False,-1,-1
walk_motor,process_01,44,15,182,False,False,False,False,False,False,False,-1,-1
walk_motor,process_01,45,0,102,False,True,False,False,False,False,False,-1,-1
walk_motor,process_01,45,1,102,False,True,False,False,False,False,False,-1,-1
walk_motor,process_01,45,2,102,False,True,False,False,False,False,False,-1,-1
walk_motor,process_01,45,3,102,False,True,False,False,False,False,False,-1,-1
walk_motor,process_01,45,4,102,False,True,False,False,False,False,False,-1,-1
walk_motor,process_01,45,5,102,False,True,False,True,True,False,False,129,130
walk_motor,process_01,45,6,102,False,True,False,False,False,False,False,-1,-1
walk_motor,process_01,45,7,102,False,True,False,True,True,False,False,192,186
walk_motor,process_01,45,8,102,False,True,False,False,False,False,False,-1,-1
walk_motor,process_01,45,9,102,False,True,False,False,False,False,False,-1,-1
walk_motor,process_01,45,10,102,False,True,False,False,False,False,False,-1,-1
walk_motor,process_01,45,11,102,False,True,False,False,False,True,True,27,27
walk_motor,process_01,45,12,102,False,True,False,False,False,False,False,-1,-1
walk_motor,process_01,45,13,102,False,True,False,False,False,False,False,-1,-1
walk_motor,process_01,45,14,102,False,True,False,True,True,False,False,193,196
walk_motor,process_01,45,15,102,False,True,False,False,False,False,False,-1,-1
walk_motor,process_01,46,0,112,False,True,False,False,False,False,False,-1,-1
walk_motor,process_01,46,1,112,False,True,False,False,False,False,False,-1,-1
walk_motor,process_01,46,2,112,False,True,False,False,False,False,False,-1,-1
walk_motor,process_01,46,3,112,False,True,False,False,False,False,False,-1,-1
walk_motor,process_01,46,4,112,False,True,False,False,False,False,False,-1,-1
walk_motor,process_01,46,5,112,False,True,False,False,False,False,False,-1,-1
walk_motor,process_01,46,6,112,False,True,False,False,False,False,False,-1,-1
walk_motor,process_01,46,7,112,False,True,False,False,False,False,False,-1,-1
walk_motor,process_01,46,8,112,False,True,False,False,False,False,False,-1,-1
walk_motor,process_01,46,9,112,False,True,False,False,False,False,False,-1,-1
walk_motor,process_01,46,10,112,False,True,False,True,True,False,False,228,227
walk_motor,process_01,46,11,112,False,True,False,False,False,False,False,-1,-1
walk_motor,process_01,46,12,112,False,True,False,True,True,False,False,185,185
walk_motor,process_01,46,13,112,False,True,False,False,False,False,False,-1,-1
walk_motor,process_01,46,14,112,False,True,False,False,False,True,True,84,84
walk_motor,process_01,46,15,112,False,True,False,False,False,False,False,-1,-1
walk_motor,process_01,47,0,113,False,True,False,False,False,False,False,-1,-1
walk_motor,process_01,47,1,113,False,True,False,False,False,False,False,-1,-1
walk_motor,process_01,47,2,113,False,True,False,False,False,False,False,-1,-1
walk_motor,process_01,47,3,113,False,True,False,False,False,False,False,-1,-1
walk_motor,process_01,47,4,113,False,True,False,False,False,False,False,-1,-1
walk_motor,process_01,47,5,113,False,True,False,False,False,False,False,-1,-1
walk_motor,process_01,47,6,113,False,True,False,False,False,False,False,-1,-1
walk_motor,process_01,47,7,113,False,True,False,False,False,False,False,-1,-1
walk_motor,process_01,47,8,113,False,True,False,False,False,False,False,-1,-1
walk_motor,process_01,47,9,113,False,True,False,False,False,False,False,-1,-1
walk_motor,process_01,47,10,113,False,True,False,False,False,False,False,-1,-1
walk_motor,process_01,47,11,113,False,True,False,False,False,False,False,-1,-1
walk_motor,process_01,47,12,113,False,True,False,False,False,False,False,-1,-1
walk_motor,process_01,47,13,113,False,True,False,False,False,False,False,-1,-1
walk_motor,process_01,47,14,113,False,True,False,False,False,False,False,-1,-1
walk_motor,process_01,47,15,113,False,True,False,True,False,False,False,308,-1
walk_obs,process_01,0,0,139,True,True,True,True,False,False,False,236,-1
walk_obs,process_01,0,1,139,True,True,True,True,False,False,False,340,-1
walk_obs,process_01,0,2,139,True,True,True,False,False,False,False,-1,-1
walk_obs,process_01,0,3,139,True,True,True,True,False,False,False,192,-1
walk_obs,process_01,0,4,139,True,True,True,True,True,False,False,151,151
walk_obs,process_01,0,5,139,True,True,True,False,False,False,False,-1,-1
walk_obs,process_01,0,6,139,True,True,True,False,False,False,False,-1,-1
walk_obs,process_01,0,7,139,True,True,True,True,False,False,False,319,-1
walk_obs,process_01,0,8,139,True,True,True,False,False,False,False,-1,-1
walk_obs,process_01,0,9,139,True,True,True,False,False,False,False,-1,-1
walk_obs,process_01,0,10,139,True,True,True,False,False,False,False,-1,-1
walk_obs,process_01,0,11,139,True,True,True,False,False,False,False,-1,-1
walk_obs,process_01,0,12,139,True,True,True,False,False,False,False,-1,-1
walk_obs,process_01,0,13,139,True,True,True,False,False,False,False,-1,-1
walk_obs,process_01,0,14,139,True,True,True,False,False,False,False,-1,-1
walk_obs,process_01,0,15,139,True,True,True,False,False,False,False,-1,-1
walk_obs,process_01,1,0,190,True,False,False,False,False,True,True,86,86
walk_obs,process_01,1,1,190,True,False,True,False,False,False,False,-1,-1
walk_obs,process_01,1,2,190,True,False,True,False,False,False,False,-1,-1
walk_obs,process_01,1,3,190,True,False,True,False,False,False,False,-1,-1
walk_obs,process_01,1,4,190,True,False,True,False,False,False,False,-1,-1
walk_obs,process_01,1,5,190,True,False,True,False,False,False,False,-1,-1
walk_obs,process_01,1,6,190,True,False,True,False,False,False,False,-1,-1
walk_obs,process_01,1,7,190,True,False,True,False,False,False,False,-1,-1
walk_obs,process_01,1,8,190,True,False,True,False,False,False,False,-1,-1
walk_obs,process_01,1,9,190,True,False,True,False,False,False,False,-1,-1
walk_obs,process_01,1,10,190,True,False,True,True,False,False,False,474,-1
walk_obs,process_01,1,11,190,True,False,True,False,False,False,False,-1,-1
walk_obs,process_01,1,12,190,True,False,True,False,False,False,False,-1,-1
walk_obs,process_01,1,13,190,True,False,True,False,False,False,False,-1,-1
walk_obs,process_01,1,14,190,True,False,True,False,False,False,False,-1,-1
walk_obs,process_01,1,15,190,True,False,False,False,False,True,True,75,75
walk_obs,process_01,2,0,158,True,False,True,False,False,False,False,-1,-1
walk_obs,process_01,2,1,158,True,False,True,False,False,False,False,-1,-1
walk_obs,process_01,2,2,158,True,False,True,False,False,False,False,-1,-1
walk_obs,process_01,2,3,158,True,False,True,True,True,False,False,162,162
walk_obs,process_01,2,4,158,True,False,True,False,False,False,False,-1,-1
walk_obs,process_01,2,5,158,True,False,True,False,False,False,False,-1,-1
walk_obs,process_01,2,6,158,True,False,True,False,False,False,False,-1,-1
walk_obs,process_01,2,7,158,True,False,True,False,False,False,False,-1,-1
walk_obs,process_01,2,8,158,True,False,True,False,False,False,False,-1,-1
walk_obs,process_01,2,9,158,True,False,True,False,False,False,False,-1,-1
walk_obs,process_01,2,10,158,True,False,True,False,False,False,False,-1,-1
walk_obs,process_01,2,11,158,True,False,True,True,False,False,False,280,-1
walk_obs,process_01,2,12,158,True,False,True,False,False,False,False,-1,-1
walk_obs,process_01,2,13,158,True,False,True,True,False,False,False,325,-1
walk_obs,process_01,2,14,158,True,False,True,False,False,False,False,-1,-1
walk_obs,process_01,2,15,158,True,False,True,False,False,False,False,-1,-1
walk_obs,process_01,3,0,195,True,False,True,False,False,False,False,-1,-1
walk_obs,process_01,3,1,195,True,False,True,False,False,False,False,-1,-1
walk_obs,process_01,3,2,195,True,False,True,False,False,False,False,-1,-1
walk_obs,process_01,3,3,195,True,False,True,False,False,False,False,-1,-1
walk_obs,process_01,3,4,195,True,False,True,False,False,False,False,-1,-1
walk_obs,process_01,3,5,195,True,False,True,False,False,False,False,-1,-1
walk_obs,process_01,3,6,195,True,False,True,False,False,False,False,-1,-1
walk_obs,process_01,3,7,195,True,False,True,False,False,False,False,-1,-1
walk_obs,process_01,3,8,195,True,False,True,False,False,False,False,-1,-1
walk_obs,process_01,3,9,195,True,False,True,True,False,False,False,247,-1
walk_obs,process_01,3,10,195,True,False,True,False,False,False,False,-1,-1
walk_obs,process_01,3,11,195,True,False,True,False,False,False,False,-1,-1
walk_obs,process_01,3,12,195,True,False,True,False,False,False,False,-1,-1
walk_obs,process_01,3,13,195,True,False,True,False,False,False,False,-1,-1
walk_obs,process_01,3,14,195,True,False,True,True,False,False,False,302,-1
walk_obs,process_01,3,15,195,True,False,True,False,False,False,False,-1,-1
walk_obs,process_01,4,0,194,True,False,True,False,False,False,False,-1,-1
walk_obs,process_01,4,1,194,True,False,True,True,False,False,False,358,-1
walk_obs,process_01,4,2,194,True,False,False,False,False,True,True,120,120
walk_obs,process_01,4,3,194,True,False,True,False,False,False,False,-1,-1
walk_obs,process_01,4,4,194,True,False,True,False,False,False,False,-1,-1
walk_obs,process_01,4,5,194,True,False,True,False,False,False,False,-1,-1
walk_obs,process_01,4,6,194,True,False,True,False,False,False,False,-1,-1
walk_obs,process_01,4,7,194,True,False,True,False,False,False,False,-1,-1
walk_obs,process_01,4,8,194,True,False,True,False,False,False,False,-1,-1
walk_obs,process_01,4,9,194,True,False,True,False,False,False,False,-1,-1
walk_obs,process_01,4,10,194,True,False,True,False,False,False,False,-1,-1
walk_obs,process_01,4,11,194,True,False,True,False,False,False,False,-1,-1
walk_obs,process_01,4,12,194,True,False,True,False,False,False,False,-1,-1
walk_obs,process_01,4,13,194,True,False,True,False,False,False,False,-1,-1
walk_obs,process_01,4,14,194,True,False,True,False,False,False,False,-1,-1
walk_obs,process_01,4,15,194,True,False,True,True,False,False,False,264,-1
walk_obs,process_01,5,0,117,True,True,True,True,False,False,False,193,-1
walk_obs,process_01,5,1,117,True,True,True,False,False,False,False,-1,-1
walk_obs,process_01,5,2,117,True,True,True,False,False,False,False,-1,-1
walk_obs,process_01,5,3,117,True,True,True,False,False,False,False,-1,-1
walk_obs,process_01,5,4,117,True,True,True,True,False,False,False,483,-1
walk_obs,process_01,5,5,117,True,True,True,False,False,False,False,-1,-1
walk_obs,process_01,5,6,117,True,True,True,False,False,False,False,-1,-1
walk_obs,process_01,5,7,117,True,True,True,False,False,False,False,-1,-1
walk_obs,process_01,5,8,117,True,True,True,False,False,False,False,-1,-1
walk_obs,process_01,5,9,117,True,True,True,False,False,False,False,-1,-1
walk_obs,process_01,5,10,117,True,True,True,True,False,False,False,437,-1
walk_obs,process_01,5,11,117,True,True,True,False,False,False,False,-1,-1
walk_obs,process_01,5,12,117,True,True,True,False,False,False,False,-1,-1
walk_obs,process_01,5,13,117,True,True,True,False,False,False,False,-1,-1
walk_obs,process_01,5,14,117,True,True,True,False,False,False,False,-1,-1
walk_obs,process_01,5,15,117,True,True,False,False,False,True,True,45,45
walk_obs,process_01,6,0,197,True,False,True,False,False,False,False,-1,-1
walk_obs,process_01,6,1,197,True,False,True,False,False,False,False,-1,-1
walk_obs,process_01,6,2,197,True,False,True,False,False,False,False,-1,-1
walk_obs,process_01,6,3,197,True,False,True,False,False,False,False,-1,-1
walk_obs,process_01,6,4,197,True,False,True,False,False,False,False,-1,-1
walk_obs,process_01,6,5,197,True,False,True,True,False,False,False,409,-1
walk_obs,process_01,6,6,197,True,False,True,False,False,False,False,-1,-1
walk_obs,process_01,6,7,197,True,False,True,False,False,False,False,-1,-1
walk_obs,process_01,6,8,197,True,False,True,False,False,False,False,-1,-1
walk_obs,process_01,6,9,197,True,False,True,False,False,False,False,-1,-1
walk_obs,process_01,6,10,197,True,False,True,False,False,False,False,-1,-1
walk_obs,process_01,6,11,197,True,False,True,False,False,False,False,-1,-1
walk_obs,process_01,6,12,197,True,False,True,False,False,False,False,-1,-1
walk_obs,process_01,6,13,197,True,False,True,False,False,False,False,-1,-1
walk_obs,process_01,6,14,197,True,False,True,False,False,False,False,-1,-1
walk_obs,process_01,6,15,197,True,False,True,False,False,False,False,-1,-1
walk_obs,process_01,7,0,183,True,False,True,False,False,False,False,-1,-1
walk_obs,process_01,7,1,183,True,False,True,True,False,False,False,258,-1
walk_obs,process_01,7,2,183,True,False,False,False,False,True,True,131,131
walk_obs,process_01,7,3,183,True,False,True,False,False,False,False,-1,-1
walk_obs,process_01,7,4,183,True,False,True,False,False,False,False,-1,-1
walk_obs,process_01,7,5,183,True,False,True,False,False,False,False,-1,-1
walk_obs,process_01,7,6,183,True,False,True,False,False,False,False,-1,-1
walk_obs,process_01,7,7,183,True,False,True,False,False,False,False,-1,-1
walk_obs,process_01,7,8,183,True,False,True,True,False,False,False,389,-1
walk_obs,process_01,7,9,183,True,False,True,False,False,False,False,-1,-1
walk_obs,process_01,7,10,183,True,False,True,False,False,False,False,-1,-1
walk_obs,process_01,7,11,183,True,False,True,False,False,False,False,-1,-1
walk_obs,process_01,7,12,183,True,False,True,False,False,False,False,-1,-1
walk_obs,process_01,7,13,183,True,False,True,False,False,False,False,-1,-1
walk_obs,process_01,7,14,183,True,False,True,False,False,False,False,-1,-1
walk_obs,process_01,7,15,183,True,False,True,False,False,False,False,-1,-1
walk_obs,process_01,8,0,158,True,False,True,True,False,False,False,399,-1
walk_obs,process_01,8,1,158,True,False,True,False,False,False,False,-1,-1
walk_obs,process_01,8,2,158,True,False,True,False,False,False,False,-1,-1
walk_obs,process_01,8,3,158,True,False,True,False,False,False,False,-1,-1
walk_obs,process_01,8,4,158,True,False,True,False,False,False,False,-1,-1
walk_obs,process_01,8,5,158,True,False,True,False,False,False,False,-1,-1
walk_obs,process_01,8,6,158,True,False,True,True,False,False,False,471,-1
walk_obs,process_01,8,7,158,True,False,True,False,False,False,False,-1,-1
walk_obs,process_01,8,8,158,True,False,True,False,False,False,False,-1,-1
walk_obs,process_01,8,9,158,True,False,True,False,False,False,False,-1,-1
walk_obs,process_01,8,10,158,True,False,True,False,False,False,False,-1,-1
walk_obs,process_01,8,11,158,True,False,True,False,False,False,False,-1,-1
walk_obs,process_01,8,12,158,True,False,True,False,False,False,False,-1,-1
walk_obs,process_01,8,13,158,True,False,True,False,False,False,False,-1,-1
walk_obs,process_01,8,14,158,True,False,True,False,False,False,False,-1,-1
walk_obs,process_01,8,15,158,True,False,True,False,False,False,False,-1,-1
walk_obs,process_01,9,0,160,True,False,True,True,False,False,False,252,-1
walk_obs,process_01,9,1,160,True,False,True,False,False,False,False,-1,-1
walk_obs,process_01,9,2,160,True,False,True,False,False,False,False,-1,-1
walk_obs,process_01,9,3,160,True,False,True,False,False,False,False,-1,-1
walk_obs,process_01,9,4,160,True,False,True,False,False,False,False,-1,-1
walk_obs,process_01,9,5,160,True,False,True,True,True,False,False,170,172
walk_obs,process_01,9,6,160,True,False,False,False,False,True,True,158,158
walk_obs,process_01,9,7,160,True,False,False,False,False,True,True,98,98
walk_obs,process_01,9,8,160,True,False,True,False,False,False,False,-1,-1
walk_obs,process_01,9,9,160,True,False,True,False,False,False,False,-1,-1
walk_obs,process_01,9,10,160,True,False,True,False,False,False,False,-1,-1
walk_obs,process_01,9,11,160,True,False,True,True,False,False,False,306,-1
walk_obs,process_01,9,12,160,True,False,True,False,False,False,False,-1,-1
walk_obs,process_01,9,13,160,True,False,True,False,False,False,False,-1,-1
walk_obs,process_01,9,14,160,True,False,True,False,False,False,False,-1,-1
walk_obs,process_01,9,15,160,True,False,True,False,False,False,False,-1,-1
walk_obs,process_01,10,0,169,True,False,True,False,False,False,False,-1,-1
walk_obs,process_01,10,1,169,True,False,True,True,False,False,False,416,-1
walk_obs,process_01,10,2,169,True,False,True,False,False,False,False,-1,-1
walk_obs,process_01,10,3,169,True,False,True,False,False,False,False,-1,-1
walk_obs,process_01,10,4,169,True,False,True,False,False,False,False,-1,-1
walk_obs,process_01,10,5,169,True,False,True,False,False,False,False,-1,-1
walk_obs,process_01,10,6,169,True,False,True,False,False,False,False,-1,-1
walk_obs,process_01,10,7,169,True,False,True,True,False,False,False,469,-1
walk_obs,process_01,10,8,169,True,False,True,False,False,False,False,-1,-1
walk_obs,process_01,10,9,169,True,False,True,False,False,False,False,-1,-1
walk_obs,process_01,10,10,169,True,False,True,False,False,False,False,-1,-1
walk_obs,process_01,10,11,169,True,False,True,False,False,False,False,-1,-1
walk_obs,process_01,10,12,169,True,False,True,False,False,False,False,-1,-1
walk_obs,process_01,10,13,169,True,False,True,True,False,False,False,204,-1
walk_obs,process_01,10,14,169,True,False,True,True,True,False,False,198,196
walk_obs,process_01,10,15,169,True,False,True,False,False,False,False,-1,-1
walk_obs,process_01,11,0,180,True,False,True,False,False,False,False,-1,-1
walk_obs,process_01,11,1,180,True,False,True,False,False,False,False,-1,-1
walk_obs,process_01,11,2,180,True,False,True,False,False,False,False,-1,-1
walk_obs,process_01,11,3,180,True,False,True,False,False,False,False,-1,-1
walk_obs,process_01,11,4,180,True,False,True,False,False,False,False,-1,-1
walk_obs,process_01,11,5,180,True,False,True,True,False,False,False,234,-1
walk_obs,process_01,11,6,180,True,False,True,False,False,False,False,-1,-1
walk_obs,process_01,11,7,180,True,False,True,False,False,False,False,-1,-1
walk_obs,process_01,11,8,180,True,False,True,True,False,False,False,246,-1
walk_obs,process_01,11,9,180,True,False,True,False,False,False,False,-1,-1
walk_obs,process_01,11,10,180,True,False,True,False,False,False,False,-1,-1
walk_obs,process_01,11,11,180,True,False,True,True,False,False,False,267,-1
walk_obs,process_01,11,12,180,True,False,True,False,False,False,False,-1,-1
walk_obs,process_01,11,13,180,True,False,False,False,False,True,True,143,143
walk_obs,process_01,11,14,180,True,False,True,True,False,False,False,232,-1
walk_obs,process_01,11,15,180,True,False,True,False,False,False,False,-1,-1
walk_obs,process_01,12,0,179,True,False,True,False,False,False,False,-1,-1
walk_obs,process_01,12,1,179,True,False,True,False,False,False,False,-1,-1
walk_obs,process_01,12,2,179,True,False,True,False,False,False,False,-1,-1
walk_obs,process_01,12,3,179,True,False,True,False,False,False,False,-1,-1
walk_obs,process_01,12,4,179,True,False,True,False,False,False,False,-1,-1
walk_obs,process_01,12,5,179,True,False,True,False,False,False,False,-1,-1
walk_obs,process_01,12,6,179,True,False,True,False,False,False,False,-1,-1
walk_obs,process_01,12,7,179,True,False,True,False,False,False,False,-1,-1
walk_obs,process_01,12,8,179,True,False,True,False,False,False,False,-1,-1
walk_obs,process_01,12,9,179,True,False,True,False,False,False,False,-1,-1
walk_obs,process_01,12,10,179,True,False,True,False,False,False,False,-1,-1
walk_obs,process_01,12,11,179,True,False,True,True,False,False,False,336,-1
walk_obs,process_01,12,12,179,True,False,True,True,False,False,False,240,-1
walk_obs,process_01,12,13,179,True,False,False,False,False,True,True,79,79
walk_obs,process_01,12,14,179,True,False,True,False,False,False,False,-1,-1
walk_obs,process_01,12,15,179,True,False,True,True,False,False,False,330,-1
walk_obs,process_01,13,0,104,True,True,True,False,False,False,False,-1,-1
walk_obs,process_01,13,1,104,True,True,True,True,False,False,False,264,-1
walk_obs,process_01,13,2,104,True,True,True,True,False,False,False,144,-1
walk_obs,process_01,13,3,104,True,True,True,False,False,False,False,-1,-1
walk_obs,process_01,13,4,104,True,True,True,False,False,False,False,-1,-1
walk_obs,process_01,13,5,104,True,True,True,False,False,False,False,-1,-1
walk_obs,process_01,13,6,104,True,True,True,True,False,False,False,324,-1
walk_obs,process_01,13,7,104,True,True,True,True,False,False,False,251,-1
walk_obs,process_01,13,8,104,True,True,True,True,False,False,False,334,-1
walk_obs,process_01,13,9,104,True,True,True,False,False,False,False,-1,-1
walk_obs,process_01,13,10,104,True,True,True,False,False,False,False,-1,-1
walk_obs,process_01,13,11,104,True,True,True,True,False,False,False,412,-1
walk_obs,process_01,13,12,104,True,True,True,False,False,False,False,-1,-1
walk_obs,process_01,13,13,104,True,True,True,False,False,False,False,-1,-1
walk_obs,process_01,13,14,104,True,True,True,False,False,False,False,-1,-1
walk_obs,process_01,13,15,104,True,True,True,False,False,False,False,-1,-1
walk_obs,process_01,14,0,179,True,False,True,False,False,False,False,-1,-1
walk_obs,process_01,14,1,179,True,False,True,False,False,False,False,-1,-1
walk_obs,process_01,14,2,179,True,False,True,False,False,False,False,-1,-1
walk_obs,process_01,14,3,179,True,False,True,False,False,False,False,-1,-1
walk_obs,process_01,14,4,179,True,False,True,True,False,False,False,247,-1
walk_obs,process_01,14,5,179,True,False,True,False,False,False,False,-1,-1
walk_obs,process_01,14,6,179,True,False,True,False,False,False,False,-1,-1
walk_obs,process_01,14,7,179,True,False,True,False,False,False,False,-1,-1
walk_obs,process_01,14,8,179,True,False,True,False,False,False,False,-1,-1
walk_obs,process_01,14,9,179,True,False,True,False,False,False,False,-1,-1
walk_obs,process_01,14,10,179,True,False,True,True,False,False,False,204,-1
walk_obs,process_01,14,11,179,True,False,True,False,False,False,False,-1,-1
walk_obs,process_01,14,12,179,True,False,True,False,False,False,False,-1,-1
walk_obs,process_01,14,13,179,True,False,True,False,False,False,False,-1,-1
walk_obs,process_01,14,14,179,True,False,True,False,False,False,False,-1,-1
walk_obs,process_01,14,15,179,True,False,True,False,False,False,False,-1,-1
walk_obs,process_01,15,0,107,True,True,True,False,False,False,False,-1,-1
walk_obs,process_01,15,1,107,True,True,True,False,False,False,False,-1,-1
walk_obs,process_01,15,2,107,True,True,True,False,False,False,False,-1,-1
walk_obs,process_01,15,3,107,True,True,True,False,False,False,False,-1,-1
walk_obs,process_01,15,4,107,True,True,True,False,False,False,False,-1,-1
walk_obs,process_01,15,5,107,True,True,True,True,False,False,False,217,-1
walk_obs,process_01,15,6,107,True,True,True,True,True,False,False,108,108
walk_obs,process_01,15,7,107,True,True,True,False,False,False,False,-1,-1
walk_obs,process_01,15,8,107,True,True,True,True,False,False,False,470,-1
walk_obs,process_01,15,9,107,True,True,True,False,False,False,False,-1,-1
walk_obs,process_01,15,10,107,True,True,True,False,False,False,False,-1,-1
walk_obs,process_01,15,11,107,True,True,False,False,False,True,True,42,42
walk_obs,process_01,15,12,107,True,True,True,True,False,False,False,303,-1
walk_obs,process_01,15,13,107,True,True,True,True,False,False,False,271,-1
walk_obs,process_01,15,14,107,True,True,True,False,False,False,False,-1,-1
walk_obs,process_01,15,15,107,True,True,True,False,False,False,False,-1,-1
walk_obs,process_01,16,0,198,True,False,False,False,False,True,True,146,146
walk_obs,process_01,16,1,198,True,False,True,False,False,False,False,-1,-1
walk_obs,process_01,16,2,198,True,False,False,False,False,True,True,82,82
walk_obs,process_01,16,3,198,True,False,True,False,False,False,False,-1,-1
walk_obs,process_01,16,4,198,True,False,True,False,False,False,False,-1,-1
walk_obs,process_01,16,5,198,True,False,True,True,False,False,False,426,-1
walk_obs,process_01,16,6,198,True,False,True,True,True,False,False,200,199
walk_obs,process_01,16,7,198,True,False,True,False,False,False,False,-1,-1
walk_obs,process_01,16,8,198,True,False,True,False,False,False,False,-1,-1
walk_obs,process_01,16,9,198,True,False,True,False,False,False,False,-1,-1
walk_obs,process_01,16,10,198,True,False,True,False,False,False,False,-1,-1
walk_obs,process_01,16,11,198,True,False,True,False,False,False,False,-1,-1
walk_obs,process_01,16,12,198,True,False,True,False,False,False,False,-1,-1
walk_obs,process_01,16,13,198,True,False,True,False,False,False,False,-1,-1
walk_obs,process_01,16,14,198,True,False,True,False,False,False,False,-1,-1
walk_obs,process_01,16,15,198,True,False,True,False,False,False,False,-1,-1
walk_obs,process_01,17,0,165,True,False,True,False,False,False,False,-1,-1
walk_obs,process_01,17,1,165,True,False,True,False,False,False,False,-1,-1
walk_obs,process_01,17,2,165,True,False,True,False,False,False,False,-1,-1
walk_obs,process_01,17,3,165,True,False,True,False,False,False,False,-1,-1
walk_obs,process_01,17,4,165,True,False,True,False,False,False,False,-1,-1
walk_obs,process_01,17,5,165,True,False,True,False,False,False,False,-1,-1
walk_obs,process_01,17,6,165,True,False,True,False,False,False,False,-1,-1
walk_obs,process_01,17,7,165,True,False,False,False,False,True,True,108,108
walk_obs,process_01,17,8,165,True,False,True,False,False,False,False,-1,-1
walk_obs,process_01,17,9,165,True,False,True,False,False,False,False,-1,-1
walk_obs,process_01,17,10,165,True,False,True,True,False,False,False,182,-1
walk_obs,process_01,17,11,165,True,False,True,False,False,False,False,-1,-1
walk_obs,process_01,17,12,165,True,False,True,False,False,False,False,-1,-1
walk_obs,process_01,17,13,165,True,False,True,False,False,False,False,-1,-1
walk_obs,process_01,17,14,165,True,False,True,False,False,False,False,-1,-1
walk_obs,process_01,17,15,165,True,False,True,True,False,False,False,349,-1
walk_obs,process_01,18,0,121,True,True,True,False,False,False,False,-1,-1
walk_obs,process_01,18,1,121,True,True,True,False,False,False,False,-1,-1
walk_obs,process_01,18,2,121,True,True,True,True,False,False,False,364,-1
walk_obs,process_01,18,3,121,True,True,True,False,False,False,False,-1,-1
walk_obs,process_01,18,4,121,True,True,True,False,False,False,False,-1,-1
walk_obs,process_01,18,5,121,True,True,True,False,False,False,False,-1,-1
walk_obs,process_01,18,6,121,True,True,True,False,False,False,False,-1,-1
walk_obs,process_01,18,7,121,True,True,False,False,False,True,True,79,79
walk_obs,process_01,18,8,121,True,True,True,False,False,False,False,-1,-1
walk_obs,process_01,18,9,121,True,True,True,True,False,False,False,164,-1
walk_obs,process_01,18,10,121,True,True,True,False,False,False,False,-1,-1
walk_obs,process_01,18,11,121,True,True,True,False,False,False,False,-1,-1
walk_obs,process_01,18,12,121,True,True,False,False,False,True,True,105,105
walk_obs,process_01,18,13,121,True,True,True,True,False,False,False,275,-1
walk_obs,process_01,18,14,121,True,True,False,False,False,True,True,53,53
walk_obs,process_01,18,15,121,True,True,True,False,False,False,False,-1,-1
walk_obs,process_01,19,0,161,True,False,True,False,False,False,False,-1,-1
walk_obs,process_01,19,1,161,True,False,True,False,False,False,False,-1,-1
walk_obs,process_01,19,2,161,True,False,True,False,False,False,False,-1,-1
walk_obs,process_01,19,3,161,True,False,True,False,False,False,False,-1,-1
walk_obs,process_01,19,4,161,True,False,True,True,False,False,False,265,-1
walk_obs,process_01,19,5,161,True,False,True,False,False,False,False,-1,-1
walk_obs,process_01,19,6,161,True,False,True,False,False,False,False,-1,-1
walk_obs,process_01,19,7,161,True,False,True,True,False,False,False,205,-1
walk_obs,process_01,19,8,161,True,False,True,False,False,False,False,-1,-1
walk_obs,process_01,19,9,161,True,False,True,False,False,False,False,-1,-1
walk_obs,process_01,19,10,161,True,False,True,False,False,False,False,-1,-1
walk_obs,process_01,19,11,161,True,False,False,False,False,True,True,41,41
walk_obs,process_01,19,12,161,True,False,True,True,False,False,False,233,-1
walk_obs,process_01,19,13,161,True,False,True,False,False,False,False,-1,-1
walk_obs,process_01,19,14,161,True,False,False,False,False,True,True,155,155
walk_obs,process_01,19,15,161,True,False,True,False,False,False,False,-1,-1
walk_obs,process_01,20,0,140,True,True,False,False,False,True,True,70,70
walk_obs,process_01,20,1,140,True,True,True,False,False,False,False,-1,-1
walk_obs,process_01,20,2,140,True,True,True,False,False,False,False,-1,-1
walk_obs,process_01,20,3,140,True,True,True,False,False,False,False,-1,-1
walk_obs,process_01,20,4,140,True,True,True,False,False,False,False,-1,-1
walk_obs,process_01,20,5,140,True,True,True,True,True,False,False,147,147
walk_obs,process_01,20,6,140,True,True,True,False,False,False,False,-1,-1
walk_obs,process_01,20,7,140,True,True,True,True,False,False,False,209,-1
walk_obs,process_01,20,8,140,True,True,True,False,False,False,False,-1,-1
walk_obs,process_01,20,9,140,True,True,True,False,False,False,False,-1,-1
walk_obs,process_01,20,10,140,True,True,True,False,False,False,False,-1,-1
walk_obs,process_01,20,11,140,True,True,True,False,False,False,False,-1,-1
walk_obs,process_01,20,12,140,True,True,True,False,False,False,False,-1,-1
walk_obs,process_01,20,13,140,True,True,True,False,False,False,False,-1,-1
walk_obs,process_01,20,14,140,True,True,True,False,False,False,False,-1,-1
walk_obs,process_01,20,15,140,True,True,True,False,False,False,False,-1,-1
walk_obs,process_01,21,0,162,True,False,True,True,True,False,False,198,217
walk_obs,process_01,21,1,162,True,False,True,False,False,False,False,-1,-1
walk_obs,process_01,21,2,162,True,False,True,False,False,False,False,-1,-1
walk_obs,process_01,21,3,162,True,False,True,False,False,False,False,-1,-1
walk_obs,process_01,21,4,162,True,False,True,False,False,False,False,-1,-1
walk_obs,process_01,21,5,162,True,False,True,False,False,False,False,-1,-1
walk_obs,process_01,21,6,162,True,False,True,False,False,False,False,-1,-1
walk_obs,process_01,21,7,162,True,False,True,False,False,False,False,-1,-1
walk_obs,process_01,21,8,162,True,False,True,True,False,False,False,234,-1
walk_obs,process_01,21,9,162,True,False,True,False,False,False,False,-1,-1
walk_obs,process_01,21,10,162,True,False,True,False,False,False,False,-1,-1
walk_obs,process_01,21,11,162,True,False,True,True,False,False,False,242,-1
walk_obs,process_01,21,12,162,True,False,True,False,False,False,False,-1,-1
walk_obs,process_01,21,13,162,True,False,True,False,False,False,False,-1,-1
walk_obs,process_01,21,14,162,True,False,False,False,False,True,True,90,90
walk_obs,process_01,21,15,162,True,False,True,True,False,False,False,217,-1
walk_obs,process_01,22,0,167,True,False,True,True,True,False,False,220,225
walk_obs,process_01,22,1,167,True,False,True,False,False,False,False,-1,-1
walk_obs,process_01,22,2,167,True,False,False,False,False,True,True,138,138
walk_obs,process_01,22,3,167,True,False,True,False,False,False,False,-1,-1
walk_obs,process_01,22,4,167,True,False,True,True,False,False,False,223,-1
walk_obs,process_01,22,5,167,True,False,True,False,False,False,False,-1,-1
walk_obs,process_01,22,6,167,True,False,True,False,False,False,False,-1,-1
walk_obs,process_01,22,7,167,True,False,True,False,False,False,False,-1,-1
walk_obs,process_01,22,8,167,True,False,True,False,False,False,False,-1,-1
walk_obs,process_01,22,9,167,True,False,True,False,False,False,False,-1,-1
walk_obs,process_01,22,10,167,True,False,True,False,False,False,False,-1,-1
walk_obs,process_01,22,11,167,True,False,True,False,False,False,False,-1,-1
walk_obs,process_01,22,12,167,True,False,True,False,False,False,False,-1,-1
walk_obs,process_01,22,13,167,True,False,True,False,False,False,False,-1,-1
walk_obs,process_01,22,14,167,True,False,True,True,False,False,False,321,-1
walk_obs,process_01,22,15,167,True,False,True,False,False,False,False,-1,-1
walk_obs,process_01,23,0,196,True,False,True,False,False,False,False,-1,-1
walk_obs,process_01,23,1,196,True,False,True,False,False,False,False,-1,-1
walk_obs,process_01,23,2,196,True,False,True,False,False,False,False,-1,-1
walk_obs,process_01,23,3,196,True,False,True,True,False,False,False,230,-1
walk_obs,process_01,23,4,196,True,False,True,True,False,False,False,332,-1
walk_obs,process_01,23,5,196,True,False,True,False,False,False,False,-1,-1
walk_obs,process_01,23,6,196,True,False,False,False,False,True,True,120,120
walk_obs,process_01,23,7,196,True,False,True,False,False,False,False,-1,-1
walk_obs,process_01,23,8,196,True,False,True,False,False,False,False,-1,-1
walk_obs,process_01,23,9,196,True,False,True,False,False,False,False,-1,-1
walk_obs,process_01,23,10,196,True,False,True,False,False,False,False,-1,-1
walk_obs,process_01,23,11,196,True,False,True,False,False,False,False,-1,-1
walk_obs,process_01,23,12,196,True,False,True,False,False,False,False,-1,-1
walk_obs,process_01,23,13,196,True,False,True,False,False,False,False,-1,-1
walk_obs,process_01,23,14,196,True,False,True,False,False,False,False,-1,-1
walk_obs,process_01,23,15,196,True,False,True,False,False,False,False,-1,-1
walk_obs,process_01,24,0,120,True,True,True,True,False,False,False,310,-1
walk_obs,process_01,24,1,120,True,True,True,False,False,False,False,-1,-1
walk_obs,process_01,24,2,120,True,True,True,False,False,False,False,-1,-1
walk_obs,process_01,24,3,120,True,True,True,False,False,False,False,-1,-1
walk_obs,process_01,24,4,120,True,True,True,False,False,False,False,-1,-1
walk_obs,process_01,24,5,120,True,True,True,False,False,False,False,-1,-1
walk_obs,process_01,24,6,120,True,True,False,False,False,True,True,109,109
walk_obs,process_01,24,7,120,True,True,True,False,False,False,False,-1,-1
walk_obs,process_01,24,8,120,True,True,True,True,False,False,False,168,-1
walk_obs,process_01,24,9,120,True,True,True,False,False,False,False,-1,-1
walk_obs,process_01,24,10,120,True,True,True,False,False,False,False,-1,-1
walk_obs,process_01,24,11,120,True,True,True,False,False,False,False,-1,-1
walk_obs,process_01,24,12,120,True,True,True,False,False,False,False,-1,-1
walk_obs,process_01,24,13,120,True,True,True,False,False,False,False,-1,-1
walk_obs,process_01,24,14,120,True,True,True,False,False,False,False,-1,-1
walk_obs,process_01,24,15,120,True,True,True,False,False,False,False,-1,-1
walk_obs,process_01,25,0,142,True,True,True,False,False,False,False,-1,-1
walk_obs,process_01,25,1,142,True,True,True,True,False,False,False,285,-1
walk_obs,process_01,25,2,142,True,True,True,True,True,False,False,145,145
walk_obs,process_01,25,3,142,True,True,True,False,False,False,False,-1,-1
walk_obs,process_01,25,4,142,True,True,True,False,False,False,False,-1,-1
walk_obs,process_01,25,5,142,True,True,True,False,False,False,False,-1,-1
walk_obs,process_01,25,6,142,True,True,False,False,False,True,True,140,140
walk_obs,process_01,25,7,142,True,True,True,False,False,False,False,-1,-1
walk_obs,process_01,25,8,142,True,True,True,True,False,False,False,278,-1
walk_obs,process_01,25,9,142,True,True,True,False,False,False,False,-1,-1
walk_obs,process_01,25,10,142,True,True,True,True,False,False,False,267,-1
walk_obs,process_01,25,11,142,True,True,True,False,False,False,False,-1,-1
walk_obs,process_01,25,12,142,True,True,True,False,False,False,False,-1,-1
walk_obs,process_01,25,13,142,True,True,True,False,False,False,False,-1,-1
walk_obs,process_01,25,14,142,True,True,True,False,False,False,False,-1,-1
walk_obs,process_01,25,15,142,True,True,True,False,False,False,False,-1,-1
walk_obs,process_01,26,0,164,True,False,True,False,False,False,False,-1,-1
walk_obs,process_01,26,1,164,True,False,True,False,False,False,False,-1,-1
walk_obs,process_01,26,2,164,True,False,True,False,False,False,False,-1,-1
walk_obs,process_01,26,3,164,True,False,True,False,False,False,False,-1,-1
walk_obs,process_01,26,4,164,True,False,True,True,True,False,False,450,272
walk_obs,process_01,26,5,164,True,False,True,False,False,False,False,-1,-1
walk_obs,process_01,26,6,164,True,False,True,False,False,False,False,-1,-1
walk_obs,process_01,26,7,164,True,False,True,False,False,False,False,-1,-1
walk_obs,process_01,26,8,164,True,False,True,True,False,False,False,366,-1
walk_obs,process_01,26,9,164,True,False,True,False,False,False,False,-1,-1
walk_obs,process_01,26,10,164,True,False,True,False,False,False,False,-1,-1
walk_obs,process_01,26,11,164,True,False,True,False,False,False,False,-1,-1
walk_obs,process_01,26,12,164,True,False,True,False,False,False,False,-1,-1
walk_obs,process_01,26,13,164,True,False,True,False,False,False,False,-1,-1
walk_obs,process_01,26,14,164,True,False,True,False,False,False,False,-1,-1
walk_obs,process_01,26,15,164,True,False,True,True,False,False,False,444,-1
walk_obs,process_01,27,0,168,True,False,True,False,False,False,False,-1,-1
walk_obs,process_01,27,1,168,True,False,True,False,False,False,False,-1,-1
walk_obs,process_01,27,2,168,True,False,True,True,False,False,False,274,-1
walk_obs,process_01,27,3,168,True,False,False,False,False,True,True,76,76
walk_obs,process_01,27,4,168,True,False,True,False,False,False,False,-1,-1
walk_obs,process_01,27,5,168,True,False,True,False,False,False,False,-1,-1
walk_obs,process_01,27,6,168,True,False,True,True,False,False,False,305,-1
walk_obs,process_01,27,7,168,True,False,True,False,False,False,False,-1,-1
walk_obs,process_01,27,8,168,True,False,True,True,True,False,False,206,209
walk_obs,process_01,27,9,168,True,False,True,False,False,False,False,-1,-1
walk_obs,process_01,27,10,168,True,False,True,True,True,False,False,239,252
walk_obs,process_01,27,11,168,True,False,False,False,False,True,True,88,88
walk_obs,process_01,27,12,168,True,False,True,False,False,False,False,-1,-1
walk_obs,process_01,27,13,168,True,False,False,False,False,True,True,100,100
walk_obs,process_01,27,14,168,True,False,True,False,False,False,False,-1,-1
walk_obs,process_01,27,15,168,True,False,True,False,False,False,False,-1,-1
walk_obs,process_01,28,0,144,True,True,True,False,False,False,False,-1,-1
walk_obs,process_01,28,1,144,True,True,True,False,False,False,False,-1,-1
walk_obs,process_01,28,2,144,True,True,True,False,False,False,False,-1,-1
walk_obs,process_01,28,3,144,True,True,True,False,False,False,False,-1,-1
walk_obs,process_01,28,4,144,True,True,True,False,False,False,False,-1,-1
walk_obs,process_01,28,5,144,True,True,True,True,False,False,False,189,-1
walk_obs,process_01,28,6,144,True,True,True,False,False,False,False,-1,-1
walk_obs,process_01,28,7,144,True,True,False,False,False,True,True,90,90
walk_obs,process_01,28,8,144,True,True,True,True,True,False,False,162,162
walk_obs,process_01,28,9,144,True,True,True,False,False,False,False,-1,-1
walk_obs,process_01,28,10,144,True,True,True,False,False,False,False,-1,-1
walk_obs,process_01,28,11,144,True,True,True,True,True,False,False,216,202
walk_obs,process_01,28,12,144,True,True,True,False,False,False,False,-1,-1
walk_obs,process_01,28,13,144,True,True,True,False,False,False,False,-1,-1
walk_obs,process_01,28,14,144,True,True,True,False,False,False,False,-1,-1
walk_obs,process_01,28,15,144,True,True,True,True,False,False,False,459,-1
walk_obs,process_01,29,0,101,True,True,True,False,False,False,False,-1,-1
walk_obs,process_01,29,1,101,True,True,True,True,False,False,False,146,-1
walk_obs,process_01,29,2,101,True,True,True,False,False,False,False,-1,-1
walk_obs,process_01,29,3,101,True,True,True,False,False,False,False,-1,-1
walk_obs,process_01,29,4,101,True,True,True,False,False,False,False,-1,-1
walk_obs,process_01,29,5,101,True,True,True,False,False,False,False,-1,-1
walk_obs,process_01,29,6,101,True,True,True,False,False,False,False,-1,-1
walk_obs,process_01,29,7,101,True,True,True,True,True,False,False,125,125
walk_obs,process_01,29,8,101,True,True,True,False,False,False,False,-1,-1
walk_obs,process_01,29,9,101,True,True,True,False,False,False,False,-1,-1
walk_obs,process_01,29,10,101,True,True,True,True,False,False,False,175,-1
walk_obs,process_01,29,11,101,True,True,True,False,False,False,False,-1,-1
walk_obs,process_01,29,12,101,True,True,True,False,False,False,False,-1,-1
walk_obs,process_01,29,13,101,True,True,True,False,False,False,False,-1,-1
walk_obs,process_01,29,14,101,True,True,True,False,False,False,False,-1,-1
walk_obs,process_01,29,15,101,True,True,True,True,False,False,False,416,-1
walk_obs,process_01,30,0,117,True,True,True,False,False,False,False,-1,-1
walk_obs,process_01,30,1,117,True,True,True,False,False,False,False,-1,-1
walk_obs,process_01,30,2,117,True,True,True,False,False,False,False,-1,-1
walk_obs,process_01,30,3,117,True,True,True,False,False,False,False,-1,-1
walk_obs,process_01,30,4,117,True,True,True,True,False,False,False,150,-1
walk_obs,process_01,30,5,117,True,True,True,False,False,False,False,-1,-1
walk_obs,process_01,30,6,117,True,True,True,True,False,False,False,338,-1
walk_obs,process_01,30,7,117,True,True,True,False,False,False,False,-1,-1
walk_obs,process_01,30,8,117,True,True,True,True,True,False,False,121,121
walk_obs,process_01,30,9,117,True,True,True,False,False,False,False,-1,-1
walk_obs,process_01,30,10,117,True,True,True,False,False,False,False,-1,-1
walk_obs,process_01,30,11,117,True,True,True,False,False,False,False,-1,-1
walk_obs,process_01,30,12,117,True,True,True,True,False,False,False,227,-1
walk_obs,process_01,30,13,117,True,True,True,False,False,False,False,-1,-1
walk_obs,process_01,30,14,117,True,True,True,True,False,False,False,412,-1
walk_obs,process_01,30,15,117,True,True,True,False,False,False,False,-1,-1
walk_obs,process_01,31,0,152,True,False,True,False,False,False,False,-1,-1
walk_obs,process_01,31,1,152,True,False,True,False,False,False,False,-1,-1
walk_obs,process_01,31,2,152,True,False,True,True,False,False,False,202,-1
walk_obs,process_01,31,3,152,True,False,True,False,False,False,False,-1,-1
walk_obs,process_01,31,4,152,True,False,True,False,False,False,False,-1,-1
walk_obs,process_01,31,5,152,True,False,True,False,False,False,False,-1,-1
walk_obs,process_01,31,6,152,True,False,True,False,False,False,False,-1,-1
walk_obs,process_01,31,7,152,True,False,True,False,False,False,False,-1,-1
walk_obs,process_01,31,8,152,True,False,True,False,False,False,False,-1,-1
walk_obs,process_01,31,9,152,True,False,True,False,False,False,False,-1,-1
walk_obs,process_01,31,10,152,True,False,True,False,False,False,False,-1,-1
walk_obs,process_01,31,11,152,True,False,True,False,False,False,False,-1,-1
walk_obs,process_01,31,12,152,True,False,True,True,False,False,False,173,-1
walk_obs,process_01,31,13,152,True,False,True,False,False,False,False,-1,-1
walk_obs,process_01,31,14,152,True,False,True,False,False,False,False,-1,-1
walk_obs,process_01,31,15,152,True,False,True,False,False,False,False,-1,-1
walk_obs,process_01,32,0,130,False,True,False,False,False,False,False,-1,-1
walk_obs,process_01,32,1,130,False,True,False,False,False,False,False,-1,-1
walk_obs,process_01,32,2,130,False,True,False,False,False,False,False,-1,-1
walk_obs,process_01,32,3,130,False,True,False,False,False,False,False,-1,-1
walk_obs,process_01,32,4,130,False,True,False,False,False,False,False,-1,-1
walk_obs,process_01,32,5,130,False,True,False,False,False,False,False,-1,-1
walk_obs,process_01,32,6,130,False,True,False,False,False,False,False,-1,-1
walk_obs,process_01,32,7,130,False,True,False,False,False,False,False,-1,-1
walk_obs,process_01,32,8,130,False,True,False,False,False,False,False,-1,-1
walk_obs,process_01,32,9,130,False,True,False,False,False,False,False,-1,-1
walk_obs,process_01,32,10,130,False,True,False,False,False,False,False,-1,-1
walk_obs,process_01,32,11,130,False,True,False,False,False,False,False,-1,-1
walk_obs,process_01,32,12,130,False,True,False,False,False,False,False,-1,-1
walk_obs,process_01,32,13,130,False,True,False,False,False,False,False,-1,-1
walk_obs,process_01,32,14,130,False,True,False,False,False,False,False,-1,-1
walk_obs,process_01,32,15,130,False,True,False,False,False,False,False,-1,-1
walk_obs,process_01,33,0,190,False,False,False,False,False,False,False,-1,-1
walk_obs,process_01,33,1,190,False,False,False,False,False,False,False,-1,-1
walk_obs,process_01,33,2,190,False,False,False,False,False,False,False,-1,-1
walk_obs,process_01,33,3,190,False,False,False,False,False,False,False,-1,-1
walk_obs,process_01,33,4,190,False,False,False,False,False,False,False,-1,-1
walk_obs,process_01,33,5,190,False,False,False,False,False,True,True,125,125
walk_obs,process_01,33,6,190,False,False,False,False,False,True,True,56,56
walk_obs,process_01,33,7,190,False,False,False,False,False,False,False,-1,-1
walk_obs,process_01,33,8,190,False,False,False,False,False,False,False,-1,-1
walk_obs,process_01,33,9,190,False,False,False,False,False,False,False,-1,-1
walk_obs,process_01,33,10,190,False,False,False,False,False,False,False,-1,-1
walk_obs,process_01,33,11,190,False,False,False,False,False,False,False,-1,-1
walk_obs,process_01,33,12,190,False,False,False,False,False,False,False,-1,-1
walk_obs,process_01,33,13,190,False,False,False,False,False,False,False,-1,-1
walk_obs,process_01,33,14,190,False,False,False,False,False,False,False,-1,-1
walk_obs,process_01,33,15,190,False,False,False,False,False,False,False,-1,-1
walk_obs,process_01,34,0,114,False,True,False,False,False,False,False,-1,-1
walk_obs,process_01,34,1,114,False,True,False,False,False,False,False,-1,-1
walk_obs,process_01,34,2,114,False,True,False,False,False,False,False,-1,-1
walk_obs,process_01,34,3,114,False,True,False,False,False,False,False,-1,-1
walk_obs,process_01,34,4,114,False,True,False,False,False,False,False,-1,-1
walk_obs,process_01,34,5,114,False,True,False,False,False,False,False,-1,-1
walk_obs,process_01,34,6,114,False,True,False,False,False,False,False,-1,-1
walk_obs,process_01,34,7,114,False,True,False,False,False,False,False,-1,-1
walk_obs,process_01,34,8,114,False,True,False,False,False,False,False,-1,-1
walk_obs,process_01,34,9,114,False,True,False,False,False,False,False,-1,-1
walk_obs,process_01,34,10,114,False,True,False,False,False,False,False,-1,-1
walk_obs,process_01,34,11,114,False,True,False,False,False,False,False,-1,-1
walk_obs,process_01,34,12,114,False,True,False,False,False,False,False,-1,-1
walk_obs,process_01,34,13,114,False,True,False,False,False,False,False,-1,-1
walk_obs,process_01,34,14,114,False,True,False,False,False,False,False,-1,-1
walk_obs,process_01,34,15,114,False,True,False,False,False,False,False,-1,-1
walk_obs,process_01,35,0,163,False,False,False,False,False,True,True,68,68
walk_obs,process_01,35,1,163,False,False,False,False,False,False,False,-1,-1
walk_obs,process_01,35,2,163,False,False,False,False,False,False,False,-1,-1
walk_obs,process_01,35,3,163,False,False,False,False,False,False,False,-1,-1
walk_obs,process_01,35,4,163,False,False,False,False,False,False,False,-1,-1
walk_obs,process_01,35,5,163,False,False,False,False,False,False,False,-1,-1
walk_obs,process_01,35,6,163,False,False,False,False,False,False,False,-1,-1
walk_obs,process_01,35,7,163,False,False,False,False,False,False,False,-1,-1
walk_obs,process_01,35,8,163,False,False,False,False,False,False,False,-1,-1
walk_obs,process_01,35,9,163,False,False,False,False,False,False,False,-1,-1
walk_obs,process_01,35,10,163,False,False,False,False,False,False,False,-1,-1
walk_obs,process_01,35,11,163,False,False,False,False,False,False,False,-1,-1
walk_obs,process_01,35,12,163,False,False,False,False,False,False,False,-1,-1
walk_obs,process_01,35,13,163,False,False,False,False,False,False,False,-1,-1
walk_obs,process_01,35,14,163,False,False,False,False,False,False,False,-1,-1
walk_obs,process_01,35,15,163,False,False,False,False,False,False,False,-1,-1
walk_obs,process_01,36,0,147,False,False,False,False,False,False,False,-1,-1
walk_obs,process_01,36,1,147,False,False,False,False,False,False,False,-1,-1
walk_obs,process_01,36,2,147,False,False,False,False,False,False,False,-1,-1
walk_obs,process_01,36,3,147,False,False,False,False,False,False,False,-1,-1
walk_obs,process_01,36,4,147,False,False,False,False,False,False,False,-1,-1
walk_obs,process_01,36,5,147,False,False,False,False,False,False,False,-1,-1
walk_obs,process_01,36,6,147,False,False,False,False,False,False,False,-1,-1
walk_obs,process_01,36,7,147,False,False,False,False,False,False,False,-1,-1
walk_obs,process_01,36,8,147,False,False,False,False,False,False,False,-1,-1
walk_obs,process_01,36,9,147,False,False,False,False,False,False,False,-1,-1
walk_obs,process_01,36,10,147,False,False,False,False,False,False,False,-1,-1
walk_obs,process_01,36,11,147,False,False,False,False,False,False,False,-1,-1
walk_obs,process_01,36,12,147,False,False,False,False,False,False,False,-1,-1
walk_obs,process_01,36,13,147,False,False,False,False,False,False,False,-1,-1
walk_obs,process_01,36,14,147,False,False,False,False,False,False,False,-1,-1
walk_obs,process_01,36,15,147,False,False,False,False,False,False,False,-1,-1
walk_obs,process_01,37,0,137,False,True,False,False,False,False,False,-1,-1
walk_obs,process_01,37,1,137,False,True,False,False,False,False,False,-1,-1
walk_obs,process_01,37,2,137,False,True,False,False,False,False,False,-1,-1
walk_obs,process_01,37,3,137,False,True,False,False,False,False,False,-1,-1
walk_obs,process_01,37,4,137,False,True,False,False,False,False,False,-1,-1
walk_obs,process_01,37,5,137,False,True,False,False,False,False,False,-1,-1
walk_obs,process_01,37,6,137,False,True,False,False,False,False,False,-1,-1
walk_obs,process_01,37,7,137,False,True,False,False,False,False,False,-1,-1
walk_obs,process_01,37,8,137,False,True,False,False,False,False,False,-1,-1
walk_obs,process_01,37,9,137,False,True,False,False,False,False,False,-1,-1
walk_obs,process_01,37,10,137,False,True,False,False,False,False,False,-1,-1
walk_obs,process_01,37,11,137,False,True,False,False,False,False,False,-1,-1
walk_obs,process_01,37,12,137,False,True,False,True,True,False,False,157,157
walk_obs,process_01,37,13,137,False,True,False,False,False,False,False,-1,-1
walk_obs,process_01,37,14,137,False,True,False,False,False,False,False,-1,-1
walk_obs,process_01,37,15,137,False,True,False,False,False,False,False,-1,-1
walk_obs,process_01,38,0,110,False,True,False,False,False,False,False,-1,-1
walk_obs,process_01,38,1,110,False,True,False,False,False,False,False,-1,-1
walk_obs,process_01,38,2,110,False,True,False,False,False,False,False,-1,-1
walk_obs,process_01,38,3,110,False,True,False,False,False,False,False,-1,-1
walk_obs,process_01,38,4,110,False,True,False,False,False,False,False,-1,-1
walk_obs,process_01,38,5,110,False,True,False,False,False,False,False,-1,-1
walk_obs,process_01,38,6,110,False,True,False,False,False,True,True,76,76
walk_obs,process_01,38,7,110,False,True,False,False,False,False,False,-1,-1
walk_obs,process_01,38,8,110,False,True,False,False,False,False,False,-1,-1
walk_obs,process_01,38,9,110,False,True,False,False,False,False,False,-1,-1
walk_obs,process_01,38,10,110,False,True,False,False,False,False,False,-1,-1
walk_obs,process_01,38,11,110,False,True,False,False,False,True,True,35,35
walk_obs,process_01,38,12,110,False,True,False,False,False,True,True,96,96
walk_obs,process_01,38,13,110,False,True,False,False,False,False,False,-1,-1
walk_obs,process_01,38,14,110,False,True,False,False,False,False,False,-1,-1
walk_obs,process_01,38,15,110,False,True,False,False,False,False,False,-1,-1
walk_obs,process_01,39,0,179,False,False,False,False,False,True,True,98,98
walk_obs,process_01,39,1,179,False,False,False,False,False,False,False,-1,-1
walk_obs,process_01,39,2,179,False,False,False,False,False,False,False,-1,-1
walk_obs,process_01,39,3,179,False,False,False,False,False,False,False,-1,-1
walk_obs,process_01,39,4,179,False,False,False,False,False,False,False,-1,-1
walk_obs,process_01,39,5,179,False,False,False,False,False,False,False,-1,-1
walk_obs,process_01,39,6,179,False,False,False,False,False,False,False,-1,-1
walk_obs,process_01,39,7,179,False,False,False,False,False,False,False,-1,-1
walk_obs,process_01,39,8,179,False,False,False,False,False,False,False,-1,-1
walk_obs,process_01,39,9,179,False,False,False,False,False,False,False,-1,-1
walk_obs,process_01,39,10,179,False,False,False,False,False,True,True,84,84
walk_obs,process_01,39,11,179,False,False,False,False,False,False,False,-1,-1
walk_obs,process_01,39,12,179,False,False,False,False,False,False,False,-1,-1
walk_obs,process_01,39,13,179,False,False,False,False,False,False,False,-1,-1
walk_obs,process_01,39,14,179,False,False,False,False,False,False,False,-1,-1
walk_obs,process_01,39,15,179,False,False,False,False,False,False,False,-1,-1
walk_obs,process_01,40,0,174,False,False,False,False,False,False,False,-1,-1
walk_obs,process_01,40,1,174,False,False,False,False,False,False,False,-1,-1
walk_obs,process_01,40,2,174,False,False,False,True,True,False,False,243,243
walk_obs,process_01,40,3,174,False,False,False,False,False,False,False,-1,-1
walk_obs,process_01,40,4,174,False,False,False,False,False,False,False,-1,-1
walk_obs,process_01,40,5,174,False,False,False,False,False,False,False,-1,-1
walk_obs,process_01,40,6,174,False,False,False,False,False,False,False,-1,-1
walk_obs,process_01,40,7,174,False,False,False,False,False,False,False,-1,-1
walk_obs,process_01,40,8,174,False,False,False,False,False,False,False,-1,-1
walk_obs,process_01,40,9,174,False,False,False,False,False,False,False,-1,-1
walk_obs,process_01,40,10,174,False,False,False,False,False,False,False,-1,-1
walk_obs,process_01,40,11,174,False,False,False,False,False,False,False,-1,-1
walk_obs,process_01,40,12,174,False,False,False,False,False,False,False,-1,-1
walk_obs,process_01,40,13,174,False,False,False,False,False,False,False,-1,-1
walk_obs,process_01,40,14,174,False,False,False,False,False,False,False,-1,-1
walk_obs,process_01,40,15,174,False,False,False,False,False,False,False,-1,-1
walk_obs,process_01,41,0,147,False,False,False,False,False,False,False,-1,-1
walk_obs,process_01,41,1,147,False,False,False,False,False,False,False,-1,-1
walk_obs,process_01,41,2,147,False,False,False,False,False,False,False,-1,-1
walk_obs,process_01,41,3,147,False,False,False,False,False,False,False,-1,-1
walk_obs,process_01,41,4,147,False,False,False,False,False,False,False,-1,-1
walk_obs,process_01,41,5,147,False,False,False,False,False,False,False,-1,-1
walk_obs,process_01,41,6,147,False,False,False,False,False,False,False,-1,-1
walk_obs,process_01,41,7,147,False,False,False,False,False,False,False,-1,-1
walk_obs,process_01,41,8,147,False,False,False,False,False,False,False,-1,-1
walk_obs,process_01,41,9,147,False,False,False,False,False,False,False,-1,-1
walk_obs,process_01,41,10,147,False,False,False,False,False,False,False,-1,-1
walk_obs,process_01,41,11,147,False,False,False,False,False,False,False,-1,-1
walk_obs,process_01,41,12,147,False,False,False,True,False,False,False,362,-1
walk_obs,process_01,41,13,147,False,False,False,False,False,False,False,-1,-1
walk_obs,process_01,41,14,147,False,False,False,False,False,False,False,-1,-1
walk_obs,process_01,41,15,147,False,False,False,False,False,False,False,-1,-1
walk_obs,process_01,42,0,152,False,False,False,False,False,False,False,-1,-1
walk_obs,process_01,42,1,152,False,False,False,False,False,False,False,-1,-1
walk_obs,process_01,42,2,152,False,False,False,False,False,True,True,79,79
walk_obs,process_01,42,3,152,False,False,False,False,False,False,False,-1,-1
walk_obs,process_01,42,4,152,False,False,False,False,False,False,False,-1,-1
walk_obs,process_01,42,5,152,False,False,False,False,False,False,False,-1,-1
walk_obs,process_01,42,6,152,False,False,False,False,False,False,False,-1,-1
walk_obs,process_01,42,7,152,False,False,False,False,False,True,True,85,85
walk_obs,process_01,42,8,152,False,False,False,False,False,False,False,-1,-1
walk_obs,process_01,42,9,152,False,False,False,True,True,False,False,161,164
walk_obs,process_01,42,10,152,False,False,False,False,False,False,False,-1,-1
walk_obs,process_01,42,11,152,False,False,False,False,False,False,False,-1,-1
walk_obs,process_01,42,12,152,False,False,False,False,False,False,False,-1,-1
walk_obs,process_01,42,13,152,False,False,False,False,False,False,False,-1,-1
walk_obs,process_01,42,14,152,False,False,False,False,False,False,False,-1,-1
walk_obs,process_01,42,15,152,False,False,False,False,False,False,False,-1,-1
walk_obs,process_01,43,0,191,False,False,False,False,False,False,False,-1,-1
walk_obs,process_01,43,1,191,False,False,False,False,False,False,False,-1,-1
walk_obs,process_01,43,2,191,False,False,False,False,False,False,False,-1,-1
walk_obs,process_01,43,3,191,False,False,False,False,False,False,False,-1,-1
walk_obs,process_01,43,4,191,False,False,False,False,False,False,False,-1,-1
walk_obs,process_01,43,5,191,False,False,False,False,False,False,False,-1,-1
walk_obs,process_01,43,6,191,False,False,False,False,False,False,False,-1,-1
walk_obs,process_01,43,7,191,False,False,False,False,False,False,False,-1,-1
walk_obs,process_01,43,8,191,False,False,False,False,False,False,False,-1,-1
walk_obs,process_01,43,9,191,False,False,False,False,False,False,False,-1,-1
walk_obs,process_01,43,10,191,False,False,False,False,False,False,False,-1,-1
walk_obs,process_01,43,11,191,False,False,False,False,False,False,False,-1,-1
walk_obs,process_01,43,12,191,False,False,False,False,False,False,False,-1,-1
walk_obs,process_01,43,13,191,False,False,False,False,False,False,False,-1,-1
walk_obs,process_01,43,14,191,False,False,False,False,False,False,False,-1,-1
walk_obs,process_01,43,15,191,False,False,False,False,False,True,True,105,105
walk_obs,process_01,44,0,167,False,False,False,False,False,True,True,117,117
walk_obs,process_01,44,1,167,False,False,False,False,False,False,False,-1,-1
walk_obs,process_01,44,2,167,False,False,False,False,False,False,False,-1,-1
walk_obs,process_01,44,3,167,False,False,False,False,False,False,False,-1,-1
walk_obs,process_01,44,4,167,False,False,False,False,False,False,False,-1,-1
walk_obs,process_01,44,5,167,False,False,False,False,False,False,False,-1,-1
walk_obs,process_01,44,6,167,False,False,False,False,False,False,False,-1,-1
walk_obs,process_01,44,7,167,False,False,False,False,False,False,False,-1,-1
walk_obs,process_01,44,8,167,False,False,False,True,True,False,False,428,443
walk_obs,process_01,44,9,167,False,False,False,False,False,False,False,-1,-1
walk_obs,process_01,44,10,167,False,False,False,False,False,False,False,-1,-1
walk_obs,process_01,44,11,167,False,False,False,False,False,False,False,-1,-1
walk_obs,process_01,44,12,167,False,False,False,False,False,False,False,-1,-1
walk_obs,process_01,44,13,167,False,False,False,False,False,False,False,-1,-1
walk_obs,process_01,44,14,167,False,False,False,False,False,False,False,-1,-1
walk_obs,process_01,44,15,167,False,False,False,False,False,False,False,-1,-1
walk_obs,process_01,45,0,133,False,True,False,False,False,False,False,-1,-1
walk_obs,process_01,45,1,133,False,True,False,False,False,False,False,-1,-1
walk_obs,process_01,45,2,133,False,True,False,False,False,False,False,-1,-1
walk_obs,process_01,45,3,133,False,True,False,False,False,False,False,-1,-1
walk_obs,process_01,45,4,133,False,True,False,False,False,False,False,-1,-1
walk_obs,process_01,45,5,133,False,True,False,False,False,True,True,130,130
walk_obs,process_01,45,6,133,False,True,False,False,False,False,False,-1,-1
walk_obs,process_01,45,7,133,False,True,False,True,True,False,False,183,184
walk_obs,process_01,45,8,133,False,True,False,False,False,False,False,-1,-1
walk_obs,process_01,45,9,133,False,True,False,False,False,False,False,-1,-1
walk_obs,process_01,45,10,133,False,True,False,False,False,False,False,-1,-1
walk_obs,process_01,45,11,133,False,True,False,False,False,True,True,27,27
walk_obs,process_01,45,12,133,False,True,False,False,False,False,False,-1,-1
walk_obs,process_01,45,13,133,False,True,False,False,False,False,False,-1,-1
walk_obs,process_01,45,14,133,False,True,False,True,True,False,False,213,220
walk_obs,process_01,45,15,133,False,True,False,False,False,False,False,-1,-1
walk_obs,process_01,46,0,112,False,True,False,False,False,False,False,-1,-1
walk_obs,process_01,46,1,112,False,True,False,False,False,False,False,-1,-1
walk_obs,process_01,46,2,112,False,True,False,False,False,False,False,-1,-1
walk_obs,process_01,46,3,112,False,True,False,False,False,False,False,-1,-1
walk_obs,process_01,46,4,112,False,True,False,False,False,False,False,-1,-1
walk_obs,process_01,46,5,112,False,True,False,False,False,False,False,-1,-1
walk_obs,process_01,46,6,112,False,True,False,False,False,False,False,-1,-1
walk_obs,process_01,46,7,112,False,True,False,False,False,False,False,-1,-1
walk_obs,process_01,46,8,112,False,True,False,False,False,False,False,-1,-1
walk_obs,process_01,46,9,112,False,True,False,False,False,False,False,-1,-1
walk_obs,process_01,46,10,112,False,True,False,False,True,False,False,-1,245
walk_obs,process_01,46,11,112,False,True,False,False,False,False,False,-1,-1
walk_obs,process_01,46,12,112,False,True,False,True,True,False,False,174,171
walk_obs,process_01,46,13,112,False,True,False,False,False,False,False,-1,-1
walk_obs,process_01,46,14,112,False,True,False,False,False,True,True,84,84
walk_obs,process_01,46,15,112,False,True,False,False,False,False,False,-1,-1
walk_obs,process_01,47,0,111,False,True,False,False,False,False,False,-1,-1
walk_obs,process_01,47,1,111,False,True,False,False,False,False,False,-1,-1
walk_obs,process_01,47,2,111,False,True,False,False,False,False,False,-1,-1
walk_obs,process_01,47,3,111,False,True,False,False,False,False,False,-1,-1
walk_obs,process_01,47,4,111,False,True,False,False,False,False,False,-1,-1
walk_obs,process_01,47,5,111,False,True,False,False,False,False,False,-1,-1
walk_obs,process_01,47,6,111,False,True,False,False,False,False,False,-1,-1
walk_obs,process_01,47,7,111,False,True,False,False,False,False,False,-1,-1
walk_obs,process_01,47,8,111,False,True,False,False,False,False,False,-1,-1
walk_obs,process_01,47,9,111,False,True,False,False,False,False,False,-1,-1
walk_obs,process_01,47,10,111,False,True,False,False,False,False,False,-1,-1
walk_obs,process_01,47,11,111,False,True,False,False,False,False,False,-1,-1
walk_obs,process_01,47,12,111,False,True,False,False,False,False,False,-1,-1
walk_obs,process_01,47,13,111,False,True,False,False,False,False,False,-1,-1
walk_obs,process_01,47,14,111,False,True,False,False,False,False,False,-1,-1
walk_obs,process_01,47,15,111,False,True,False,False,False,False,False,-1,-1
stand_motor,process_02,0,0,163,True,False,True,False,False,False,False,-1,-1
stand_motor,process_02,0,1,163,True,False,True,True,True,False,False,260,208
stand_motor,process_02,0,2,163,True,False,True,False,False,False,False,-1,-1
stand_motor,process_02,0,3,163,True,False,True,True,True,False,False,223,191
stand_motor,process_02,0,4,163,True,False,True,False,True,False,False,-1,225
stand_motor,process_02,0,5,163,True,False,True,False,False,False,False,-1,-1
stand_motor,process_02,0,6,163,True,False,True,True,False,False,False,231,-1
stand_motor,process_02,0,7,163,True,False,True,False,True,False,False,-1,216
stand_motor,process_02,0,8,163,True,False,True,False,False,False,False,-1,-1
stand_motor,process_02,0,9,163,True,False,True,False,False,False,False,-1,-1
stand_motor,process_02,0,10,163,True,False,True,False,True,False,False,-1,185
stand_motor,process_02,0,11,163,True,False,True,False,False,False,False,-1,-1
stand_motor,process_02,0,12,163,True,False,True,False,False,False,False,-1,-1
stand_motor,process_02,0,13,163,True,False,True,False,False,False,False,-1,-1
stand_motor,process_02,0,14,163,True,False,True,False,False,False,False,-1,-1
stand_motor,process_02,0,15,163,True,False,True,True,True,False,False,203,185
stand_motor,process_02,1,0,147,True,False,True,False,False,False,False,-1,-1
stand_motor,process_02,1,1,147,True,False,True,False,False,False,False,-1,-1
stand_motor,process_02,1,2,147,True,False,True,True,True,False,False,197,175
stand_motor,process_02,1,3,147,True,False,False,False,False,True,True,115,115
stand_motor,process_02,1,4,147,True,False,False,False,False,True,True,134,134
stand_motor,process_02,1,5,147,True,False,True,False,False,False,False,-1,-1
stand_motor,process_02,1,6,147,True,False,True,False,False,False,False,-1,-1
stand_motor,process_02,1,7,147,True,False,True,False,False,False,False,-1,-1
stand_motor,process_02,1,8,147,True,False,True,False,True,False,False,-1,198
stand_motor,process_02,1,9,147,True,False,True,True,True,False,False,207,166
stand_motor,process_02,1,10,147,True,False,True,False,False,False,False,-1,-1
stand_motor,process_02,1,11,147,True,False,True,False,True,False,False,-1,168
stand_motor,process_02,1,12,147,True,False,True,False,False,False,False,-1,-1
stand_motor,process_02,1,13,147,True,False,True,False,False,False,False,-1,-1
stand_motor,process_02,1,14,147,True,False,True,False,False,False,False,-1,-1
stand_motor,process_02,1,15,147,True,False,True,False,False,False,False,-1,-1
stand_motor,process_02,2,0,153,True,False,True,False,False,False,False,-1,-1
stand_motor,process_02,2,1,153,True,False,True,False,False,False,False,-1,-1
stand_motor,process_02,2,2,153,True,False,True,False,False,False,False,-1,-1
stand_motor,process_02,2,3,153,True,False,True,False,False,False,False,-1,-1
stand_motor,process_02,2,4,153,True,False,True,False,False,False,False,-1,-1
stand_motor,process_02,2,5,153,True,False,True,False,False,False,False,-1,-1
stand_motor,process_02,2,6,153,True,False,True,False,False,False,False,-1,-1
stand_motor,process_02,2,7,153,True,False,True,False,False,False,False,-1,-1
stand_motor,process_02,2,8,153,True,False,True,False,True,False,False,-1,213
stand_motor,process_02,2,9,153,True,False,True,False,False,False,False,-1,-1
stand_motor,process_02,2,10,153,True,False,True,False,False,False,False,-1,-1
stand_motor,process_02,2,11,153,True,False,True,False,False,False,False,-1,-1
stand_motor,process_02,2,12,153,True,False,True,False,False,False,False,-1,-1
stand_motor,process_02,2,13,153,True,False,True,False,False,False,False,-1,-1
stand_motor,process_02,2,14,153,True,False,True,False,False,False,False,-1,-1
stand_motor,process_02,2,15,153,True,False,True,False,False,False,False,-1,-1
stand_motor,process_02,3,0,150,True,False,True,False,True,False,False,-1,258
stand_motor,process_02,3,1,150,True,False,True,False,True,False,False,-1,179
stand_motor,process_02,3,2,150,True,False,True,False,False,False,False,-1,-1
stand_motor,process_02,3,3,150,True,False,True,False,True,False,False,-1,188
stand_motor,process_02,3,4,150,True,False,True,False,False,False,False,-1,-1
stand_motor,process_02,3,5,150,True,False,True,False,False,False,False,-1,-1
stand_motor,process_02,3,6,150,True,False,True,False,True,False,False,-1,189
stand_motor,process_02,3,7,150,True,False,True,False,False,False,False,-1,-1
stand_motor,process_02,3,8,150,True,False,True,False,False,False,False,-1,-1
stand_motor,process_02,3,9,150,True,False,True,False,False,False,False,-1,-1
stand_motor,process_02,3,10,150,True,False,True,False,False,False,False,-1,-1
stand_motor,process_02,3,11,150,True,False,True,False,True,False,False,-1,202
stand_motor,process_02,3,12,150,True,False,True,False,False,False,False,-1,-1
stand_motor,process_02,3,13,150,True,False,True,False,True,False,False,-1,182
stand_motor,process_02,3,14,150,True,False,True,False,True,False,False,-1,213
stand_motor,process_02,3,15,150,True,False,True,False,False,False,False,-1,-1
stand_motor,process_02,4,0,145,True,False,True,False,False,False,False,-1,-1
stand_motor,process_02,4,1,145,True,False,True,False,False,False,False,-1,-1
stand_motor,process_02,4,2,145,True,False,True,False,True,False,False,-1,196
stand_motor,process_02,4,3,145,True,False,True,True,True,False,False,185,167
stand_motor,process_02,4,4,145,True,False,True,False,False,False,False,-1,-1
stand_motor,process_02,4,5,145,True,False,True,True,True,False,False,168,164
stand_motor,process_02,4,6,145,True,False,True,False,False,False,False,-1,-1
stand_motor,process_02,4,7,145,True,False,True,False,False,False,False,-1,-1
stand_motor,process_02,4,8,145,True,False,True,False,False,False,False,-1,-1
stand_motor,process_02,4,9,145,True,False,True,False,True,False,False,-1,176
stand_motor,process_02,4,10,145,True,False,True,False,False,False,False,-1,-1
stand_motor,process_02,4,11,145,True,False,True,False,True,False,False,-1,198
stand_motor,process_02,4,12,145,True,False,True,False,True,False,False,-1,206
stand_motor,process_02,4,13,145,True,False,True,False,True,False,False,-1,194
stand_motor,process_02,4,14,145,True,False,True,False,False,False,False,-1,-1
stand_motor,process_02,4,15,145,True,False,True,False,False,False,False,-1,-1
stand_motor,process_02,5,0,134,True,False,True,True,True,False,False,197,171
stand_motor,process_02,5,1,134,True,False,True,False,False,False,False,-1,-1
stand_motor,process_02,5,2,134,True,False,True,False,True,False,False,-1,177
stand_motor,process_02,5,3,134,True,False,True,True,True,False,False,220,177
stand_motor,process_02,5,4,134,True,False,True,False,False,False,False,-1,-1
stand_motor,process_02,5,5,134,True,False,True,False,True,False,False,-1,155
stand_motor,process_02,5,6,134,True,False,True,False,True,False,False,-1,168
stand_motor,process_02,5,7,134,True,False,True,False,False,False,False,-1,-1
stand_motor,process_02,5,8,134,True,False,True,False,False,False,False,-1,-1
stand_motor,process_02,5,9,134,True,False,True,False,False,False,False,-1,-1
stand_motor,process_02,5,10,134,True,False,True,False,True,False,False,-1,174
stand_motor,process_02,5,11,134,True,False,True,False,False,False,False,-1,-1
stand_motor,process_02,5,12,134,True,False,True,False,True,False,False,-1,234
stand_motor,process_02,5,13,134,True,False,True,False,True,False,False,-1,169
stand_motor,process_02,5,14,134,True,False,True,False,False,False,False,-1,-1
stand_motor,process_02,5,15,134,True,False,True,False,False,False,False,-1,-1
stand_motor,process_02,6,0,112,True,True,True,True,True,False,False,164,160
stand_motor,process_02,6,1,112,True,True,True,False,False,False,False,-1,-1
stand_motor,process_02,6,2,112,True,True,False,False,False,True,True,84,84
stand_motor,process_02,6,3,112,True,True,True,False,True,False,False,-1,209
stand_motor,process_02,6,4,112,True,True,True,False,False,False,False,-1,-1
stand_motor,process_02,6,5,112,True,True,True,False,False,False,False,-1,-1
stand_motor,process_02,6,6,112,True,True,True,False,False,False,False,-1,-1
stand_motor,process_02,6,7,112,True,True,True,True,False,False,False,217,-1
stand_motor,process_02,6,8,112,True,True,True,False,False,False,False,-1,-1
stand_motor,process_02,6,9,112,True,True,True,False,True,False,False,-1,181
stand_motor,process_02,6,10,112,True,True,True,True,True,False,False,138,128
stand_motor,process_02,6,11,112,True,True,True,False,False,False,False,-1,-1
stand_motor,process_02,6,12,112,True,True,True,False,False,False,False,-1,-1
stand_motor,process_02,6,13,112,True,True,True,True,True,False,False,140,138
stand_motor,process_02,6,14,112,True,True,True,True,True,False,False,152,134
stand_motor,process_02,6,15,112,True,True,True,False,False,False,False,-1,-1
stand_motor,process_02,7,0,198,True,False,True,False,False,False,False,-1,-1
stand_motor,process_02,7,1,198,True,False,True,False,True,False,False,-1,239
stand_motor,process_02,7,2,198,True,False,True,False,False,False,False,-1,-1
stand_motor,process_02,7,3,198,True,False,True,False,True,False,False,-1,232
stand_motor,process_02,7,4,198,True,False,True,False,True,False,False,-1,225
stand_motor,process_02,7,5,198,True,False,True,False,False,False,False,-1,-1
stand_motor,process_02,7,6,198,True,False,True,False,False,False,False,-1,-1
stand_motor,process_02,7,7,198,True,False,True,False,False,False,False,-1,-1
stand_motor,process_02,7,8,198,True,False,False,False,False,True,True,145,146
stand_motor,process_02,7,9,198,True,False,True,False,True,False,False,-1,344
stand_motor,process_02,7,10,198,True,False,True,False,False,False,False,-1,-1
stand_motor,process_02,7,11,198,True,False,True,False,False,False,False,-1,-1
stand_motor,process_02,7,12,198,True,False,True,True,True,False,False,252,229
stand_motor,process_02,7,13,198,True,False,True,False,False,False,False,-1,-1
stand_motor,process_02,7,14,198,True,False,True,False,True,False,False,-1,242
stand_motor,process_02,7,15,198,True,False,True,True,True,False,False,235,227
stand_motor,process_02,8,0,162,True,False,True,False,False,False,False,-1,-1
stand_motor,process_02,8,1,162,True,False,True,False,False,False,False,-1,-1
stand_motor,process_02,8,2,162,True,False,True,True,True,False,False,202,187
stand_motor,process_02,8,3,162,True,False,True,True,True,False,False,201,183
stand_motor,process_02,8,4,162,True,False,True,True,True,False,False,195,185
stand_motor,process_02,8,5,162,True,False,True,False,False,False,False,-1,-1
stand_motor,process_02,8,6,162,True,False,True,False,True,False,False,-1,188
stand_motor,process_02,8,7,162,True,False,True,False,False,False,False,-1,-1
stand_motor,process_02,8,8,162,True,False,True,False,False,False,False,-1,-1
stand_motor,process_02,8,9,162,True,False,True,False,False,False,False,-1,-1
stand_motor,process_02,8,10,162,True,False,True,True,True,False,False,219,205
stand_motor,process_02,8,11,162,True,False,True,False,True,False,False,-1,213
stand_motor,process_02,8,12,162,True,False,True,False,True,False,False,-1,260
stand_motor,process_02,8,13,162,True,False,True,False,True,False,False,-1,196
stand_motor,process_02,8,14,162,True,False,True,False,True,False,False,-1,192
stand_motor,process_02,8,15,162,True,False,True,False,True,False,False,-1,182
stand_motor,process_02,9,0,145,True,False,True,False,False,False,False,-1,-1
stand_motor,process_02,9,1,145,True,False,True,False,False,False,False,-1,-1
stand_motor,process_02,9,2,145,True,False,True,False,True,False,False,-1,182
stand_motor,process_02,9,3,145,True,False,True,False,True,False,False,-1,220
stand_motor,process_02,9,4,145,True,False,True,False,True,False,False,-1,190
stand_motor,process_02,9,5,145,True,False,True,False,True,False,False,-1,188
stand_motor,process_02,9,6,145,True,False,True,False,True,False,False,-1,170
stand_motor,process_02,9,7,145,True,False,True,False,False,False,False,-1,-1
stand_motor,process_02,9,8,145,True,False,True,False,False,False,False,-1,-1
stand_motor,process_02,9,9,145,True,False,True,False,False,False,False,-1,-1
stand_motor,process_02,9,10,145,True,False,True,False,False,False,False,-1,-1
stand_motor,process_02,9,11,145,True,False,True,True,True,False,False,168,165
stand_motor,process_02,9,12,145,True,False,True,False,True,False,False,-1,172
stand_motor,process_02,9,13,145,True,False,True,False,False,False,False,-1,-1
stand_motor,process_02,9,14,145,True,False,True,False,False,False,False,-1,-1
stand_motor,process_02,9,15,145,True,False,True,False,False,False,False,-1,-1
stand_motor,process_02,10,0,174,True,False,True,True,True,False,False,217,195
stand_motor,process_02,10,1,174,True,False,True,False,False,False,False,-1,-1
stand_motor,process_02,10,2,174,True,False,True,False,False,False,False,-1,-1
stand_motor,process_02,10,3,174,True,False,True,False,True,False,False,-1,195
stand_motor,process_02,10,4,174,True,False,True,False,False,False,False,-1,-1
stand_motor,process_02,10,5,174,True,False,True,False,False,False,False,-1,-1
stand_motor,process_02,10,6,174,True,False,True,False,True,False,False,-1,200
stand_motor,process_02,10,7,174,True,False,True,False,False,False,False,-1,-1
stand_motor,process_02,10,8,174,True,False,True,False,True,False,False,-1,210
stand_motor,process_02,10,9,174,True,False,True,False,True,False,False,-1,208
stand_motor,process_02,10,10,174,True,False,True,False,False,False,False,-1,-1
stand_motor,process_02,10,11,174,True,False,True,False,False,False,False,-1,-1
stand_motor,process_02,10,12,174,True,False,True,False,True,False,False,-1,205
stand_motor,process_02,10,13,174,True,False,True,True,True,False,False,206,192
stand_motor,process_02,10,14,174,True,False,True,False,False,False,False,-1,-1
stand_motor,process_02,10,15,174,True,False,True,True,True,False,False,218,211
stand_motor,process_02,11,0,184,True,False,True,False,False,False,False,-1,-1
stand_motor,process_02,11,1,184,True,False,True,True,True,False,False,243,212
stand_motor,process_02,11,2,184,True,False,True,False,False,False,False,-1,-1
stand_motor,process_02,11,3,184,True,False,True,False,False,False,False,-1,-1
stand_motor,process_02,11,4,184,True,False,True,False,False,False,False,-1,-1
stand_motor,process_02,11,5,184,True,False,True,True,True,False,False,227,226
stand_motor,process_02,11,6,184,True,False,True,False,False,False,False,-1,-1
stand_motor,process_02,11,7,184,True,False,True,False,True,False,False,-1,230
stand_motor,process_02,11,8,184,True,False,True,True,True,False,False,222,209
stand_motor,process_02,11,9,184,True,False,True,False,False,False,False,-1,-1
stand_motor,process_02,11,10,184,True,False,True,False,False,False,False,-1,-1
stand_motor,process_02,11,11,184,True,False,True,False,True,False,False,-1,220
stand_motor,process_02,11,12,184,True,False,True,True,True,False,False,247,206
stand_motor,process_02,11,13,184,True,False,True,False,False,False,False,-1,-1
stand_motor,process_02,11,14,184,True,False,True,False,True,False,False,-1,453
stand_motor,process_02,11,15,184,True,False,True,True,True,False,False,231,208
stand_motor,process_02,12,0,152,True,False,True,False,True,False,False,-1,176
stand_motor,process_02,12,1,152,True,False,True,False,False,False,False,-1,-1
stand_motor,process_02,12,2,152,True,False,True,False,False,False,False,-1,-1
stand_motor,process_02,12,3,152,True,False,True,False,False,False,False,-1,-1
stand_motor,process_02,12,4,152,True,False,True,False,False,False,False,-1,-1
stand_motor,process_02,12,5,152,True,False,True,False,True,False,False,-1,187
stand_motor,process_02,12,6,152,True,False,True,False,True,False,False,-1,195
stand_motor,process_02,12,7,152,True,False,True,False,False,False,False,-1,-1
stand_motor,process_02,12,8,152,True,False,True,False,False,False,False,-1,-1
stand_motor,process_02,12,9,152,True,False,True,False,False,False,False,-1,-1
stand_motor,process_02,12,10,152,True,False,True,False,True,False,False,-1,209
stand_motor,process_02,12,11,152,True,False,True,False,True,False,False,-1,204
stand_motor,process_02,12,12,152,True,False,True,False,False,False,False,-1,-1
stand_motor,process_02,12,13,152,True,False,True,False,False,False,False,-1,-1
stand_motor,process_02,12,14,152,True,False,True,False,False,False,False,-1,-1
stand_motor,process_02,12,15,152,True,False,True,False,False,False,False,-1,-1
stand_motor,process_02,13,0,197,True,False,True,False,True,False,False,-1,245
stand_motor,process_02,13,1,197,True,False,True,False,False,False,False,-1,-1
stand_motor,process_02,13,2,197,True,False,True,False,False,False,False,-1,-1
stand_motor,process_02,13,3,197,True,False,True,False,False,False,False,-1,-1
stand_motor,process_02,13,4,197,True,False,True,False,True,False,False,-1,246
stand_motor,process_02,13,5,197,True,False,True,False,False,False,False,-1,-1
stand_motor,process_02,13,6,197,True,False,True,False,True,False,False,-1,220
stand_motor,process_02,13,7,197,True,False,True,False,True,False,False,-1,221
stand_motor,process_02,13,8,197,True,False,True,False,False,False,False,-1,-1
stand_motor,process_02,13,9,197,True,False,True,False,True,False,False,-1,220
stand_motor,process_02,13,10,197,True,False,True,False,True,False,False,-1,354
stand_motor,process_02,13,11,197,True,False,True,False,True,False,False,-1,295
stand_motor,process_02,13,12,197,True,False,True,False,False,False,False,-1,-1
stand_motor,process_02,13,13,197,True,False,True,False,False,False,False,-1,-1
stand_motor,process_02,13,14,197,True,False,True,True,True,False,False,354,236
stand_motor,process_02,13,15,197,True,False,True,False,False,False,False,-1,-1
stand_motor,process_02,14,0,154,True,False,True,True,True,False,False,185,173
stand_motor,process_02,14,1,154,True,False,True,True,True,False,False,186,183
stand_motor,process_02,14,2,154,True,False,True,True,True,False,False,178,175
stand_motor,process_02,14,3,154,True,False,True,True,True,False,False,194,179
stand_motor,process_02,14,4,154,True,False,True,False,False,False,False,-1,-1
stand_motor,process_02,14,5,154,True,False,True,False,False,False,False,-1,-1
stand_motor,process_02,14,6,154,True,False,True,False,True,False,False,-1,177
stand_motor,process_02,14,7,154,True,False,True,False,False,False,False,-1,-1
stand_motor,process_02,14,8,154,True,False,True,False,True,False,False,-1,179
stand_motor,process_02,14,9,154,True,False,True,False,False,False,False,-1,-1
stand_motor,process_02,14,10,154,True,False,True,False,False,False,False,-1,-1
stand_motor,process_02,14,11,154,True,False,True,False,True,False,False,-1,184
stand_motor,process_02,14,12,154,True,False,True,False,False,False,False,-1,-1
stand_motor,process_02,14,13,154,True,False,True,True,True,False,False,188,178
stand_motor,process_02,14,14,154,True,False,True,False,True,False,False,-1,206
stand_motor,process_02,14,15,154,True,False,True,False,False,False,False,-1,-1
stand_motor,process_02,15,0,188,True,False,True,False,False,False,False,-1,-1
stand_motor,process_02,15,1,188,True,False,True,False,False,False,False,-1,-1
stand_motor,process_02,15,2,188,True,False,True,False,True,False,False,-1,215
stand_motor,process_02,15,3,188,True,False,True,False,False,False,False,-1,-1
stand_motor,process_02,15,4,188,True,False,True,True,True,False,False,227,217
stand_motor,process_02,15,5,188,True,False,True,False,False,False,False,-1,-1
stand_motor,process_02,15,6,188,True,False,True,False,False,False,False,-1,-1
stand_motor,process_02,15,7,188,True,False,True,False,True,False,False,-1,256
stand_motor,process_02,15,8,188,True,False,True,False,False,False,False,-1,-1
stand_motor,process_02,15,9,188,True,False,True,False,False,False,False,-1,-1
stand_motor,process_02,15,10,188,True,False,True,False,False,False,False,-1,-1
stand_motor,process_02,15,11,188,True,False,True,False,True,False,False,-1,238
stand_motor,process_02,15,12,188,True,False,True,False,True,False,False,-1,239
stand_motor,process_02,15,13,188,True,False,True,False,False,False,False,-1,-1
stand_motor,process_02,15,14,188,True,False,True,False,False,False,False,-1,-1
stand_motor,process_02,15,15,188,True,False,True,True,True,False,False,213,209
stand_motor,process_02,16,0,117,True,True,True,False,True,False,False,-1,162
stand_motor,process_02,16,1,117,True,True,True,False,False,False,False,-1,-1
stand_motor,process_02,16,2,117,True,True,True,False,True,False,False,-1,241
stand_motor,process_02,16,3,117,True,True,True,False,False,False,False,-1,-1
stand_motor,process_02,16,4,117,True,True,True,True,True,False,False,220,142
stand_motor,process_02,16,5,117,True,True,True,True,True,False,False,118,118
stand_motor,process_02,16,6,117,True,True,True,False,False,False,False,-1,-1
stand_motor,process_02,16,7,117,True,True,True,False,True,False,False,-1,144
stand_motor,process_02,16,8,117,True,True,True,True,True,False,False,165,138
stand_motor,process_02,16,9,117,True,True,True,False,False,False,False,-1,-1
stand_motor,process_02,16,10,117,True,True,True,False,False,False,False,-1,-1
stand_motor,process_02,16,11,117,True,True,True,False,False,False,False,-1,-1
stand_motor,process_02,16,12,117,True,True,True,False,False,False,False,-1,-1
stand_motor,process_02,16,13,117,True,True,True,False,True,False,False,-1,192
stand_motor,process_02,16,14,117,True,True,True,False,False,False,False,-1,-1
stand_motor,process_02,16,15,117,True,True,True,False,True,False,False,-1,166
stand_motor,process_02,17,0,147,True,False,True,False,True,False,False,-1,201
stand_motor,process_02,17,1,147,True,False,True,False,False,False,False,-1,-1
stand_motor,process_02,17,2,147,True,False,True,False,True,False,False,-1,174
stand_motor,process_02,17,3,147,True,False,True,False,False,False,False,-1,-1
stand_motor,process_02,17,4,147,True,False,True,False,False,False,False,-1,-1
stand_motor,process_02,17,5,147,True,False,True,False,False,False,False,-1,-1
stand_motor,process_02,17,6,147,True,False,True,False,True,False,False,-1,174
stand_motor,process_02,17,7,147,True,False,True,False,False,False,False,-1,-1
stand_motor,process_02,17,8,147,True,False,True,True,True,False,False,173,165
stand_motor,process_02,17,9,147,True,False,True,False,True,False,False,-1,204
stand_motor,process_02,17,10,147,True,False,True,False,True,False,False,-1,174
stand_motor,process_02,17,11,147,True,False,True,False,False,False,False,-1,-1
stand_motor,process_02,17,12,147,True,False,True,True,True,False,False,190,168
stand_motor,process_02,17,13,147,True,False,True,True,True,False,False,185,169
stand_motor,process_02,17,14,147,True,False,True,True,True,False,False,173,169
stand_motor,process_02,17,15,147,True,False,True,False,False,False,False,-1,-1
stand_motor,process_02,18,0,198,True,False,True,False,True,False,False,-1,249
stand_motor,process_02,18,1,198,True,False,True,False,True,False,False,-1,223
stand_motor,process_02,18,2,198,True,False,True,False,False,False,False,-1,-1
stand_motor,process_02,18,3,198,True,False,True,False,False,False,False,-1,-1
stand_motor,process_02,18,4,198,True,False,True,False,True,False,False,-1,256
stand_motor,process_02,18,5,198,True,False,True,False,False,False,False,-1,-1
stand_motor,process_02,18,6,198,True,False,True,True,True,False,False,238,222
stand_motor,process_02,18,7,198,True,False,True,False,True,False,False,-1,227
stand_motor,process_02,18,8,198,True,False,True,False,False,False,False,-1,-1
stand_motor,process_02,18,9,198,True,False,True,False,True,False,False,-1,243
stand_motor,process_02,18,10,198,True,False,True,False,False,False,False,-1,-1
stand_motor,process_02,18,11,198,True,False,True,False,False,False,False,-1,-1
stand_motor,process_02,18,12,198,True,False,True,False,True,False,False,-1,243
stand_motor,process_02,18,13,198,True,False,True,False,False,False,False,-1,-1
stand_motor,process_02,18,14,198,True,False,True,False,False,False,False,-1,-1
stand_motor,process_02,18,15,198,True,False,True,False,True,False,False,-1,338
stand_motor,process_02,19,0,103,True,True,True,False,False,False,False,-1,-1
stand_motor,process_02,19,1,103,True,True,True,False,True,False,False,-1,172
stand_motor,process_02,19,2,103,True,True,True,False,False,False,False,-1,-1
stand_motor,process_02,19,3,103,True,True,True,False,False,False,False,-1,-1
stand_motor,process_02,19,4,103,True,True,True,False,False,False,False,-1,-1
stand_motor,process_02,19,5,103,True,True,True,False,False,False,False,-1,-1
stand_motor,process_02,19,6,103,True,True,True,True,True,False,False,314,203
stand_motor,process_02,19,7,103,True,True,True,False,False,False,False,-1,-1
stand_motor,process_02,19,8,103,True,True,True,False,False,False,False,-1,-1
stand_motor,process_02,19,9,103,True,True,True,False,False,False,False,-1,-1
stand_motor,process_02,19,10,103,True,True,True,False,False,False,False,-1,-1
stand_motor,process_02,19,11,103,True,True,True,False,False,False,False,-1,-1
stand_motor,process_02,19,12,103,True,True,True,False,True,False,False,-1,130
stand_motor,process_02,19,13,103,True,True,True,False,False,False,False,-1,-1
stand_motor,process_02,19,14,103,True,True,True,False,False,False,False,-1,-1
stand_motor,process_02,19,15,103,True,True,True,False,False,False,False,-1,-1
stand_motor,process_02,20,0,171,True,False,True,False,False,False,False,-1,-1
stand_motor,process_02,20,1,171,True,False,True,False,True,False,False,-1,247
stand_motor,process_02,20,2,171,True,False,True,False,False,False,False,-1,-1
stand_motor,process_02,20,3,171,True,False,True,False,False,False,False,-1,-1
stand_motor,process_02,20,4,171,True,False,True,False,False,False,False,-1,-1
stand_motor,process_02,20,5,171,True,False,True,False,False,False,False,-1,-1
stand_motor,process_02,20,6,171,True,False,True,False,False,False,False,-1,-1
stand_motor,process_02,20,7,171,True,False,True,False,False,False,False,-1,-1
stand_motor,process_02,20,8,171,True,False,True,False,False,False,False,-1,-1
stand_motor,process_02,20,9,171,True,False,True,False,True,False,False,-1,226
stand_motor,process_02,20,10,171,True,False,True,False,False,False,False,-1,-1
stand_motor,process_02,20,11,171,True,False,True,False,False,False,False,-1,-1
stand_motor,process_02,20,12,171,True,False,True,False,False,False,False,-1,-1
stand_motor,process_02,20,13,171,True,False,True,False,False,False,False,-1,-1
stand_motor,process_02,20,14,171,True,False,True,False,False,False,False,-1,-1
stand_motor,process_02,20,15,171,True,False,True,False,False,False,False,-1,-1
stand_motor,process_02,21,0,130,True,False,True,False,False,False,False,-1,-1
stand_motor,process_02,21,1,130,True,False,True,False,False,False,False,-1,-1
stand_motor,process_02,21,2,130,True,False,True,False,True,False,False,-1,180
stand_motor,process_02,21,3,130,True,False,True,False,False,False,False,-1,-1
stand_motor,process_02,21,4,130,True,False,True,False,True,False,False,-1,155
stand_motor,process_02,21,5,130,True,False,True,True,True,False,False,170,154
stand_motor,process_02,21,6,130,True,False,True,False,False,False,False,-1,-1
stand_motor,process_02,21,7,130,True,False,True,False,False,False,False,-1,-1
stand_motor,process_02,21,8,130,True,False,True,False,False,False,False,-1,-1
stand_motor,process_02,21,9,130,True,False,True,False,True,False,False,-1,184
stand_motor,process_02,21,10,130,True,False,True,False,True,False,False,-1,160
stand_motor,process_02,21,11,130,True,False,True,False,True,False,False,-1,172
stand_motor,process_02,21,12,130,True,False,True,False,True,False,False,-1,202
stand_motor,process_02,21,13,130,True,False,True,False,False,False,False,-1,-1
stand_motor,process_02,21,14,130,True,False,True,False,False,False,False,-1,-1
stand_motor,process_02,21,15,130,True,False,True,False,True,False,False,-1,175
stand_motor,process_02,22,0,164,True,False,True,False,False,False,False,-1,-1
stand_motor,process_02,22,1,164,True,False,True,False,False,False,False,-1,-1
stand_motor,process_02,22,2,164,True,False,True,True,True,False,False,350,203
stand_motor,process_02,22,3,164,True,False,True,False,True,False,False,-1,195
stand_motor,process_02,22,4,164,True,False,True,False,False,False,False,-1,-1
stand_motor,process_02,22,5,164,True,False,True,False,False,False,False,-1,-1
stand_motor,process_02,22,6,164,True,False,True,False,True,False,False,-1,196
stand_motor,process_02,22,7,164,True,False,True,False,False,False,False,-1,-1
stand_motor,process_02,22,8,164,True,False,True,False,False,False,False,-1,-1
stand_motor,process_02,22,9,164,True,False,True,False,False,False,False,-1,-1
stand_motor,process_02,22,10,164,True,False,True,False,True,False,False,-1,343
stand_motor,process_02,22,11,164,True,False,True,False,True,False,False,-1,257
stand_motor,process_02,22,12,164,True,False,True,False,False,False,False,-1,-1
stand_motor,process_02,22,13,164,True,False,True,False,True,False,False,-1,212
stand_motor,process_02,22,14,164,True,False,True,False,False,False,False,-1,-1
stand_motor,process_02,22,15,164,True,False,True,False,False,False,False,-1,-1
stand_motor,process_02,23,0,127,True,False,True,False,False,False,False,-1,-1
stand_motor,process_02,23,1,127,True,False,True,False,False,False,False,-1,-1
stand_motor,process_02,23,2,127,True,False,True,False,False,False,False,-1,-1
stand_motor,process_02,23,3,127,True,False,True,False,True,False,False,-1,211
stand_motor,process_02,23,4,127,True,False,True,False,True,False,False,-1,171
stand_motor,process_02,23,5,127,True,False,True,False,False,False,False,-1,-1
stand_motor,process_02,23,6,127,True,False,True,False,True,False,False,-1,204
stand_motor,process_02,23,7,127,True,False,True,False,False,False,False,-1,-1
stand_motor,process_02,23,8,127,True,False,True,False,False,False,False,-1,-1
stand_motor,process_02,23,9,127,True,False,True,False,False,False,False,-1,-1
stand_motor,process_02,23,10,127,True,False,True,False,True,False,False,-1,176
stand_motor,process_02,23,11,127,True,False,True,False,False,False,False,-1,-1
stand_motor,process_02,23,12,127,True,False,True,False,True,False,False,-1,160
stand_motor,process_02,23,13,127,True,False,True,False,False,False,False,-1,-1
stand_motor,process_02,23,14,127,True,False,True,False,False,False,False,-1,-1
stand_motor,process_02,23,15,127,True,False,True,True,True,False,False,177,148
stand_motor,process_02,24,0,135,True,False,True,False,False,False,False,-1,-1
stand_motor,process_02,24,1,135,True,False,True,False,False,False,False,-1,-1
stand_motor,process_02,24,2,135,True,False,True,False,False,False,False,-1,-1
stand_motor,process_02,24,3,135,True,False,True,False,False,False,False,-1,-1
stand_motor,process_02,24,4,135,True,False,True,False,False,False,False,-1,-1
stand_motor,process_02,24,5,135,True,False,True,False,False,False,False,-1,-1
stand_motor,process_02,24,6,135,True,False,True,False,False,False,False,-1,-1
stand_motor,process_02,24,7,135,True,False,True,False,False,False,False,-1,-1
stand_motor,process_02,24,8,135,True,False,True,False,False,False,False,-1,-1
stand_motor,process_02,24,9,135,True,False,True,False,False,False,False,-1,-1
stand_motor,process_02,24,10,135,True,False,True,False,True,False,False,-1,171
stand_motor,process_02,24,11,135,True,False,True,False,False,False,False,-1,-1
stand_motor,process_02,24,12,135,True,False,True,False,False,False,False,-1,-1
stand_motor,process_02,24,13,135,True,False,True,False,False,False,False,-1,-1
stand_motor,process_02,24,14,135,True,False,True,False,True,False,False,-1,235
stand_motor,process_02,24,15,135,True,False,True,False,False,False,False,-1,-1
stand_motor,process_02,25,0,146,True,False,True,False,True,False,False,-1,207
stand_motor,process_02,25,1,146,True,False,True,False,False,False,False,-1,-1
stand_motor,process_02,25,2,146,True,False,True,True,True,False,False,182,175
stand_motor,process_02,25,3,146,True,False,True,False,False,False,False,-1,-1
stand_motor,process_02,25,4,146,True,False,True,False,False,False,False,-1,-1
stand_motor,process_02,25,5,146,True,False,True,False,False,False,False,-1,-1
stand_motor,process_02,25,6,146,True,False,True,False,True,False,False,-1,184
stand_motor,process_02,25,7,146,True,False,True,False,False,False,False,-1,-1
stand_motor,process_02,25,8,146,True,False,True,False,False,False,False,-1,-1
stand_motor,process_02,25,9,146,True,False,True,False,False,False,False,-1,-1
stand_motor,process_02,25,10,146,True,False,True,False,False,False,False,-1,-1
stand_motor,process_02,25,11,146,True,False,True,False,True,False,False,-1,186
stand_motor,process_02,25,12,146,True,False,True,False,False,False,False,-1,-1
stand_motor,process_02,25,13,146,True,False,True,False,False,False,False,-1,-1
stand_motor,process_02,25,14,146,True,False,True,False,False,False,False,-1,-1
stand_motor,process_02,25,15,146,True,False,True,False,False,False,False,-1,-1
stand_motor,process_02,26,0,131,True,False,True,False,True,False,False,-1,184
stand_motor,process_02,26,1,131,True,False,True,False,True,False,False,-1,183
stand_motor,process_02,26,2,131,True,False,True,False,False,False,False,-1,-1
stand_motor,process_02,26,3,131,True,False,True,False,False,False,False,-1,-1
stand_motor,process_02,26,4,131,True,False,True,False,True,False,False,-1,233
stand_motor,process_02,26,5,131,True,False,True,False,False,False,False,-1,-1
stand_motor,process_02,26,6,131,True,False,True,False,False,False,False,-1,-1
stand_motor,process_02,26,7,131,True,False,True,False,False,False,False,-1,-1
stand_motor,process_02,26,8,131,True,False,True,False,False,False,False,-1,-1
stand_motor,process_02,26,9,131,True,False,True,False,False,False,False,-1,-1
stand_motor,process_02,26,10,131,True,False,True,False,False,False,False,-1,-1
stand_motor,process_02,26,11,131,True,False,True,False,True,False,False,-1,160
stand_motor,process_02,26,12,131,True,False,True,False,False,False,False,-1,-1
stand_motor,process_02,26,13,131,True,False,True,False,False,False,False,-1,-1
stand_motor,process_02,26,14,131,True,False,True,False,False,False,False,-1,-1
stand_motor,process_02,26,15,131,True,False,True,False,False,False,False,-1,-1
stand_motor,process_02,27,0,175,True,False,True,False,False,False,False,-1,-1
stand_motor,process_02,27,1,175,True,False,True,False,False,False,False,-1,-1
stand_motor,process_02,27,2,175,True,False,True,False,False,False,False,-1,-1
stand_motor,process_02,27,3,175,True,False,True,False,True,False,False,-1,294
stand_motor,process_02,27,4,175,True,False,True,False,False,False,False,-1,-1
stand_motor,process_02,27,5,175,True,False,True,False,False,False,False,-1,-1
stand_motor,process_02,27,6,175,True,False,True,False,True,False,False,-1,247
stand_motor,process_02,27,7,175,True,False,True,True,True,False,False,281,221
stand_motor,process_02,27,8,175,True,False,True,False,False,False,False,-1,-1
stand_motor,process_02,27,9,175,True,False,True,False,False,False,False,-1,-1
stand_motor,process_02,27,10,175,True,False,True,False,False,False,False,-1,-1
stand_motor,process_02,27,11,175,True,False,True,False,False,False,False,-1,-1
stand_motor,process_02,27,12,175,True,False,True,False,True,False,False,-1,203
stand_motor,process_02,27,13,175,True,False,True,False,True,False,False,-1,212
stand_motor,process_02,27,14,175,True,False,True,False,False,False,False,-1,-1
stand_motor,process_02,27,15,175,True,False,True,False,True,False,False,-1,323
stand_motor,process_02,28,0,154,True,False,True,False,False,False,False,-1,-1
stand_motor,process_02,28,1,154,True,False,True,False,False,False,False,-1,-1
stand_motor,process_02,28,2,154,True,False,True,False,False,False,False,-1,-1
stand_motor,process_02,28,3,154,True,False,True,False,False,False,False,-1,-1
stand_motor,process_02,28,4,154,True,False,True,False,True,False,False,-1,211
stand_motor,process_02,28,5,154,True,False,True,False,False,False,False,-1,-1
stand_motor,process_02,28,6,154,True,False,True,False,False,False,False,-1,-1
stand_motor,process_02,28,7,154,True,False,True,False,False,False,False,-1,-1
stand_motor,process_02,28,8,154,True,False,True,False,True,False,False,-1,227
stand_motor,process_02,28,9,154,True,False,True,False,True,False,False,-1,207
stand_motor,process_02,28,10,154,True,False,True,False,False,False,False,-1,-1
stand_motor,process_02,28,11,154,True,False,True,False,False,False,False,-1,-1
stand_motor,process_02,28,12,154,True,False,True,False,True,False,False,-1,299
stand_motor,process_02,28,13,154,True,False,True,False,False,False,False,-1,-1
stand_motor,process_02,28,14,154,True,False,True,False,False,False,False,-1,-1
stand_motor,process_02,28,15,154,True,False,True,False,False,False,False,-1,-1
stand_motor,process_02,29,0,101,True,True,True,False,False,False,False,-1,-1
stand_motor,process_02,29,1,101,True,True,True,False,False,False,False,-1,-1
stand_motor,process_02,29,2,101,True,True,True,False,False,False,False,-1,-1
stand_motor,process_02,29,3,101,True,True,True,False,False,False,False,-1,-1
stand_motor,process_02,29,4,101,True,True,True,False,True,False,False,-1,143
stand_motor,process_02,29,5,101,True,True,True,False,True,False,False,-1,134
stand_motor,process_02,29,6,101,True,True,True,False,False,False,False,-1,-1
stand_motor,process_02,29,7,101,True,True,True,False,False,False,False,-1,-1
stand_motor,process_02,29,8,101,True,True,True,True,False,False,False,184,-1
stand_motor,process_02,29,9,101,True,True,True,False,True,False,False,-1,211
stand_motor,process_02,29,10,101,True,True,True,False,True,False,False,-1,120
stand_motor,process_02,29,11,101,True,True,True,False,False,False,False,-1,-1
stand_motor,process_02,29,12,101,True,True,True,False,False,False,False,-1,-1
stand_motor,process_02,29,13,101,True,True,True,False,False,False,False,-1,-1
stand_motor,process_02,29,14,101,True,True,True,False,True,False,False,-1,135
stand_motor,process_02,29,15,101,True,True,True,False,False,False,False,-1,-1
stand_motor,process_02,30,0,142,True,False,True,False,True,False,False,-1,214
stand_motor,process_02,30,1,142,True,False,True,False,True,False,False,-1,184
stand_motor,process_02,30,2,142,True,False,True,False,True,False,False,-1,211
stand_motor,process_02,30,3,142,True,False,True,False,False,False,False,-1,-1
stand_motor,process_02,30,4,142,True,False,True,False,True,False,False,-1,191
stand_motor,process_02,30,5,142,True,False,True,False,False,False,False,-1,-1
stand_motor,process_02,30,6,142,True,False,True,False,False,False,False,-1,-1
stand_motor,process_02,30,7,142,True,False,True,False,False,False,False,-1,-1
stand_motor,process_02,30,8,142,True,False,True,False,False,False,False,-1,-1
stand_motor,process_02,30,9,142,True,False,True,False,False,False,False,-1,-1
stand_motor,process_02,30,10,142,True,False,True,False,False,False,False,-1,-1
stand_motor,process_02,30,11,142,True,False,True,False,False,False,False,-1,-1
stand_motor,process_02,30,12,142,True,False,True,False,False,False,False,-1,-1
stand_motor,process_02,30,13,142,True,False,True,False,False,False,False,-1,-1
stand_motor,process_02,30,14,142,True,False,True,False,False,False,False,-1,-1
stand_motor,process_02,30,15,142,True,False,True,False,False,False,False,-1,-1
stand_motor,process_02,31,0,187,True,False,True,False,True,False,False,-1,218
stand_motor,process_02,31,1,187,True,False,True,False,False,False,False,-1,-1
stand_motor,process_02,31,2,187,True,False,True,True,True,False,False,261,213
stand_motor,process_02,31,3,187,True,False,True,False,True,False,False,-1,222
stand_motor,process_02,31,4,187,True,False,True,True,True,False,False,306,210
stand_motor,process_02,31,5,187,True,False,True,False,True,False,False,-1,212
stand_motor,process_02,31,6,187,True,False,True,False,True,False,False,-1,253
stand_motor,process_02,31,7,187,True,False,True,False,False,False,False,-1,-1
stand_motor,process_02,31,8,187,True,False,True,False,True,False,False,-1,223
stand_motor,process_02,31,9,187,True,False,True,False,True,False,False,-1,211
stand_motor,process_02,31,10,187,True,False,True,False,True,False,False,-1,214
stand_motor,process_02,31,11,187,True,False,True,True,True,False,False,222,207
stand_motor,process_02,31,12,187,True,False,True,True,True,False,False,227,215
stand_motor,process_02,31,13,187,True,False,True,False,False,False,False,-1,-1
stand_motor,process_02,31,14,187,True,False,True,False,True,False,False,-1,223
stand_motor,process_02,31,15,187,True,False,True,False,True,False,False,-1,205
stand_motor,process_02,32,0,182,False,False,False,False,False,False,False,-1,-1
stand_motor,process_02,32,1,182,False,False,False,False,False,False,False,-1,-1
stand_motor,process_02,32,2,182,False,False,False,False,False,False,False,-1,-1
stand_motor,process_02,32,3,182,False,False,False,False,False,False,False,-1,-1
stand_motor,process_02,32,4,182,False,False,False,False,False,False,False,-1,-1
stand_motor,process_02,32,5,182,False,False,False,False,False,False,False,-1,-1
stand_motor,process_02,32,6,182,False,False,False,False,False,False,False,-1,-1
stand_motor,process_02,32,7,182,False,False,False,False,False,False,False,-1,-1
stand_motor,process_02,32,8,182,False,False,False,False,False,False,False,-1,-1
stand_motor,process_02,32,9,182,False,False,False,False,False,False,False,-1,-1
stand_motor,process_02,32,10,182,False,False,False,False,False,False,False,-1,-1
stand_motor,process_02,32,11,182,False,False,False,False,False,False,False,-1,-1
stand_motor,process_02,32,12,182,False,False,False,False,False,False,False,-1,-1
stand_motor,process_02,32,13,182,False,False,False,False,False,False,False,-1,-1
stand_motor,process_02,32,14,182,False,False,False,False,False,False,False,-1,-1
stand_motor,process_02,32,15,182,False,False,False,False,False,False,False,-1,-1
stand_motor,process_02,33,0,134,False,False,False,False,False,False,False,-1,-1
stand_motor,process_02,33,1,134,False,False,False,False,False,False,False,-1,-1
stand_motor,process_02,33,2,134,False,False,False,False,False,False,False,-1,-1
stand_motor,process_02,33,3,134,False,False,False,False,False,False,False,-1,-1
stand_motor,process_02,33,4,134,False,False,False,False,False,False,False,-1,-1
stand_motor,process_02,33,5,134,False,False,False,False,False,False,False,-1,-1
stand_motor,process_02,33,6,134,False,False,False,False,False,False,False,-1,-1
stand_motor,process_02,33,7,134,False,False,False,False,False,False,False,-1,-1
stand_motor,process_02,33,8,134,False,False,False,False,False,False,False,-1,-1
stand_motor,process_02,33,9,134,False,False,False,False,False,False,False,-1,-1
stand_motor,process_02,33,10,134,False,False,False,False,False,False,False,-1,-1
stand_motor,process_02,33,11,134,False,False,False,False,False,False,False,-1,-1
stand_motor,process_02,33,12,134,False,False,False,False,False,False,False,-1,-1
stand_motor,process_02,33,13,134,False,False,False,False,False,False,False,-1,-1
stand_motor,process_02,33,14,134,False,False,False,False,False,False,False,-1,-1
stand_motor,process_02,33,15,134,False,False,False,False,False,False,False,-1,-1
stand_motor,process_02,34,0,155,False,False,False,False,False,False,False,-1,-1
stand_motor,process_02,34,1,155,False,False,False,False,False,False,False,-1,-1
stand_motor,process_02,34,2,155,False,False,False,False,False,False,False,-1,-1
stand_motor,process_02,34,3,155,False,False,False,False,False,False,False,-1,-1
stand_motor,process_02,34,4,155,False,False,False,False,False,False,False,-1,-1
stand_motor,process_02,34,5,155,False,False,False,False,False,False,False,-1,-1
stand_motor,process_02,34,6,155,False,False,False,False,False,False,False,-1,-1
stand_motor,process_02,34,7,155,False,False,False,False,False,False,False,-1,-1
stand_motor,process_02,34,8,155,False,False,False,False,False,False,False,-1,-1
stand_motor,process_02,34,9,155,False,False,False,False,False,False,False,-1,-1
stand_motor,process_02,34,10,155,False,False,False,False,False,False,False,-1,-1
stand_motor,process_02,34,11,155,False,False,False,False,False,False,False,-1,-1
stand_motor,process_02,34,12,155,False,False,False,False,False,False,False,-1,-1
stand_motor,process_02,34,13,155,False,False,False,False,False,False,False,-1,-1
stand_motor,process_02,34,14,155,False,False,False,False,False,False,False,-1,-1
stand_motor,process_02,34,15,155,False,False,False,False,False,False,False,-1,-1
stand_motor,process_02,35,0,159,False,False,False,False,False,False,False,-1,-1
stand_motor,process_02,35,1,159,False,False,False,False,False,False,False,-1,-1
stand_motor,process_02,35,2,159,False,False,False,False,False,False,False,-1,-1
stand_motor,process_02,35,3,159,False,False,False,False,False,False,False,-1,-1
stand_motor,process_02,35,4,159,False,False,False,False,False,False,False,-1,-1
stand_motor,process_02,35,5,159,False,False,False,False,False,False,False,-1,-1
stand_motor,process_02,35,6,159,False,False,False,False,False,False,False,-1,-1
stand_motor,process_02,35,7,159,False,False,False,False,False,False,False,-1,-1
stand_motor,process_02,35,8,159,False,False,False,False,False,False,False,-1,-1
stand_motor,process_02,35,9,159,False,False,False,False,False,False,False,-1,-1
stand_motor,process_02,35,10,159,False,False,False,False,False,False,False,-1,-1
stand_motor,process_02,35,11,159,False,False,False,False,False,False,False,-1,-1
stand_motor,process_02,35,12,159,False,False,False,False,False,False,False,-1,-1
stand_motor,process_02,35,13,159,False,False,False,False,False,False,False,-1,-1
stand_motor,process_02,35,14,159,False,False,False,False,False,False,False,-1,-1
stand_motor,process_02,35,15,159,False,False,False,False,False,False,False,-1,-1
stand_motor,process_02,36,0,162,False,False,False,False,False,False,False,-1,-1
stand_motor,process_02,36,1,162,False,False,False,False,False,False,False,-1,-1
stand_motor,process_02,36,2,162,False,False,False,False,False,False,False,-1,-1
stand_motor,process_02,36,3,162,False,False,False,False,False,False,False,-1,-1
stand_motor,process_02,36,4,162,False,False,False,False,False,False,False,-1,-1
stand_motor,process_02,36,5,162,False,False,False,False,False,False,False,-1,-1
stand_motor,process_02,36,6,162,False,False,False,False,False,False,False,-1,-1
stand_motor,process_02,36,7,162,False,False,False,False,False,False,False,-1,-1
stand_motor,process_02,36,8,162,False,False,False,False,False,False,False,-1,-1
stand_motor,process_02,36,9,162,False,False,False,False,False,False,False,-1,-1
stand_motor,process_02,36,10,162,False,False,False,False,False,False,False,-1,-1
stand_motor,process_02,36,11,162,False,False,False,False,False,False,False,-1,-1
stand_motor,process_02,36,12,162,False,False,False,False,False,False,False,-1,-1
stand_motor,process_02,36,13,162,False,False,False,False,False,False,False,-1,-1
stand_motor,process_02,36,14,162,False,False,False,False,False,False,False,-1,-1
stand_motor,process_02,36,15,162,False,False,False,False,False,False,False,-1,-1
stand_motor,process_02,37,0,110,False,True,False,False,False,False,False,-1,-1
stand_motor,process_02,37,1,110,False,True,False,False,False,False,False,-1,-1
stand_motor,process_02,37,2,110,False,True,False,False,False,False,False,-1,-1
stand_motor,process_02,37,3,110,False,True,False,False,False,False,False,-1,-1
stand_motor,process_02,37,4,110,False,True,False,False,False,False,False,-1,-1
stand_motor,process_02,37,5,110,False,True,False,False,False,False,False,-1,-1
stand_motor,process_02,37,6,110,False,True,False,False,False,False,False,-1,-1
stand_motor,process_02,37,7,110,False,True,False,False,False,False,False,-1,-1
stand_motor,process_02,37,8,110,False,True,False,False,False,False,False,-1,-1
stand_motor,process_02,37,9,110,False,True,False,False,False,False,False,-1,-1
stand_motor,process_02,37,10,110,False,True,False,False,False,False,False,-1,-1
stand_motor,process_02,37,11,110,False,True,False,False,False,False,False,-1,-1
stand_motor,process_02,37,12,110,False,True,False,False,False,False,False,-1,-1
stand_motor,process_02,37,13,110,False,True,False,False,False,False,False,-1,-1
stand_motor,process_02,37,14,110,False,True,False,False,False,False,False,-1,-1
stand_motor,process_02,37,15,110,False,True,False,False,False,False,False,-1,-1
stand_motor,process_02,38,0,198,False,False,False,False,False,False,False,-1,-1
stand_motor,process_02,38,1,198,False,False,False,False,False,False,False,-1,-1
stand_motor,process_02,38,2,198,False,False,False,False,False,False,False,-1,-1
stand_motor,process_02,38,3,198,False,False,False,False,False,False,False,-1,-1
stand_motor,process_02,38,4,198,False,False,False,False,False,False,False,-1,-1
stand_motor,process_02,38,5,198,False,False,False,False,False,False,False,-1,-1
stand_motor,process_02,38,6,198,False,False,False,False,False,False,False,-1,-1
stand_motor,process_02,38,7,198,False,False,False,False,False,False,False,-1,-1
stand_motor,process_02,38,8,198,False,False,False,False,False,False,False,-1,-1
stand_motor,process_02,38,9,198,False,False,False,False,False,False,False,-1,-1
stand_motor,process_02,38,10,198,False,False,False,False,False,False,False,-1,-1
stand_motor,process_02,38,11,198,False,False,False,False,False,False,False,-1,-1
stand_motor,process_02,38,12,198,False,False,False,False,False,False,False,-1,-1
stand_motor,process_02,38,13,198,False,False,False,False,False,False,False,-1,-1
stand_motor,process_02,38,14,198,False,False,False,False,False,False,False,-1,-1
stand_motor,process_02,38,15,198,False,False,False,False,False,False,False,-1,-1
stand_motor,process_02,39,0,126,False,False,False,False,False,False,False,-1,-1
stand_motor,process_02,39,1,126,False,False,False,False,False,False,False,-1,-1
stand_motor,process_02,39,2,126,False,False,False,False,False,False,False,-1,-1
stand_motor,process_02,39,3,126,False,False,False,False,False,False,False,-1,-1
stand_motor,process_02,39,4,126,False,False,False,False,False,False,False,-1,-1
stand_motor,process_02,39,5,126,False,False,False,False,False,False,False,-1,-1
stand_motor,process_02,39,6,126,False,False,False,False,False,False,False,-1,-1
stand_motor,process_02,39,7,126,False,False,False,False,False,False,False,-1,-1
stand_motor,process_02,39,8,126,False,False,False,False,False,False,False,-1,-1
stand_motor,process_02,39,9,126,False,False,False,False,False,False,False,-1,-1
stand_motor,process_02,39,10,126,False,False,False,False,False,False,False,-1,-1
stand_motor,process_02,39,11,126,False,False,False,False,False,False,False,-1,-1
stand_motor,process_02,39,12,126,False,False,False,False,False,False,False,-1,-1
stand_motor,process_02,39,13,126,False,False,False,False,False,False,False,-1,-1
stand_motor,process_02,39,14,126,False,False,False,False,False,False,False,-1,-1
stand_motor,process_02,39,15,126,False,False,False,False,False,False,False,-1,-1
stand_motor,process_02,40,0,144,False,False,False,False,False,False,False,-1,-1
stand_motor,process_02,40,1,144,False,False,False,False,False,False,False,-1,-1
stand_motor,process_02,40,2,144,False,False,False,False,False,False,False,-1,-1
stand_motor,process_02,40,3,144,False,False,False,False,False,False,False,-1,-1
stand_motor,process_02,40,4,144,False,False,False,False,False,False,False,-1,-1
stand_motor,process_02,40,5,144,False,False,False,False,False,False,False,-1,-1
stand_motor,process_02,40,6,144,False,False,False,False,False,False,False,-1,-1
stand_motor,process_02,40,7,144,False,False,False,False,False,False,False,-1,-1
stand_motor,process_02,40,8,144,False,False,False,False,False,False,False,-1,-1
stand_motor,process_02,40,9,144,False,False,False,False,False,False,False,-1,-1
stand_motor,process_02,40,10,144,False,False,False,False,False,False,False,-1,-1
stand_motor,process_02,40,11,144,False,False,False,False,False,False,False,-1,-1
stand_motor,process_02,40,12,144,False,False,False,False,False,False,False,-1,-1
stand_motor,process_02,40,13,144,False,False,False,False,False,False,False,-1,-1
stand_motor,process_02,40,14,144,False,False,False,False,False,False,False,-1,-1
stand_motor,process_02,40,15,144,False,False,False,False,False,False,False,-1,-1
stand_motor,process_02,41,0,180,False,False,False,False,False,False,False,-1,-1
stand_motor,process_02,41,1,180,False,False,False,False,False,False,False,-1,-1
stand_motor,process_02,41,2,180,False,False,False,False,False,False,False,-1,-1
stand_motor,process_02,41,3,180,False,False,False,False,False,False,False,-1,-1
stand_motor,process_02,41,4,180,False,False,False,False,False,False,False,-1,-1
stand_motor,process_02,41,5,180,False,False,False,False,False,False,False,-1,-1
stand_motor,process_02,41,6,180,False,False,False,False,False,False,False,-1,-1
stand_motor,process_02,41,7,180,False,False,False,False,False,False,False,-1,-1
stand_motor,process_02,41,8,180,False,False,False,False,False,False,False,-1,-1
stand_motor,process_02,41,9,180,False,False,False,False,False,False,False,-1,-1
stand_motor,process_02,41,10,180,False,False,False,False,False,False,False,-1,-1
stand_motor,process_02,41,11,180,False,False,False,False,False,False,False,-1,-1
stand_motor,process_02,41,12,180,False,False,False,False,False,False,False,-1,-1
stand_motor,process_02,41,13,180,False,False,False,False,False,False,False,-1,-1
stand_motor,process_02,41,14,180,False,False,False,False,False,False,False,-1,-1
stand_motor,process_02,41,15,180,False,False,False,False,False,False,False,-1,-1
stand_motor,process_02,42,0,199,False,False,False,False,False,False,False,-1,-1
stand_motor,process_02,42,1,199,False,False,False,False,False,True,True,113,113
stand_motor,process_02,42,2,199,False,False,False,False,False,False,False,-1,-1
stand_motor,process_02,42,3,199,False,False,False,False,False,False,False,-1,-1
stand_motor,process_02,42,4,199,False,False,False,False,False,False,False,-1,-1
stand_motor,process_02,42,5,199,False,False,False,False,False,False,False,-1,-1
stand_motor,process_02,42,6,199,False,False,False,False,False,False,False,-1,-1
stand_motor,process_02,42,7,199,False,False,False,False,False,False,False,-1,-1
stand_motor,process_02,42,8,199,False,False,False,False,False,False,False,-1,-1
stand_motor,process_02,42,9,199,False,False,False,False,False,False,False,-1,-1
stand_motor,process_02,42,10,199,False,False,False,False,False,False,False,-1,-1
stand_motor,process_02,42,11,199,False,False,False,False,False,False,False,-1,-1
stand_motor,process_02,42,12,199,False,False,False,False,False,False,False,-1,-1
stand_motor,process_02,42,13,199,False,False,False,False,False,False,False,-1,-1
stand_motor,process_02,42,14,199,False,False,False,False,False,False,False,-1,-1
stand_motor,process_02,42,15,199,False,False,False,False,False,False,False,-1,-1
stand_motor,process_02,43,0,187,False,False,False,False,False,False,False,-1,-1
stand_motor,process_02,43,1,187,False,False,False,False,False,False,False,-1,-1
stand_motor,process_02,43,2,187,False,False,False,False,False,False,False,-1,-1
stand_motor,process_02,43,3,187,False,False,False,False,False,False,False,-1,-1
stand_motor,process_02,43,4,187,False,False,False,False,False,False,False,-1,-1
stand_motor,process_02,43,5,187,False,False,False,False,False,False,False,-1,-1
stand_motor,process_02,43,6,187,False,False,False,False,False,False,False,-1,-1
stand_motor,process_02,43,7,187,False,False,False,False,False,False,False,-1,-1
stand_motor,process_02,43,8,187,False,False,False,False,False,False,False,-1,-1
stand_motor,process_02,43,9,187,False,False,False,False,False,False,False,-1,-1
stand_motor,process_02,43,10,187,False,False,False,False,False,False,False,-1,-1
stand_motor,process_02,43,11,187,False,False,False,False,False,False,False,-1,-1
stand_motor,process_02,43,12,187,False,False,False,False,False,False,False,-1,-1
stand_motor,process_02,43,13,187,False,False,False,False,False,False,False,-1,-1
stand_motor,process_02,43,14,187,False,False,False,False,False,False,False,-1,-1
stand_motor,process_02,43,15,187,False,False,False,False,False,False,False,-1,-1
stand_motor,process_02,44,0,110,False,True,False,False,False,False,False,-1,-1
stand_motor,process_02,44,1,110,False,True,False,False,False,False,False,-1,-1
stand_motor,process_02,44,2,110,False,True,False,False,False,False,False,-1,-1
stand_motor,process_02,44,3,110,False,True,False,False,False,False,False,-1,-1
stand_motor,process_02,44,4,110,False,True,False,False,False,False,False,-1,-1
stand_motor,process_02,44,5,110,False,True,False,False,False,False,False,-1,-1
stand_motor,process_02,44,6,110,False,True,False,False,False,False,False,-1,-1
stand_motor,process_02,44,7,110,False,True,False,False,False,False,False,-1,-1
stand_motor,process_02,44,8,110,False,True,False,False,False,False,False,-1,-1
stand_motor,process_02,44,9,110,False,True,False,False,False,False,False,-1,-1
stand_motor,process_02,44,10,110,False,True,False,False,False,False,False,-1,-1
stand_motor,process_02,44,11,110,False,True,False,False,False,False,False,-1,-1
stand_motor,process_02,44,12,110,False,True,False,False,False,False,False,-1,-1
stand_motor,process_02,44,13,110,False,True,False,False,False,False,False,-1,-1
stand_motor,process_02,44,14,110,False,True,False,False,False,False,False,-1,-1
stand_motor,process_02,44,15,110,False,True,False,True,False,False,False,319,-1
stand_motor,process_02,45,0,109,False,True,False,False,False,False,False,-1,-1
stand_motor,process_02,45,1,109,False,True,False,False,False,False,False,-1,-1
stand_motor,process_02,45,2,109,False,True,False,False,False,False,False,-1,-1
stand_motor,process_02,45,3,109,False,True,False,False,False,False,False,-1,-1
stand_motor,process_02,45,4,109,False,True,False,False,False,False,False,-1,-1
stand_motor,process_02,45,5,109,False,True,False,False,False,False,False,-1,-1
stand_motor,process_02,45,6,109,False,True,False,False,False,False,False,-1,-1
stand_motor,process_02,45,7,109,False,True,False,False,False,False,False,-1,-1
stand_motor,process_02,45,8,109,False,True,False,False,False,False,False,-1,-1
stand_motor,process_02,45,9,109,False,True,False,False,False,False,False,-1,-1
stand_motor,process_02,45,10,109,False,True,False,False,False,False,False,-1,-1
stand_motor,process_02,45,11,109,False,True,False,False,False,False,False,-1,-1
stand_motor,process_02,45,12,109,False,True,False,False,False,False,False,-1,-1
stand_motor,process_02,45,13,109,False,True,False,False,False,False,False,-1,-1
stand_motor,process_02,45,14,109,False,True,False,False,False,False,False,-1,-1
stand_motor,process_02,45,15,109,False,True,False,False,False,False,False,-1,-1
stand_motor,process_02,46,0,151,False,False,False,False,False,False,False,-1,-1
stand_motor,process_02,46,1,151,False,False,False,False,False,False,False,-1,-1
stand_motor,process_02,46,2,151,False,False,False,False,False,False,False,-1,-1
stand_motor,process_02,46,3,151,False,False,False,False,False,False,False,-1,-1
stand_motor,process_02,46,4,151,False,False,False,False,False,False,False,-1,-1
stand_motor,process_02,46,5,151,False,False,False,False,False,False,False,-1,-1
stand_motor,process_02,46,6,151,False,False,False,False,False,False,False,-1,-1
stand_motor,process_02,46,7,151,False,False,False,False,False,False,False,-1,-1
stand_motor,process_02,46,8,151,False,False,False,False,False,False,False,-1,-1
stand_motor,process_02,46,9,151,False,False,False,False,False,False,False,-1,-1
stand_motor,process_02,46,10,151,False,False,False,False,False,False,False,-1,-1
stand_motor,process_02,46,11,151,False,False,False,False,False,False,False,-1,-1
stand_motor,process_02,46,12,151,False,False,False,False,False,False,False,-1,-1
stand_motor,process_02,46,13,151,False,False,False,False,False,False,False,-1,-1
stand_motor,process_02,46,14,151,False,False,False,False,False,False,False,-1,-1
stand_motor,process_02,46,15,151,False,False,False,False,False,False,False,-1,-1
stand_motor,process_02,47,0,102,False,True,False,False,False,False,False,-1,-1
stand_motor,process_02,47,1,102,False,True,False,False,False,False,False,-1,-1
stand_motor,process_02,47,2,102,False,True,False,False,False,False,False,-1,-1
stand_motor,process_02,47,3,102,False,True,False,False,False,False,False,-1,-1
stand_motor,process_02,47,4,102,False,True,False,False,False,False,False,-1,-1
stand_motor,process_02,47,5,102,False,True,False,False,False,False,False,-1,-1
stand_motor,process_02,47,6,102,False,True,False,False,False,False,False,-1,-1
stand_motor,process_02,47,7,102,False,True,False,False,False,False,False,-1,-1
stand_motor,process_02,47,8,102,False,True,False,False,False,False,False,-1,-1
stand_motor,process_02,47,9,102,False,True,False,False,False,False,False,-1,-1
stand_motor,process_02,47,10,102,False,True,False,False,False,False,False,-1,-1
stand_motor,process_02,47,11,102,False,True,False,False,False,False,False,-1,-1
stand_motor,process_02,47,12,102,False,True,False,False,False,False,False,-1,-1
stand_motor,process_02,47,13,102,False,True,False,False,False,False,False,-1,-1
stand_motor,process_02,47,14,102,False,True,False,False,False,False,False,-1,-1
stand_motor,process_02,47,15,102,False,True,False,False,False,False,False,-1,-1
stand_obs,process_02,0,0,141,True,False,True,False,False,False,False,-1,-1
stand_obs,process_02,0,1,141,True,False,True,False,False,False,False,-1,-1
stand_obs,process_02,0,2,141,True,False,True,False,False,False,False,-1,-1
stand_obs,process_02,0,3,141,True,False,True,False,False,False,False,-1,-1
stand_obs,process_02,0,4,141,True,False,True,False,False,False,False,-1,-1
stand_obs,process_02,0,5,141,True,False,True,False,False,False,False,-1,-1
stand_obs,process_02,0,6,141,True,False,True,False,False,False,False,-1,-1
stand_obs,process_02,0,7,141,True,False,True,False,False,False,False,-1,-1
stand_obs,process_02,0,8,141,True,False,True,False,False,False,False,-1,-1
stand_obs,process_02,0,9,141,True,False,True,False,False,False,False,-1,-1
stand_obs,process_02,0,10,141,True,False,True,False,False,False,False,-1,-1
stand_obs,process_02,0,11,141,True,False,True,False,False,False,False,-1,-1
stand_obs,process_02,0,12,141,True,False,True,False,False,False,False,-1,-1
stand_obs,process_02,0,13,141,True,False,True,True,False,False,False,228,-1
stand_obs,process_02,0,14,141,True,False,True,False,False,False,False,-1,-1
stand_obs,process_02,0,15,141,True,False,True,False,False,False,False,-1,-1
stand_obs,process_02,1,0,169,True,False,True,False,False,False,False,-1,-1
stand_obs,process_02,1,1,169,True,False,True,False,False,False,False,-1,-1
stand_obs,process_02,1,2,169,True,False,True,True,False,False,False,293,-1
stand_obs,process_02,1,3,169,True,False,False,False,False,True,True,115,115
stand_obs,process_02,1,4,169,True,False,False,False,False,True,True,134,134
stand_obs,process_02,1,5,169,True,False,True,False,False,False,False,-1,-1
stand_obs,process_02,1,6,169,True,False,True,False,False,False,False,-1,-1
stand_obs,process_02,1,7,169,True,False,True,False,False,False,False,-1,-1
stand_obs,process_02,1,8,169,True,False,True,False,False,False,False,-1,-1
stand_obs,process_02,1,9,169,True,False,True,False,False,False,False,-1,-1
stand_obs,process_02,1,10,169,True,False,True,False,False,False,False,-1,-1
stand_obs,process_02,1,11,169,True,False,True,False,False,False,False,-1,-1
stand_obs,process_02,1,12,169,True,False,True,False,False,False,False,-1,-1
stand_obs,process_02,1,13,169,True,False,True,False,False,False,False,-1,-1
stand_obs,process_02,1,14,169,True,False,True,False,False,False,False,-1,-1
stand_obs,process_02,1,15,169,True,False,True,False,False,False,False,-1,-1
stand_obs,process_02,2,0,144,True,False,True,False,False,False,False,-1,-1
stand_obs,process_02,2,1,144,True,False,True,False,False,False,False,-1,-1
stand_obs,process_02,2,2,144,True,False,True,False,False,False,False,-1,-1
stand_obs,process_02,2,3,144,True,False,True,False,False,False,False,-1,-1
stand_obs,process_02,2,4,144,True,False,True,False,False,False,False,-1,-1
stand_obs,process_02,2,5,144,True,False,True,False,False,False,False,-1,-1
stand_obs,process_02,2,6,144,True,False,True,False,False,False,False,-1,-1
stand_obs,process_02,2,7,144,True,False,True,False,False,False,False,-1,-1
stand_obs,process_02,2,8,144,True,False,True,False,False,False,False,-1,-1
stand_obs,process_02,2,9,144,True,False,True,False,False,False,False,-1,-1
stand_obs,process_02,2,10,144,True,False,True,False,False,False,False,-1,-1
stand_obs,process_02,2,11,144,True,False,True,False,False,False,False,-1,-1
stand_obs,process_02,2,12,144,True,False,True,False,False,False,False,-1,-1
stand_obs,process_02,2,13,144,True,False,True,False,False,False,False,-1,-1
stand_obs,process_02,2,14,144,True,False,True,False,False,False,False,-1,-1
stand_obs,process_02,2,15,144,True,False,True,False,False,False,False,-1,-1
stand_obs,process_02,3,0,132,True,False,True,False,False,False,False,-1,-1
stand_obs,process_02,3,1,132,True,False,True,False,False,False,False,-1,-1
stand_obs,process_02,3,2,132,True,False,True,True,False,False,False,218,-1
stand_obs,process_02,3,3,132,True,False,True,False,False,False,False,-1,-1
stand_obs,process_02,3,4,132,True,False,True,False,False,False,False,-1,-1
stand_obs,process_02,3,5,132,True,False,True,False,False,False,False,-1,-1
stand_obs,process_02,3,6,132,True,False,True,True,False,False,False,486,-1
stand_obs,process_02,3,7,132,True,False,True,False,False,False,False,-1,-1
stand_obs,process_02,3,8,132,True,False,True,False,False,False,False,-1,-1
stand_obs,process_02,3,9,132,True,False,True,False,False,False,False,-1,-1
stand_obs,process_02,3,10,132,True,False,True,False,False,False,False,-1,-1
stand_obs,process_02,3,11,132,True,False,True,False,False,False,False,-1,-1
stand_obs,process_02,3,12,132,True,False,True,False,False,False,False,-1,-1
stand_obs,process_02,3,13,132,True,False,True,False,False,False,False,-1,-1
stand_obs,process_02,3,14,132,True,False,True,False,False,False,False,-1,-1
stand_obs,process_02,3,15,132,True,False,True,False,False,False,False,-1,-1
stand_obs,process_02,4,0,156,True,False,True,False,False,False,False,-1,-1
stand_obs,process_02,4,1,156,True,False,True,False,False,False,False,-1,-1
stand_obs,process_02,4,2,156,True,False,True,True,False,False,False,473,-1
stand_obs,process_02,4,3,156,True,False,True,False,False,False,False,-1,-1
stand_obs,process_02,4,4,156,True,False,True,False,False,False,False,-1,-1
stand_obs,process_02,4,5,156,True,False,True,False,False,False,False,-1,-1
stand_obs,process_02,4,6,156,True,False,True,False,False,False,False,-1,-1
stand_obs,process_02,4,7,156,True,False,True,False,False,False,False,-1,-1
stand_obs,process_02,4,8,156,True,False,True,False,False,False,False,-1,-1
stand_obs,process_02,4,9,156,True,False,True,False,False,False,False,-1,-1
stand_obs,process_02,4,10,156,True,False,True,False,False,False,False,-1,-1
stand_obs,process_02,4,11,156,True,False,True,False,False,False,False,-1,-1
stand_obs,process_02,4,12,156,True,False,True,True,False,False,False,306,-1
stand_obs,process_02,4,13,156,True,False,True,False,False,False,False,-1,-1
stand_obs,process_02,4,14,156,True,False,True,False,False,False,False,-1,-1
stand_obs,process_02,4,15,156,True,False,True,True,False,False,False,262,-1
stand_obs,process_02,5,0,163,True,False,True,True,False,False,False,365,-1
stand_obs,process_02,5,1,163,True,False,True,False,False,False,False,-1,-1
stand_obs,process_02,5,2,163,True,False,True,False,False,False,False,-1,-1
stand_obs,process_02,5,3,163,True,False,True,False,False,False,False,-1,-1
stand_obs,process_02,5,4,163,True,False,True,False,False,False,False,-1,-1
stand_obs,process_02,5,5,163,True,False,True,False,False,False,False,-1,-1
stand_obs,process_02,5,6,163,True,False,True,False,False,False,False,-1,-1
stand_obs,process_02,5,7,163,True,False,True,False,False,False,False,-1,-1
stand_obs,process_02,5,8,163,True,False,True,False,False,False,False,-1,-1
stand_obs,process_02,5,9,163,True,False,True,False,False,False,False,-1,-1
stand_obs,process_02,5,10,163,True,False,True,False,False,False,False,-1,-1
stand_obs,process_02,5,11,163,True,False,True,False,False,False,False,-1,-1
stand_obs,process_02,5,12,163,True,False,True,False,False,False,False,-1,-1
stand_obs,process_02,5,13,163,True,False,True,False,False,False,False,-1,-1
stand_obs,process_02,5,14,163,True,False,True,False,False,False,False,-1,-1
stand_obs,process_02,5,15,163,True,False,True,False,False,False,False,-1,-1
stand_obs,process_02,6,0,169,True,False,True,True,False,False,False,357,-1
stand_obs,process_02,6,1,169,True,False,True,False,False,False,False,-1,-1
stand_obs,process_02,6,2,169,True,False,False,False,False,True,True,84,84
stand_obs,process_02,6,3,169,True,False,True,False,False,False,False,-1,-1
stand_obs,process_02,6,4,169,True,False,True,True,False,False,False,258,-1
stand_obs,process_02,6,5,169,True,False,True,False,False,False,False,-1,-1
stand_obs,process_02,6,6,169,True,False,True,False,False,False,False,-1,-1
stand_obs,process_02,6,7,169,True,False,True,False,False,False,False,-1,-1
stand_obs,process_02,6,8,169,True,False,True,False,False,False,False,-1,-1
stand_obs,process_02,6,9,169,True,False,True,False,False,False,False,-1,-1
stand_obs,process_02,6,10,169,True,False,True,False,False,False,False,-1,-1
stand_obs,process_02,6,11,169,True,False,True,False,False,False,False,-1,-1
stand_obs,process_02,6,12,169,True,False,True,False,False,False,False,-1,-1
stand_obs,process_02,6,13,169,True,False,True,False,False,False,False,-1,-1
stand_obs,process_02,6,14,169,True,False,True,False,False,False,False,-1,-1
stand_obs,process_02,6,15,169,True,False,True,False,False,False,False,-1,-1
stand_obs,process_02,7,0,113,True,True,True,False,False,False,False,-1,-1
stand_obs,process_02,7,1,113,True,True,True,False,False,False,False,-1,-1
stand_obs,process_02,7,2,113,True,True,True,False,False,False,False,-1,-1
stand_obs,process_02,7,3,113,True,True,True,True,False,False,False,230,-1
stand_obs,process_02,7,4,113,True,True,True,False,False,False,False,-1,-1
stand_obs,process_02,7,5,113,True,True,True,False,False,False,False,-1,-1
stand_obs,process_02,7,6,113,True,True,True,False,False,False,False,-1,-1
stand_obs,process_02,7,7,113,True,True,True,False,False,False,False,-1,-1
stand_obs,process_02,7,8,113,True,True,True,True,True,False,False,146,149
stand_obs,process_02,7,9,113,True,True,True,False,False,False,False,-1,-1
stand_obs,process_02,7,10,113,True,True,True,False,False,False,False,-1,-1
stand_obs,process_02,7,11,113,True,True,True,False,False,False,False,-1,-1
stand_obs,process_02,7,12,113,True,True,True,False,False,False,False,-1,-1
stand_obs,process_02,7,13,113,True,True,True,False,False,False,False,-1,-1
stand_obs,process_02,7,14,113,True,True,True,True,False,False,False,255,-1
stand_obs,process_02,7,15,113,True,True,True,False,False,False,False,-1,-1
stand_obs,process_02,8,0,183,True,False,True,False,False,False,False,-1,-1
stand_obs,process_02,8,1,183,True,False,True,False,False,False,False,-1,-1
stand_obs,process_02,8,2,183,True,False,True,False,False,False,False,-1,-1
stand_obs,process_02,8,3,183,True,False,True,False,False,False,False,-1,-1
stand_obs,process_02,8,4,183,True,False,True,False,False,False,False,-1,-1
stand_obs,process_02,8,5,183,True,False,True,False,False,False,False,-1,-1
stand_obs,process_02,8,6,183,True,False,True,False,False,False,False,-1,-1
stand_obs,process_02,8,7,183,True,False,True,False,False,False,False,-1,-1
stand_obs,process_02,8,8,183,True,False,True,False,False,False,False,-1,-1
stand_obs,process_02,8,9,183,True,False,True,False,False,False,False,-1,-1
stand_obs,process_02,8,10,183,True,False,True,False,False,False,False,-1,-1
stand_obs,process_02,8,11,183,True,False,True,False,False,False,False,-1,-1
stand_obs,process_02,8,12,183,True,False,True,False,False,False,False,-1,-1
stand_obs,process_02,8,13,183,True,False,True,False,False,False,False,-1,-1
stand_obs,process_02,8,14,183,True,False,True,False,False,False,False,-1,-1
stand_obs,process_02,8,15,183,True,False,True,False,False,False,False,-1,-1
stand_obs,process_02,9,0,196,True,False,True,False,False,False,False,-1,-1
stand_obs,process_02,9,1,196,True,False,True,False,False,False,False,-1,-1
stand_obs,process_02,9,2,196,True,False,True,False,False,False,False,-1,-1
stand_obs,process_02,9,3,196,True,False,True,False,False,False,False,-1,-1
stand_obs,process_02,9,4,196,True,False,True,False,False,False,False,-1,-1
stand_obs,process_02,9,5,196,True,False,True,False,False,False,False,-1,-1
stand_obs,process_02,9,6,196,True,False,True,False,False,False,False,-1,-1
stand_obs,process_02,9,7,196,True,False,True,False,False,False,False,-1,-1
stand_obs,process_02,9,8,196,True,False,True,False,False,False,False,-1,-1
stand_obs,process_02,9,9,196,True,False,True,False,False,False,False,-1,-1
stand_obs,process_02,9,10,196,True,False,True,False,False,False,False,-1,-1
stand_obs,process_02,9,11,196,True,False,True,True,False,False,False,350,-1
stand_obs,process_02,9,12,196,True,False,True,False,False,False,False,-1,-1
stand_obs,process_02,9,13,196,True,False,True,False,False,False,False,-1,-1
stand_obs,process_02,9,14,196,True,False,True,False,False,False,False,-1,-1
stand_obs,process_02,9,15,196,True,False,True,False,False,False,False,-1,-1
stand_obs,process_02,10,0,100,True,True,True,False,False,False,False,-1,-1
stand_obs,process_02,10,1,100,True,True,True,False,False,False,False,-1,-1
stand_obs,process_02,10,2,100,True,True,True,False,False,False,False,-1,-1
stand_obs,process_02,10,3,100,True,True,True,False,False,False,False,-1,-1
stand_obs,process_02,10,4,100,True,True,True,False,False,False,False,-1,-1
stand_obs,process_02,10,5,100,True,True,True,False,False,False,False,-1,-1
stand_obs,process_02,10,6,100,True,True,True,False,False,False,False,-1,-1
stand_obs,process_02,10,7,100,True,True,True,False,False,False,False,-1,-1
stand_obs,process_02,10,8,100,True,True,True,False,False,False,False,-1,-1
stand_obs,process_02,10,9,100,True,True,True,False,False,False,False,-1,-1
stand_obs,process_02,10,10,100,True,True,True,False,False,False,False,-1,-1
stand_obs,process_02,10,11,100,True,True,True,False,False,False,False,-1,-1
stand_obs,process_02,10,12,100,True,True,True,False,False,False,False,-1,-1
stand_obs,process_02,10,13,100,True,True,True,False,False,False,False,-1,-1
stand_obs,process_02,10,14,100,True,True,True,False,False,False,False,-1,-1
stand_obs,process_02,10,15,100,True,True,True,False,False,False,False,-1,-1
stand_obs,process_02,11,0,184,True,False,True,False,False,False,False,-1,-1
stand_obs,process_02,11,1,184,True,False,True,False,False,False,False,-1,-1
stand_obs,process_02,11,2,184,True,False,True,False,False,False,False,-1,-1
stand_obs,process_02,11,3,184,True,False,True,False,False,False,False,-1,-1
stand_obs,process_02,11,4,184,True,False,True,False,False,False,False,-1,-1
stand_obs,process_02,11,5,184,True,False,True,False,False,False,False,-1,-1
stand_obs,process_02,11,6,184,True,False,True,False,False,False,False,-1,-1
stand_obs,process_02,11,7,184,True,False,True,False,False,False,False,-1,-1
stand_obs,process_02,11,8,184,True,False,True,False,False,False,False,-1,-1
stand_obs,process_02,11,9,184,True,False,True,True,False,False,False,343,-1
stand_obs,process_02,11,10,184,True,False,True,False,False,False,False,-1,-1
stand_obs,process_02,11,11,184,True,False,True,True,False,False,False,322,-1
stand_obs,process_02,11,12,184,True,False,True,False,False,False,False,-1,-1
stand_obs,process_02,11,13,184,True,False,True,False,False,False,False,-1,-1
stand_obs,process_02,11,14,184,True,False,True,False,False,False,False,-1,-1
stand_obs,process_02,11,15,184,True,False,True,False,False,False,False,-1,-1
stand_obs,process_02,12,0,196,True,False,True,False,False,False,False,-1,-1
stand_obs,process_02,12,1,196,True,False,True,False,False,False,False,-1,-1
stand_obs,process_02,12,2,196,True,False,True,False,False,False,False,-1,-1
stand_obs,process_02,12,3,196,True,False,True,False,False,False,False,-1,-1
stand_obs,process_02,12,4,196,True,False,True,False,False,False,False,-1,-1
stand_obs,process_02,12,5,196,True,False,True,False,False,False,False,-1,-1
stand_obs,process_02,12,6,196,True,False,True,True,False,False,False,388,-1
stand_obs,process_02,12,7,196,True,False,True,False,False,False,False,-1,-1
stand_obs,process_02,12,8,196,True,False,True,True,False,False,False,354,-1
stand_obs,process_02,12,9,196,True,False,True,False,False,False,False,-1,-1
stand_obs,process_02,12,10,196,True,False,True,False,False,False,False,-1,-1
stand_obs,process_02,12,11,196,True,False,True,False,False,False,False,-1,-1
stand_obs,process_02,12,12,196,True,False,True,False,False,False,False,-1,-1
stand_obs,process_02,12,13,196,True,False,True,False,False,False,False,-1,-1
stand_obs,process_02,12,14,196,True,False,True,False,False,False,False,-1,-1
stand_obs,process_02,12,15,196,True,False,True,False,False,False,False,-1,-1
stand_obs,process_02,13,0,131,True,False,True,False,False,False,False,-1,-1
stand_obs,process_02,13,1,131,True,False,True,False,False,False,False,-1,-1
stand_obs,process_02,13,2,131,True,False,True,False,False,False,False,-1,-1
stand_obs,process_02,13,3,131,True,False,True,False,False,False,False,-1,-1
stand_obs,process_02,13,4,131,True,False,True,False,False,False,False,-1,-1
stand_obs,process_02,13,5,131,True,False,True,False,False,False,False,-1,-1
stand_obs,process_02,13,6,131,True,False,True,True,False,False,False,291,-1
stand_obs,process_02,13,7,131,True,False,True,False,False,False,False,-1,-1
stand_obs,process_02,13,8,131,True,False,True,True,False,False,False,289,-1
stand_obs,process_02,13,9,131,True,False,True,False,False,False,False,-1,-1
stand_obs,process_02,13,10,131,True,False,True,False,False,False,False,-1,-1
stand_obs,process_02,13,11,131,True,False,True,False,False,False,False,-1,-1
stand_obs,process_02,13,12,131,True,False,True,False,False,False,False,-1,-1
stand_obs,process_02,13,13,131,True,False,True,False,False,False,False,-1,-1
stand_obs,process_02,13,14,131,True,False,True,False,False,False,False,-1,-1
stand_obs,process_02,13,15,131,True,False,True,False,False,False,False,-1,-1
stand_obs,process_02,14,0,191,True,False,True,False,False,False,False,-1,-1
stand_obs,process_02,14,1,191,True,False,True,False,False,False,False,-1,-1
stand_obs,process_02,14,2,191,True,False,True,False,False,False,False,-1,-1
stand_obs,process_02,14,3,191,True,False,True,False,False,False,False,-1,-1
stand_obs,process_02,14,4,191,True,False,True,False,False,False,False,-1,-1
stand_obs,process_02,14,5,191,True,False,True,True,False,False,False,326,-1
stand_obs,process_02,14,6,191,True,False,True,False,False,False,False,-1,-1
stand_obs,process_02,14,7,191,True,False,True,False,False,False,False,-1,-1
stand_obs,process_02,14,8,191,True,False,True,False,False,False,False,-1,-1
stand_obs,process_02,14,9,191,True,False,True,False,False,False,False,-1,-1
stand_obs,process_02,14,10,191,True,False,True,False,False,False,False,-1,-1
stand_obs,process_02,14,11,191,True,False,True,False,False,False,False,-1,-1
stand_obs,process_02,14,12,191,True,False,True,False,False,False,False,-1,-1
stand_obs,process_02,14,13,191,True,False,True,False,False,False,False,-1,-1
stand_obs,process_02,14,14,191,True,False,True,False,False,False,False,-1,-1
stand_obs,process_02,14,15,191,True,False,True,False,False,False,False,-1,-1
stand_obs,process_02,15,0,174,True,False,True,False,False,False,False,-1,-1
stand_obs,process_02,15,1,174,True,False,True,False,False,False,False,-1,-1
stand_obs,process_02,15,2,174,True,False,True,False,False,False,False,-1,-1
stand_obs,process_02,15,3,174,True,False,True,False,False,False,False,-1,-1
stand_obs,process_02,15,4,174,True,False,True,False,False,False,False,-1,-1
stand_obs,process_02,15,5,174,True,False,True,False,False,False,False,-1,-1
stand_obs,process_02,15,6,174,True,False,True,False,False,False,False,-1,-1
stand_obs,process_02,15,7,174,True,False,True,False,False,False,False,-1,-1
stand_obs,process_02,15,8,174,True,False,True,False,False,False,False,-1,-1
stand_obs,process_02,15,9,174,True,False,True,False,False,False,False,-1,-1
stand_obs,process_02,15,10,174,True,False,True,False,False,False,False,-1,-1
stand_obs,process_02,15,11,174,True,False,True,False,False,False,False,-1,-1
stand_obs,process_02,15,12,174,True,False,True,False,False,False,False,-1,-1
stand_obs,process_02,15,13,174,True,False,True,False,False,False,False,-1,-1
stand_obs,process_02,15,14,174,True,False,True,False,False,False,False,-1,-1
stand_obs,process_02,15,15,174,True,False,True,False,False,False,False,-1,-1
stand_obs,process_02,16,0,106,True,True,True,False,False,False,False,-1,-1
stand_obs,process_02,16,1,106,True,True,True,False,False,False,False,-1,-1
stand_obs,process_02,16,2,106,True,True,True,False,False,False,False,-1,-1
stand_obs,process_02,16,3,106,True,True,True,True,False,False,False,300,-1
stand_obs,process_02,16,4,106,True,True,True,False,False,False,False,-1,-1
stand_obs,process_02,16,5,106,True,True,True,True,True,False,False,121,118
stand_obs,process_02,16,6,106,True,True,True,False,False,False,False,-1,-1
stand_obs,process_02,16,7,106,True,True,True,False,False,False,False,-1,-1
stand_obs,process_02,16,8,106,True,True,True,False,False,False,False,-1,-1
stand_obs,process_02,16,9,106,True,True,True,False,False,False,False,-1,-1
stand_obs,process_02,16,10,106,True,True,True,False,False,False,False,-1,-1
stand_obs,process_02,16,11,106,True,True,True,False,False,False,False,-1,-1
stand_obs,process_02,16,12,106,True,True,True,False,False,False,False,-1,-1
stand_obs,process_02,16,13,106,True,True,True,False,False,False,False,-1,-1
stand_obs,process_02,16,14,106,True,True,True,False,False,False,False,-1,-1
stand_obs,process_02,16,15,106,True,True,True,False,False,False,False,-1,-1
stand_obs,process_02,17,0,158,True,False,True,False,False,False,False,-1,-1
stand_obs,process_02,17,1,158,True,False,True,True,False,False,False,252,-1
stand_obs,process_02,17,2,158,True,False,True,False,False,False,False,-1,-1
stand_obs,process_02,17,3,158,True,False,True,False,False,False,False,-1,-1
stand_obs,process_02,17,4,158,True,False,True,False,False,False,False,-1,-1
stand_obs,process_02,17,5,158,True,False,True,True,False,False,False,393,-1
stand_obs,process_02,17,6,158,True,False,True,False,False,False,False,-1,-1
stand_obs,process_02,17,7,158,True,False,True,True,False,False,False,499,-1
stand_obs,process_02,17,8,158,True,False,True,True,False,False,False,292,-1
stand_obs,process_02,17,9,158,True,False,True,False,False,False,False,-1,-1
stand_obs,process_02,17,10,158,True,False,True,False,False,False,False,-1,-1
stand_obs,process_02,17,11,158,True,False,True,False,False,False,False,-1,-1
stand_obs,process_02,17,12,158,True,False,True,False,False,False,False,-1,-1
stand_obs,process_02,17,13,158,True,False,True,False,False,False,False,-1,-1
stand_obs,process_02,17,14,158,True,False,True,False,False,False,False,-1,-1
stand_obs,process_02,17,15,158,True,False,True,False,False,False,False,-1,-1
stand_obs,process_02,18,0,158,True,False,True,True,False,False,False,484,-1
stand_obs,process_02,18,1,158,True,False,True,False,False,False,False,-1,-1
stand_obs,process_02,18,2,158,True,False,True,False,False,False,False,-1,-1
stand_obs,process_02,18,3,158,True,False,True,True,False,False,False,430,-1
stand_obs,process_02,18,4,158,True,False,True,True,False,False,False,410,-1
stand_obs,process_02,18,5,158,True,False,True,True,False,False,False,494,-1
stand_obs,process_02,18,6,158,True,False,True,False,False,False,False,-1,-1
stand_obs,process_02,18,7,158,True,False,True,False,False,False,False,-1,-1
stand_obs,process_02,18,8,158,True,False,True,False,False,False,False,-1,-1
stand_obs,process_02,18,9,158,True,False,True,False,False,False,False,-1,-1
stand_obs,process_02,18,10,158,True,False,True,False,False,False,False,-1,-1
stand_obs,process_02,18,11,158,True,False,True,False,False,False,False,-1,-1
stand_obs,process_02,18,12,158,True,False,True,False,False,False,False,-1,-1
stand_obs,process_02,18,13,158,True,False,True,False,False,False,False,-1,-1
stand_obs,process_02,18,14,158,True,False,True,False,False,False,False,-1,-1
stand_obs,process_02,18,15,158,True,False,True,False,False,False,False,-1,-1
stand_obs,process_02,19,0,168,True,False,True,False,False,False,False,-1,-1
stand_obs,process_02,19,1,168,True,False,True,False,False,False,False,-1,-1
stand_obs,process_02,19,2,168,True,False,True,False,False,False,False,-1,-1
stand_obs,process_02,19,3,168,True,False,True,False,False,False,False,-1,-1
stand_obs,process_02,19,4,168,True,False,True,False,False,False,False,-1,-1
stand_obs,process_02,19,5,168,True,False,True,False,False,False,False,-1,-1
stand_obs,process_02,19,6,168,True,False,True,False,False,False,False,-1,-1
stand_obs,process_02,19,7,168,True,False,True,False,False,False,False,-1,-1
stand_obs,process_02,19,8,168,True,False,True,False,False,False,False,-1,-1
stand_obs,process_02,19,9,168,True,False,True,False,False,False,False,-1,-1
stand_obs,process_02,19,10,168,True,False,True,False,False,False,False,-1,-1
stand_obs,process_02,19,11,168,True,False,True,False,False,False,False,-1,-1
stand_obs,process_02,19,12,168,True,False,True,False,False,False,False,-1,-1
stand_obs,process_02,19,13,168,True,False,True,False,False,False,False,-1,-1
stand_obs,process_02,19,14,168,True,False,True,False,False,False,False,-1,-1
stand_obs,process_02,19,15,168,True,False,True,False,False,False,False,-1,-1
stand_obs,process_02,20,0,110,True,True,True,True,False,False,False,285,-1
stand_obs,process_02,20,1,110,True,True,True,False,False,False,False,-1,-1
stand_obs,process_02,20,2,110,True,True,True,False,False,False,False,-1,-1
stand_obs,process_02,20,3,110,True,True,True,False,False,False,False,-1,-1
stand_obs,process_02,20,4,110,True,True,True,False,False,False,False,-1,-1
stand_obs,process_02,20,5,110,True,True,True,False,False,False,False,-1,-1
stand_obs,process_02,20,6,110,True,True,True,False,False,False,False,-1,-1
stand_obs,process_02,20,7,110,True,True,True,False,False,False,False,-1,-1
stand_obs,process_02,20,8,110,True,True,True,False,False,False,False,-1,-1
stand_obs,process_02,20,9,110,True,True,True,False,False,False,False,-1,-1
stand_obs,process_02,20,10,110,True,True,True,False,False,False,False,-1,-1
stand_obs,process_02,20,11,110,True,True,True,False,False,False,False,-1,-1
stand_obs,process_02,20,12,110,True,True,True,False,False,False,False,-1,-1
stand_obs,process_02,20,13,110,True,True,True,False,False,False,False,-1,-1
stand_obs,process_02,20,14,110,True,True,True,False,False,False,False,-1,-1
stand_obs,process_02,20,15,110,True,True,True,False,True,False,False,-1,199
stand_obs,process_02,21,0,122,True,False,True,False,False,False,False,-1,-1
stand_obs,process_02,21,1,122,True,False,True,False,False,False,False,-1,-1
stand_obs,process_02,21,2,122,True,False,True,False,False,False,False,-1,-1
stand_obs,process_02,21,3,122,True,False,True,False,False,False,False,-1,-1
stand_obs,process_02,21,4,122,True,False,True,False,False,False,False,-1,-1
stand_obs,process_02,21,5,122,True,False,True,False,False,False,False,-1,-1
stand_obs,process_02,21,6,122,True,False,True,False,False,False,False,-1,-1
stand_obs,process_02,21,7,122,True,False,True,False,False,False,False,-1,-1
stand_obs,process_02,21,8,122,True,False,True,False,False,False,False,-1,-1
stand_obs,process_02,21,9,122,True,False,True,True,False,False,False,393,-1
stand_obs,process_02,21,10,122,True,False,True,False,False,False,False,-1,-1
stand_obs,process_02,21,11,122,True,False,True,False,False,False,False,-1,-1
stand_obs,process_02,21,12,122,True,False,True,False,False,False,False,-1,-1
stand_obs,process_02,21,13,122,True,False,True,False,False,False,False,-1,-1
stand_obs,process_02,21,14,122,True,False,True,False,False,False,False,-1,-1
stand_obs,process_02,21,15,122,True,False,True,False,False,False,False,-1,-1
stand_obs,process_02,22,0,150,True,False,True,True,False,False,False,259,-1
stand_obs,process_02,22,1,150,True,False,True,False,False,False,False,-1,-1
stand_obs,process_02,22,2,150,True,False,True,False,False,False,False,-1,-1
stand_obs,process_02,22,3,150,True,False,True,False,False,False,False,-1,-1
stand_obs,process_02,22,4,150,True,False,True,False,False,False,False,-1,-1
stand_obs,process_02,22,5,150,True,False,True,False,False,False,False,-1,-1
stand_obs,process_02,22,6,150,True,False,True,False,False,False,False,-1,-1
stand_obs,process_02,22,7,150,True,False,True,False,False,False,False,-1,-1
stand_obs,process_02,22,8,150,True,False,True,False,False,False,False,-1,-1
stand_obs,process_02,22,9,150,True,False,True,False,False,False,False,-1,-1
stand_obs,process_02,22,10,150,True,False,True,False,False,False,False,-1,-1
stand_obs,process_02,22,11,150,True,False,True,False,False,False,False,-1,-1
stand_obs,process_02,22,12,150,True,False,True,False,False,False,False,-1,-1
stand_obs,process_02,22,13,150,True,False,True,False,False,False,False,-1,-1
stand_obs,process_02,22,14,150,True,False,True,False,False,False,False,-1,-1
stand_obs,process_02,22,15,150,True,False,True,False,False,False,False,-1,-1
stand_obs,process_02,23,0,105,True,True,True,False,False,False,False,-1,-1
stand_obs,process_02,23,1,105,True,True,True,False,False,False,False,-1,-1
stand_obs,process_02,23,2,105,True,True,True,False,False,False,False,-1,-1
stand_obs,process_02,23,3,105,True,True,True,False,False,False,False,-1,-1
stand_obs,process_02,23,4,105,True,True,True,False,False,False,False,-1,-1
stand_obs,process_02,23,5,105,True,True,True,False,False,False,False,-1,-1
stand_obs,process_02,23,6,105,True,True,True,False,False,False,False,-1,-1
stand_obs,process_02,23,7,105,True,True,True,False,False,False,False,-1,-1
stand_obs,process_02,23,8,105,True,True,True,False,False,False,False,-1,-1
stand_obs,process_02,23,9,105,True,True,True,False,False,False,False,-1,-1
stand_obs,process_02,23,10,105,True,True,True,False,False,False,False,-1,-1
stand_obs,process_02,23,11,105,True,True,True,False,False,False,False,-1,-1
stand_obs,process_02,23,12,105,True,True,True,False,False,False,False,-1,-1
stand_obs,process_02,23,13,105,True,True,True,False,False,False,False,-1,-1
stand_obs,process_02,23,14,105,True,True,True,False,False,False,False,-1,-1
stand_obs,process_02,23,15,105,True,True,True,False,False,False,False,-1,-1
stand_obs,process_02,24,0,140,True,False,True,False,False,False,False,-1,-1
stand_obs,process_02,24,1,140,True,False,True,False,False,False,False,-1,-1
stand_obs,process_02,24,2,140,True,False,True,False,False,False,False,-1,-1
stand_obs,process_02,24,3,140,True,False,True,True,False,False,False,299,-1
stand_obs,process_02,24,4,140,True,False,True,False,False,False,False,-1,-1
stand_obs,process_02,24,5,140,True,False,True,False,False,False,False,-1,-1
stand_obs,process_02,24,6,140,True,False,True,False,False,False,False,-1,-1
stand_obs,process_02,24,7,140,True,False,True,False,False,False,False,-1,-1
stand_obs,process_02,24,8,140,True,False,True,False,False,False,False,-1,-1
stand_obs,process_02,24,9,140,True,False,True,False,False,False,False,-1,-1
stand_obs,process_02,24,10,140,True,False,True,True,False,False,False,274,-1
stand_obs,process_02,24,11,140,True,False,True,False,False,False,False,-1,-1
stand_obs,process_02,24,12,140,True,False,True,False,False,False,False,-1,-1
stand_obs,process_02,24,13,140,True,False,True,False,False,False,False,-1,-1
stand_obs,process_02,24,14,140,True,False,True,False,False,False,False,-1,-1
stand_obs,process_02,24,15,140,True,False,True,False,False,False,False,-1,-1
stand_obs,process_02,25,0,145,True,False,True,False,False,False,False,-1,-1
stand_obs,process_02,25,1,145,True,False,True,False,False,False,False,-1,-1
stand_obs,process_02,25,2,145,True,False,True,False,False,False,False,-1,-1
stand_obs,process_02,25,3,145,True,False,True,False,False,False,False,-1,-1
stand_obs,process_02,25,4,145,True,False,True,False,False,False,False,-1,-1
stand_obs,process_02,25,5,145,True,False,True,True,False,False,False,362,-1
stand_obs,process_02,25,6,145,True,False,True,False,False,False,False,-1,-1
stand_obs,process_02,25,7,145,True,False,True,True,False,False,False,383,-1
stand_obs,process_02,25,8,145,True,False,True,False,False,False,False,-1,-1
stand_obs,process_02,25,9,145,True,False,True,False,False,False,False,-1,-1
stand_obs,process_02,25,10,145,True,False,True,False,False,False,False,-1,-1
stand_obs,process_02,25,11,145,True,False,True,False,False,False,False,-1,-1
stand_obs,process_02,25,12,145,True,False,True,False,False,False,False,-1,-1
stand_obs,process_02,25,13,145,True,False,True,False,False,False,False,-1,-1
stand_obs,process_02,25,14,145,True,False,True,True,False,False,False,369,-1
stand_obs,process_02,25,15,145,True,False,True,True,False,False,False,308,-1
stand_obs,process_02,26,0,161,True,False,True,False,False,False,False,-1,-1
stand_obs,process_02,26,1,161,True,False,True,False,False,False,False,-1,-1
stand_obs,process_02,26,2,161,True,False,True,False,False,False,False,-1,-1
stand_obs,process_02,26,3,161,True,False,True,False,False,False,False,-1,-1
stand_obs,process_02,26,4,161,True,False,True,False,False,False,False,-1,-1
stand_obs,process_02,26,5,161,True,False,True,False,False,False,False,-1,-1
stand_obs,process_02,26,6,161,True,False,True,False,False,False,False,-1,-1
stand_obs,process_02,26,7,161,True,False,True,False,False,False,False,-1,-1
stand_obs,process_02,26,8,161,True,False,True,False,False,False,False,-1,-1
stand_obs,process_02,26,9,161,True,False,True,False,False,False,False,-1,-1
stand_obs,process_02,26,10,161,True,False,True,False,False,False,False,-1,-1
stand_obs,process_02,26,11,161,True,False,True,True,False,False,False,438,-1
stand_obs,process_02,26,12,161,True,False,True,False,False,False,False,-1,-1
stand_obs,process_02,26,13,161,True,False,True,True,False,False,False,304,-1
stand_obs,process_02,26,14,161,True,False,True,False,False,False,False,-1,-1
stand_obs,process_02,26,15,161,True,False,True,False,False,False,False,-1,-1
stand_obs,process_02,27,0,172,True,False,True,False,False,False,False,-1,-1
stand_obs,process_02,27,1,172,True,False,True,False,False,False,False,-1,-1
stand_obs,process_02,27,2,172,True,False,True,False,False,False,False,-1,-1
stand_obs,process_02,27,3,172,True,False,True,False,False,False,False,-1,-1
stand_obs,process_02,27,4,172,True,False,True,True,False,False,False,322,-1
stand_obs,process_02,27,5,172,True,False,True,False,False,False,False,-1,-1
stand_obs,process_02,27,6,172,True,False,True,False,False,False,False,-1,-1
stand_obs,process_02,27,7,172,True,False,True,False,False,False,False,-1,-1
stand_obs,process_02,27,8,172,True,False,True,False,False,False,False,-1,-1
stand_obs,process_02,27,9,172,True,False,True,False,False,False,False,-1,-1
stand_obs,process_02,27,10,172,True,False,True,False,False,False,False,-1,-1
stand_obs,process_02,27,11,172,True,False,True,False,False,False,False,-1,-1
stand_obs,process_02,27,12,172,True,False,True,False,False,False,False,-1,-1
stand_obs,process_02,27,13,172,True,False,True,False,False,False,False,-1,-1
stand_obs,process_02,27,14,172,True,False,True,False,False,False,False,-1,-1
stand_obs,process_02,27,15,172,True,False,True,False,False,False,False,-1,-1
stand_obs,process_02,28,0,104,True,True,True,False,False,False,False,-1,-1
stand_obs,process_02,28,1,104,True,True,True,False,False,False,False,-1,-1
stand_obs,process_02,28,2,104,True,True,True,False,False,False,False,-1,-1
stand_obs,process_02,28,3,104,True,True,True,False,False,False,False,-1,-1
stand_obs,process_02,28,4,104,True,True,True,False,False,False,False,-1,-1
stand_obs,process_02,28,5,104,True,True,True,False,False,False,False,-1,-1
stand_obs,process_02,28,6,104,True,True,True,False,False,False,False,-1,-1
stand_obs,process_02,28,7,104,True,True,True,False,False,False,False,-1,-1
stand_obs,process_02,28,8,104,True,True,True,False,False,False,False,-1,-1
stand_obs,process_02,28,9,104,True,True,True,False,False,False,False,-1,-1
stand_obs,process_02,28,10,104,True,True,True,False,False,False,False,-1,-1
stand_obs,process_02,28,11,104,True,True,True,True,False,False,False,214,-1
stand_obs,process_02,28,12,104,True,True,True,False,False,False,False,-1,-1
stand_obs,process_02,28,13,104,True,True,True,False,False,False,False,-1,-1
stand_obs,process_02,28,14,104,True,True,True,False,False,False,False,-1,-1
stand_obs,process_02,28,15,104,True,True,True,False,False,False,False,-1,-1
stand_obs,process_02,29,0,177,True,False,True,False,False,False,False,-1,-1
stand_obs,process_02,29,1,177,True,False,True,True,False,False,False,423,-1
stand_obs,process_02,29,2,177,True,False,True,False,False,False,False,-1,-1
stand_obs,process_02,29,3,177,True,False,True,False,False,False,False,-1,-1
stand_obs,process_02,29,4,177,True,False,True,False,False,False,False,-1,-1
stand_obs,process_02,29,5,177,True,False,True,False,False,False,False,-1,-1
stand_obs,process_02,29,6,177,True,False,True,False,False,False,False,-1,-1
stand_obs,process_02,29,7,177,True,False,True,False,False,False,False,-1,-1
stand_obs,process_02,29,8,177,True,False,True,False,False,False,False,-1,-1
stand_obs,process_02,29,9,177,True,False,True,False,False,False,False,-1,-1
stand_obs,process_02,29,10,177,True,False,True,True,False,False,False,300,-1
stand_obs,process_02,29,11,177,True,False,True,False,False,False,False,-1,-1
stand_obs,process_02,29,12,177,True,False,True,True,False,False,False,370,-1
stand_obs,process_02,29,13,177,True,False,True,False,False,False,False,-1,-1
stand_obs,process_02,29,14,177,True,False,True,False,False,False,False,-1,-1
stand_obs,process_02,29,15,177,True,False,True,False,False,False,False,-1,-1
stand_obs,process_02,30,0,183,True,False,True,False,False,False,False,-1,-1
stand_obs,process_02,30,1,183,True,False,True,False,False,False,False,-1,-1
stand_obs,process_02,30,2,183,True,False,True,False,False,False,False,-1,-1
stand_obs,process_02,30,3,183,True,False,True,False,False,False,False,-1,-1
stand_obs,process_02,30,4,183,True,False,True,False,False,False,False,-1,-1
stand_obs,process_02,30,5,183,True,False,True,True,False,False,False,329,-1
stand_obs,process_02,30,6,183,True,False,True,False,False,False,False,-1,-1
stand_obs,process_02,30,7,183,True,False,True,False,False,False,False,-1,-1
stand_obs,process_02,30,8,183,True,False,True,False,False,False,False,-1,-1
stand_obs,process_02,30,9,183,True,False,True,True,False,False,False,363,-1
stand_obs,process_02,30,10,183,True,False,True,False,False,False,False,-1,-1
stand_obs,process_02,30,11,183,True,False,True,False,False,False,False,-1,-1
stand_obs,process_02,30,12,183,True,False,True,False,False,False,False,-1,-1
stand_obs,process_02,30,13,183,True,False,True,True,False,False,False,431,-1
stand_obs,process_02,30,14,183,True,False,True,False,False,False,False,-1,-1
stand_obs,process_02,30,15,183,True,False,True,True,False,False,False,269,-1
stand_obs,process_02,31,0,113,True,True,True,False,False,False,False,-1,-1
stand_obs,process_02,31,1,113,True,True,True,False,False,False,False,-1,-1
stand_obs,process_02,31,2,113,True,True,True,False,False,False,False,-1,-1
stand_obs,process_02,31,3,113,True,True,True,False,False,False,False,-1,-1
stand_obs,process_02,31,4,113,True,True,True,False,False,False,False,-1,-1
stand_obs,process_02,31,5,113,True,True,True,False,False,False,False,-1,-1
stand_obs,process_02,31,6,113,True,True,True,False,False,False,False,-1,-1
stand_obs,process_02,31,7,113,True,True,True,False,False,False,False,-1,-1
stand_obs,process_02,31,8,113,True,True,True,False,False,False,False,-1,-1
stand_obs,process_02,31,9,113,True,True,True,False,False,False,False,-1,-1
stand_obs,process_02,31,10,113,True,True,True,False,False,False,False,-1,-1
stand_obs,process_02,31,11,113,True,True,True,True,False,False,False,262,-1
stand_obs,process_02,31,12,113,True,True,True,False,False,False,False,-1,-1
stand_obs,process_02,31,13,113,True,True,True,False,False,False,False,-1,-1
stand_obs,process_02,31,14,113,True,True,True,False,False,False,False,-1,-1
stand_obs,process_02,31,15,113,True,True,True,False,False,False,False,-1,-1
stand_obs,process_02,32,0,118,False,True,False,False,False,False,False,-1,-1
stand_obs,process_02,32,1,118,False,True,False,False,False,False,False,-1,-1
stand_obs,process_02,32,2,118,False,True,False,False,False,False,False,-1,-1
stand_obs,process_02,32,3,118,False,True,False,False,False,False,False,-1,-1
stand_obs,process_02,32,4,118,False,True,False,False,False,False,False,-1,-1
stand_obs,process_02,32,5,118,False,True,False,False,False,False,False,-1,-1
stand_obs,process_02,32,6,118,False,True,False,False,False,False,False,-1,-1
stand_obs,process_02,32,7,118,False,True,False,False,False,False,False,-1,-1
stand_obs,process_02,32,8,118,False,True,False,False,False,False,False,-1,-1
stand_obs,process_02,32,9,118,False,True,False,False,False,False,False,-1,-1
stand_obs,process_02,32,10,118,False,True,False,False,False,False,False,-1,-1
stand_obs,process_02,32,11,118,False,True,False,False,False,False,False,-1,-1
stand_obs,process_02,32,12,118,False,True,False,False,False,False,False,-1,-1
stand_obs,process_02,32,13,118,False,True,False,False,False,False,False,-1,-1
stand_obs,process_02,32,14,118,False,True,False,False,False,False,False,-1,-1
stand_obs,process_02,32,15,118,False,True,False,False,False,False,False,-1,-1
stand_obs,process_02,33,0,122,False,False,False,False,False,False,False,-1,-1
stand_obs,process_02,33,1,122,False,False,False,False,False,False,False,-1,-1
stand_obs,process_02,33,2,122,False,False,False,False,False,False,False,-1,-1
stand_obs,process_02,33,3,122,False,False,False,False,False,False,False,-1,-1
stand_obs,process_02,33,4,122,False,False,False,False,False,False,False,-1,-1
stand_obs,process_02,33,5,122,False,False,False,False,False,False,False,-1,-1
stand_obs,process_02,33,6,122,False,False,False,False,False,False,False,-1,-1
stand_obs,process_02,33,7,122,False,False,False,False,False,False,False,-1,-1
stand_obs,process_02,33,8,122,False,False,False,False,False,False,False,-1,-1
stand_obs,process_02,33,9,122,False,False,False,False,False,False,False,-1,-1
stand_obs,process_02,33,10,122,False,False,False,False,False,False,False,-1,-1
stand_obs,process_02,33,11,122,False,False,False,False,False,False,False,-1,-1
stand_obs,process_02,33,12,122,False,False,False,False,False,False,False,-1,-1
stand_obs,process_02,33,13,122,False,False,False,False,False,False,False,-1,-1
stand_obs,process_02,33,14,122,False,False,False,False,False,False,False,-1,-1
stand_obs,process_02,33,15,122,False,False,False,False,False,False,False,-1,-1
stand_obs,process_02,34,0,128,False,False,False,False,False,False,False,-1,-1
stand_obs,process_02,34,1,128,False,False,False,False,False,False,False,-1,-1
stand_obs,process_02,34,2,128,False,False,False,False,False,False,False,-1,-1
stand_obs,process_02,34,3,128,False,False,False,False,False,False,False,-1,-1
stand_obs,process_02,34,4,128,False,False,False,False,False,False,False,-1,-1
stand_obs,process_02,34,5,128,False,False,False,False,False,False,False,-1,-1
stand_obs,process_02,34,6,128,False,False,False,False,False,False,False,-1,-1
stand_obs,process_02,34,7,128,False,False,False,False,False,False,False,-1,-1
stand_obs,process_02,34,8,128,False,False,False,False,False,False,False,-1,-1
stand_obs,process_02,34,9,128,False,False,False,False,False,False,False,-1,-1
stand_obs,process_02,34,10,128,False,False,False,False,False,False,False,-1,-1
stand_obs,process_02,34,11,128,False,False,False,False,False,False,False,-1,-1
stand_obs,process_02,34,12,128,False,False,False,False,False,False,False,-1,-1
stand_obs,process_02,34,13,128,False,False,False,False,False,False,False,-1,-1
stand_obs,process_02,34,14,128,False,False,False,False,False,False,False,-1,-1
stand_obs,process_02,34,15,128,False,False,False,False,False,False,False,-1,-1
stand_obs,process_02,35,0,199,False,False,False,False,False,False,False,-1,-1
stand_obs,process_02,35,1,199,False,False,False,False,False,False,False,-1,-1
stand_obs,process_02,35,2,199,False,False,False,False,False,False,False,-1,-1
stand_obs,process_02,35,3,199,False,False,False,False,False,False,False,-1,-1
stand_obs,process_02,35,4,199,False,False,False,False,False,False,False,-1,-1
stand_obs,process_02,35,5,199,False,False,False,False,False,False,False,-1,-1
stand_obs,process_02,35,6,199,False,False,False,False,False,False,False,-1,-1
stand_obs,process_02,35,7,199,False,False,False,False,False,False,False,-1,-1
stand_obs,process_02,35,8,199,False,False,False,False,False,False,False,-1,-1
stand_obs,process_02,35,9,199,False,False,False,False,False,False,False,-1,-1
stand_obs,process_02,35,10,199,False,False,False,False,False,False,False,-1,-1
stand_obs,process_02,35,11,199,False,False,False,False,False,False,False,-1,-1
stand_obs,process_02,35,12,199,False,False,False,False,False,False,False,-1,-1
stand_obs,process_02,35,13,199,False,False,False,False,False,False,False,-1,-1
stand_obs,process_02,35,14,199,False,False,False,False,False,False,False,-1,-1
stand_obs,process_02,35,15,199,False,False,False,False,False,False,False,-1,-1
stand_obs,process_02,36,0,193,False,False,False,False,False,False,False,-1,-1
stand_obs,process_02,36,1,193,False,False,False,False,False,False,False,-1,-1
stand_obs,process_02,36,2,193,False,False,False,False,False,False,False,-1,-1
stand_obs,process_02,36,3,193,False,False,False,False,False,False,False,-1,-1
stand_obs,process_02,36,4,193,False,False,False,False,False,False,False,-1,-1
stand_obs,process_02,36,5,193,False,False,False,False,False,False,False,-1,-1
stand_obs,process_02,36,6,193,False,False,False,False,False,False,False,-1,-1
stand_obs,process_02,36,7,193,False,False,False,False,False,False,False,-1,-1
stand_obs,process_02,36,8,193,False,False,False,False,False,False,False,-1,-1
stand_obs,process_02,36,9,193,False,False,False,False,False,False,False,-1,-1
stand_obs,process_02,36,10,193,False,False,False,False,False,False,False,-1,-1
stand_obs,process_02,36,11,193,False,False,False,False,False,False,False,-1,-1
stand_obs,process_02,36,12,193,False,False,False,False,False,False,False,-1,-1
stand_obs,process_02,36,13,193,False,False,False,False,False,False,False,-1,-1
stand_obs,process_02,36,14,193,False,False,False,False,False,False,False,-1,-1
stand_obs,process_02,36,15,193,False,False,False,False,False,False,False,-1,-1
stand_obs,process_02,37,0,138,False,False,False,False,False,False,False,-1,-1
stand_obs,process_02,37,1,138,False,False,False,False,False,False,False,-1,-1
stand_obs,process_02,37,2,138,False,False,False,False,False,False,False,-1,-1
stand_obs,process_02,37,3,138,False,False,False,False,False,False,False,-1,-1
stand_obs,process_02,37,4,138,False,False,False,False,False,False,False,-1,-1
stand_obs,process_02,37,5,138,False,False,False,False,False,False,False,-1,-1
stand_obs,process_02,37,6,138,False,False,False,False,False,False,False,-1,-1
stand_obs,process_02,37,7,138,False,False,False,False,False,False,False,-1,-1
stand_obs,process_02,37,8,138,False,False,False,False,False,False,False,-1,-1
stand_obs,process_02,37,9,138,False,False,False,False,False,False,False,-1,-1
stand_obs,process_02,37,10,138,False,False,False,False,False,False,False,-1,-1
stand_obs,process_02,37,11,138,False,False,False,False,False,False,False,-1,-1
stand_obs,process_02,37,12,138,False,False,False,False,False,False,False,-1,-1
stand_obs,process_02,37,13,138,False,False,False,False,False,False,False,-1,-1
stand_obs,process_02,37,14,138,False,False,False,False,False,False,False,-1,-1
stand_obs,process_02,37,15,138,False,False,False,False,False,False,False,-1,-1
stand_obs,process_02,38,0,144,False,False,False,False,False,False,False,-1,-1
stand_obs,process_02,38,1,144,False,False,False,False,False,False,False,-1,-1
stand_obs,process_02,38,2,144,False,False,False,False,False,False,False,-1,-1
stand_obs,process_02,38,3,144,False,False,False,False,False,False,False,-1,-1
stand_obs,process_02,38,4,144,False,False,False,False,False,False,False,-1,-1
stand_obs,process_02,38,5,144,False,False,False,False,False,False,False,-1,-1
stand_obs,process_02,38,6,144,False,False,False,False,False,False,False,-1,-1
stand_obs,process_02,38,7,144,False,False,False,False,False,False,False,-1,-1
stand_obs,process_02,38,8,144,False,False,False,False,False,False,False,-1,-1
stand_obs,process_02,38,9,144,False,False,False,False,False,False,False,-1,-1
stand_obs,process_02,38,10,144,False,False,False,False,False,False,False,-1,-1
stand_obs,process_02,38,11,144,False,False,False,False,False,False,False,-1,-1
stand_obs,process_02,38,12,144,False,False,False,False,False,False,False,-1,-1
stand_obs,process_02,38,13,144,False,False,False,False,False,False,False,-1,-1
stand_obs,process_02,38,14,144,False,False,False,False,False,False,False,-1,-1
stand_obs,process_02,38,15,144,False,False,False,False,False,False,False,-1,-1
stand_obs,process_02,39,0,170,False,False,False,False,False,False,False,-1,-1
stand_obs,process_02,39,1,170,False,False,False,False,False,False,False,-1,-1
stand_obs,process_02,39,2,170,False,False,False,False,False,False,False,-1,-1
stand_obs,process_02,39,3,170,False,False,False,False,False,False,False,-1,-1
stand_obs,process_02,39,4,170,False,False,False,False,False,False,False,-1,-1
stand_obs,process_02,39,5,170,False,False,False,False,False,False,False,-1,-1
stand_obs,process_02,39,6,170,False,False,False,False,False,False,False,-1,-1
stand_obs,process_02,39,7,170,False,False,False,False,False,False,False,-1,-1
stand_obs,process_02,39,8,170,False,False,False,False,False,False,False,-1,-1
stand_obs,process_02,39,9,170,False,False,False,False,False,False,False,-1,-1
stand_obs,process_02,39,10,170,False,False,False,False,False,False,False,-1,-1
stand_obs,process_02,39,11,170,False,False,False,False,False,False,False,-1,-1
stand_obs,process_02,39,12,170,False,False,False,False,False,False,False,-1,-1
stand_obs,process_02,39,13,170,False,False,False,False,False,False,False,-1,-1
stand_obs,process_02,39,14,170,False,False,False,False,False,False,False,-1,-1
stand_obs,process_02,39,15,170,False,False,False,False,False,False,False,-1,-1
stand_obs,process_02,40,0,185,False,False,False,False,False,False,False,-1,-1
stand_obs,process_02,40,1,185,False,False,False,False,False,False,False,-1,-1
stand_obs,process_02,40,2,185,False,False,False,False,False,False,False,-1,-1
stand_obs,process_02,40,3,185,False,False,False,False,False,False,False,-1,-1
stand_obs,process_02,40,4,185,False,False,False,False,False,False,False,-1,-1
stand_obs,process_02,40,5,185,False,False,False,False,False,False,False,-1,-1
stand_obs,process_02,40,6,185,False,False,False,False,False,False,False,-1,-1
stand_obs,process_02,40,7,185,False,False,False,False,False,False,False,-1,-1
stand_obs,process_02,40,8,185,False,False,False,False,False,False,False,-1,-1
stand_obs,process_02,40,9,185,False,False,False,False,False,False,False,-1,-1
stand_obs,process_02,40,10,185,False,False,False,False,False,False,False,-1,-1
stand_obs,process_02,40,11,185,False,False,False,False,False,False,False,-1,-1
stand_obs,process_02,40,12,185,False,False,False,False,False,False,False,-1,-1
stand_obs,process_02,40,13,185,False,False,False,False,False,False,False,-1,-1
stand_obs,process_02,40,14,185,False,False,False,False,False,False,False,-1,-1
stand_obs,process_02,40,15,185,False,False,False,False,False,False,False,-1,-1
stand_obs,process_02,41,0,148,False,False,False,False,False,False,False,-1,-1
stand_obs,process_02,41,1,148,False,False,False,False,False,False,False,-1,-1
stand_obs,process_02,41,2,148,False,False,False,False,False,False,False,-1,-1
stand_obs,process_02,41,3,148,False,False,False,False,False,False,False,-1,-1
stand_obs,process_02,41,4,148,False,False,False,False,False,False,False,-1,-1
stand_obs,process_02,41,5,148,False,False,False,False,False,False,False,-1,-1
stand_obs,process_02,41,6,148,False,False,False,False,False,False,False,-1,-1
stand_obs,process_02,41,7,148,False,False,False,False,False,False,False,-1,-1
stand_obs,process_02,41,8,148,False,False,False,False,False,False,False,-1,-1
stand_obs,process_02,41,9,148,False,False,False,False,False,False,False,-1,-1
stand_obs,process_02,41,10,148,False,False,False,False,False,False,False,-1,-1
stand_obs,process_02,41,11,148,False,False,False,False,False,False,False,-1,-1
stand_obs,process_02,41,12,148,False,False,False,False,False,False,False,-1,-1
stand_obs,process_02,41,13,148,False,False,False,False,False,False,False,-1,-1
stand_obs,process_02,41,14,148,False,False,False,False,False,False,False,-1,-1
stand_obs,process_02,41,15,148,False,False,False,False,False,False,False,-1,-1
stand_obs,process_02,42,0,148,False,False,False,False,False,False,False,-1,-1
stand_obs,process_02,42,1,148,False,False,False,False,False,True,True,113,113
stand_obs,process_02,42,2,148,False,False,False,False,False,False,False,-1,-1
stand_obs,process_02,42,3,148,False,False,False,False,False,False,False,-1,-1
stand_obs,process_02,42,4,148,False,False,False,False,False,False,False,-1,-1
stand_obs,process_02,42,5,148,False,False,False,False,False,False,False,-1,-1
stand_obs,process_02,42,6,148,False,False,False,False,False,False,False,-1,-1
stand_obs,process_02,42,7,148,False,False,False,False,False,False,False,-1,-1
stand_obs,process_02,42,8,148,False,False,False,False,False,False,False,-1,-1
stand_obs,process_02,42,9,148,False,False,False,False,False,False,False,-1,-1
stand_obs,process_02,42,10,148,False,False,False,False,False,False,False,-1,-1
stand_obs,process_02,42,11,148,False,False,False,False,False,False,False,-1,-1
stand_obs,process_02,42,12,148,False,False,False,False,False,False,False,-1,-1
stand_obs,process_02,42,13,148,False,False,False,False,False,False,False,-1,-1
stand_obs,process_02,42,14,148,False,False,False,False,False,False,False,-1,-1
stand_obs,process_02,42,15,148,False,False,False,False,False,False,False,-1,-1
stand_obs,process_02,43,0,178,False,False,False,False,False,False,False,-1,-1
stand_obs,process_02,43,1,178,False,False,False,False,False,False,False,-1,-1
stand_obs,process_02,43,2,178,False,False,False,False,False,False,False,-1,-1
stand_obs,process_02,43,3,178,False,False,False,False,False,False,False,-1,-1
stand_obs,process_02,43,4,178,False,False,False,False,False,False,False,-1,-1
stand_obs,process_02,43,5,178,False,False,False,False,False,False,False,-1,-1
stand_obs,process_02,43,6,178,False,False,False,False,False,False,False,-1,-1
stand_obs,process_02,43,7,178,False,False,False,False,False,False,False,-1,-1
stand_obs,process_02,43,8,178,False,False,False,False,False,False,False,-1,-1
stand_obs,process_02,43,9,178,False,False,False,False,False,False,False,-1,-1
stand_obs,process_02,43,10,178,False,False,False,False,False,False,False,-1,-1
stand_obs,process_02,43,11,178,False,False,False,False,False,False,False,-1,-1
stand_obs,process_02,43,12,178,False,False,False,False,False,False,False,-1,-1
stand_obs,process_02,43,13,178,False,False,False,False,False,False,False,-1,-1
stand_obs,process_02,43,14,178,False,False,False,False,False,False,False,-1,-1
stand_obs,process_02,43,15,178,False,False,False,False,False,False,False,-1,-1
stand_obs,process_02,44,0,180,False,False,False,False,False,False,False,-1,-1
stand_obs,process_02,44,1,180,False,False,False,False,False,False,False,-1,-1
stand_obs,process_02,44,2,180,False,False,False,False,False,False,False,-1,-1
stand_obs,process_02,44,3,180,False,False,False,False,False,False,False,-1,-1
stand_obs,process_02,44,4,180,False,False,False,False,False,False,False,-1,-1
stand_obs,process_02,44,5,180,False,False,False,False,False,False,False,-1,-1
stand_obs,process_02,44,6,180,False,False,False,False,False,False,False,-1,-1
stand_obs,process_02,44,7,180,False,False,False,False,False,False,False,-1,-1
stand_obs,process_02,44,8,180,False,False,False,False,False,False,False,-1,-1
stand_obs,process_02,44,9,180,False,False,False,False,False,False,False,-1,-1
stand_obs,process_02,44,10,180,False,False,False,False,False,False,False,-1,-1
stand_obs,process_02,44,11,180,False,False,False,False,False,False,False,-1,-1
stand_obs,process_02,44,12,180,False,False,False,False,False,False,False,-1,-1
stand_obs,process_02,44,13,180,False,False,False,False,False,False,False,-1,-1
stand_obs,process_02,44,14,180,False,False,False,False,False,False,False,-1,-1
stand_obs,process_02,44,15,180,False,False,False,True,True,False,False,372,357
stand_obs,process_02,45,0,103,False,True,False,False,False,False,False,-1,-1
stand_obs,process_02,45,1,103,False,True,False,False,False,False,False,-1,-1
stand_obs,process_02,45,2,103,False,True,False,False,False,False,False,-1,-1
stand_obs,process_02,45,3,103,False,True,False,False,False,False,False,-1,-1
stand_obs,process_02,45,4,103,False,True,False,False,False,False,False,-1,-1
stand_obs,process_02,45,5,103,False,True,False,False,False,False,False,-1,-1
stand_obs,process_02,45,6,103,False,True,False,False,False,False,False,-1,-1
stand_obs,process_02,45,7,103,False,True,False,False,False,False,False,-1,-1
stand_obs,process_02,45,8,103,False,True,False,False,False,False,False,-1,-1
stand_obs,process_02,45,9,103,False,True,False,False,False,False,False,-1,-1
stand_obs,process_02,45,10,103,False,True,False,False,False,False,False,-1,-1
stand_obs,process_02,45,11,103,False,True,False,False,False,False,False,-1,-1
stand_obs,process_02,45,12,103,False,True,False,False,False,False,False,-1,-1
stand_obs,process_02,45,13,103,False,True,False,False,False,False,False,-1,-1
stand_obs,process_02,45,14,103,False,True,False,False,False,False,False,-1,-1
stand_obs,process_02,45,15,103,False,True,False,False,False,False,False,-1,-1
stand_obs,process_02,46,0,197,False,False,False,False,False,False,False,-1,-1
stand_obs,process_02,46,1,197,False,False,False,False,False,False,False,-1,-1
stand_obs,process_02,46,2,197,False,False,False,False,False,False,False,-1,-1
stand_obs,process_02,46,3,197,False,False,False,False,False,False,False,-1,-1
stand_obs,process_02,46,4,197,False,False,False,False,False,False,False,-1,-1
stand_obs,process_02,46,5,197,False,False,False,False,False,False,False,-1,-1
stand_obs,process_02,46,6,197,False,False,False,False,False,False,False,-1,-1
stand_obs,process_02,46,7,197,False,False,False,False,False,False,False,-1,-1
stand_obs,process_02,46,8,197,False,False,False,False,False,False,False,-1,-1
stand_obs,process_02,46,9,197,False,False,False,False,False,False,False,-1,-1
stand_obs,process_02,46,10,197,False,False,False,False,False,False,False,-1,-1
stand_obs,process_02,46,11,197,False,False,False,False,False,False,False,-1,-1
stand_obs,process_02,46,12,197,False,False,False,False,False,False,False,-1,-1
stand_obs,process_02,46,13,197,False,False,False,False,False,False,False,-1,-1
stand_obs,process_02,46,14,197,False,False,False,False,False,False,False,-1,-1
stand_obs,process_02,46,15,197,False,False,False,False,False,False,False,-1,-1
stand_obs,process_02,47,0,101,False,True,False,False,False,False,False,-1,-1
stand_obs,process_02,47,1,101,False,True,False,False,False,False,False,-1,-1
stand_obs,process_02,47,2,101,False,True,False,False,False,False,False,-1,-1
stand_obs,process_02,47,3,101,False,True,False,False,False,False,False,-1,-1
stand_obs,process_02,47,4,101,False,True,False,False,False,False,False,-1,-1
stand_obs,process_02,47,5,101,False,True,False,False,False,False,False,-1,-1
stand_obs,process_02,47,6,101,False,True,False,False,False,False,False,-1,-1
stand_obs,process_02,47,7,101,False,True,False,False,False,False,False,-1,-1
stand_obs,process_02,47,8,101,False,True,False,False,False,False,False,-1,-1
stand_obs,process_02,47,9,101,False,True,False,False,False,False,False,-1,-1
stand_obs,process_02,47,10,101,False,True,False,False,False,False,False,-1,-1
stand_obs,process_02,47,11,101,False,True,False,False,False,False,False,-1,-1
stand_obs,process_02,47,12,101,False,True,False,False,False,False,False,-1,-1
stand_obs,process_02,47,13,101,False,True,False,False,False,False,False,-1,-1
stand_obs,process_02,47,14,101,False,True,False,False,False,False,False,-1,-1
stand_obs,process_02,47,15,101,False,True,False,False,False,False,False,-1,-1
walk_motor,process_02,0,0,161,True,False,True,False,True,False,False,-1,183
walk_motor,process_02,0,1,161,True,False,True,False,False,False,False,-1,-1
walk_motor,process_02,0,2,161,True,False,True,True,True,False,False,255,186
walk_motor,process_02,0,3,161,True,False,False,False,False,True,True,124,124
walk_motor,process_02,0,4,161,True,False,True,True,True,False,False,211,200
walk_motor,process_02,0,5,161,True,False,True,False,True,False,False,-1,211
walk_motor,process_02,0,6,161,True,False,True,True,True,False,False,187,189
walk_motor,process_02,0,7,161,True,False,True,True,True,False,False,181,181
walk_motor,process_02,0,8,161,True,False,True,True,True,False,False,187,185
walk_motor,process_02,0,9,161,True,False,True,True,True,False,False,237,184
walk_motor,process_02,0,10,161,True,False,True,True,True,False,False,195,189
walk_motor,process_02,0,11,161,True,False,True,True,True,False,False,181,180
walk_motor,process_02,0,12,161,True,False,True,True,True,False,False,180,180
walk_motor,process_02,0,13,161,True,False,True,False,False,False,False,-1,-1
walk_motor,process_02,0,14,161,True,False,True,True,True,False,False,234,177
walk_motor,process_02,0,15,161,True,False,True,False,True,False,False,-1,189
walk_motor,process_02,1,0,161,True,False,True,True,True,False,False,173,173
walk_motor,process_02,1,1,161,True,False,True,True,True,False,False,176,179
walk_motor,process_02,1,2,161,True,False,True,True,True,False,False,170,170
walk_motor,process_02,1,3,161,True,False,True,True,True,False,False,180,177
walk_motor,process_02,1,4,161,True,False,True,False,True,False,False,-1,180
walk_motor,process_02,1,5,161,True,False,True,False,False,False,False,-1,-1
walk_motor,process_02,1,6,161,True,False,True,True,True,False,False,178,177
walk_motor,process_02,1,7,161,True,False,True,False,False,False,False,-1,-1
walk_motor,process_02,1,8,161,True,False,True,True,True,False,False,225,194
walk_motor,process_02,1,9,161,True,False,True,True,True,False,False,174,172
walk_motor,process_02,1,10,161,True,False,False,False,False,True,True,125,125
walk_motor,process_02,1,11,161,True,False,True,True,True,False,False,178,179
walk_motor,process_02,1,12,161,True,False,True,True,True,False,False,194,188
walk_motor,process_02,1,13,161,True,False,True,False,True,False,False,-1,188
walk_motor,process_02,1,14,161,True,False,True,True,False,False,False,195,-1
walk_motor,process_02,1,15,161,True,False,True,True,True,False,False,177,179
walk_motor,process_02,2,0,151,True,False,True,False,False,False,False,-1,-1
walk_motor,process_02,2,1,151,True,False,True,False,False,False,False,-1,-1
walk_motor,process_02,2,2,151,True,False,True,True,True,False,False,252,195
walk_motor,process_02,2,3,151,True,False,True,False,False,False,False,-1,-1
walk_motor,process_02,2,4,151,True,False,True,False,False,False,False,-1,-1
walk_motor,process_02,2,5,151,True,False,True,False,False,False,False,-1,-1
walk_motor,process_02,2,6,151,True,False,True,False,False,False,False,-1,-1
walk_motor,process_02,2,7,151,True,False,True,False,False,False,False,-1,-1
walk_motor,process_02,2,8,151,True,False,True,False,False,False,False,-1,-1
walk_motor,process_02,2,9,151,True,False,True,False,False,False,False,-1,-1
walk_motor,process_02,2,10,151,True,False,True,False,False,False,False,-1,-1
walk_motor,process_02,2,11,151,True,False,True,True,True,False,False,202,198
walk_motor,process_02,2,12,151,True,False,True,True,True,False,False,187,184
walk_motor,process_02,2,13,151,True,False,True,False,False,False,False,-1,-1
walk_motor,process_02,2,14,151,True,False,True,False,False,False,False,-1,-1
walk_motor,process_02,2,15,151,True,False,True,False,False,False,False,-1,-1
walk_motor,process_02,3,0,148,True,False,True,False,False,False,False,-1,-1
walk_motor,process_02,3,1,148,True,False,True,False,False,False,False,-1,-1
walk_motor,process_02,3,2,148,True,False,True,False,False,False,False,-1,-1
walk_motor,process_02,3,3,148,True,False,True,False,False,False,False,-1,-1
walk_motor,process_02,3,4,148,True,False,True,False,False,False,False,-1,-1
walk_motor,process_02,3,5,148,True,False,True,False,True,False,False,-1,187
walk_motor,process_02,3,6,148,True,False,True,True,False,False,False,263,-1
walk_motor,process_02,3,7,148,True,False,True,True,True,False,False,230,188
walk_motor,process_02,3,8,148,True,False,True,False,False,False,False,-1,-1
walk_motor,process_02,3,9,148,True,False,True,False,False,False,False,-1,-1
walk_motor,process_02,3,10,148,True,False,True,True,True,False,False,164,162
walk_motor,process_02,3,11,148,True,False,True,True,True,False,False,170,169
walk_motor,process_02,3,12,148,True,False,True,False,False,False,False,-1,-1
walk_motor,process_02,3,13,148,True,False,True,True,True,False,False,155,155
walk_motor,process_02,3,14,148,True,False,True,False,False,False,False,-1,-1
walk_motor,process_02,3,15,148,True,False,True,False,False,False,False,-1,-1
walk_motor,process_02,4,0,190,True,False,True,True,True,False,False,210,210
walk_motor,process_02,4,1,190,True,False,True,False,False,False,False,-1,-1
walk_motor,process_02,4,2,190,True,False,True,False,True,False,False,-1,221
walk_motor,process_02,4,3,190,True,False,True,False,True,False,False,-1,226
walk_motor,process_02,4,4,190,True,False,True,False,False,False,False,-1,-1
walk_motor,process_02,4,5,190,True,False,True,True,True,False,False,205,205
walk_motor,process_02,4,6,190,True,False,True,False,False,False,False,-1,-1
walk_motor,process_02,4,7,190,True,False,True,False,False,False,False,-1,-1
walk_motor,process_02,4,8,190,True,False,True,False,True,False,False,-1,228
walk_motor,process_02,4,9,190,True,False,True,True,True,False,False,229,227
walk_motor,process_02,4,10,190,True,False,True,False,False,False,False,-1,-1
walk_motor,process_02,4,11,190,True,False,True,False,False,False,False,-1,-1
walk_motor,process_02,4,12,190,True,False,True,True,True,False,False,210,213
walk_motor,process_02,4,13,190,True,False,True,True,True,False,False,202,203
walk_motor,process_02,4,14,190,True,False,True,True,True,False,False,201,200
walk_motor,process_02,4,15,190,True,False,True,True,True,False,False,213,207
walk_motor,process_02,5,0,127,True,True,True,True,True,False,False,141,140
walk_motor,process_02,5,1,127,True,True,True,False,False,False,False,-1,-1
walk_motor,process_02,5,2,127,True,True,True,True,True,False,False,165,166
walk_motor,process_02,5,3,127,True,True,True,True,True,False,False,150,148
walk_motor,process_02,5,4,127,True,True,True,False,False,False,False,-1,-1
walk_motor,process_02,5,5,127,True,True,True,True,True,False,False,151,152
walk_motor,process_02,5,6,127,True,True,True,True,True,False,False,148,145
walk_motor,process_02,5,7,127,True,True,False,False,False,True,True,90,90
walk_motor,process_02,5,8,127,True,True,True,True,True,False,False,221,155
walk_motor,process_02,5,9,127,True,True,True,True,True,False,False,142,142
walk_motor,process_02,5,10,127,True,True,True,True,True,False,False,208,166
walk_motor,process_02,5,11,127,True,True,True,True,True,False,False,161,161
walk_motor,process_02,5,12,127,True,True,True,True,True,False,False,135,135
walk_motor,process_02,5,13,127,True,True,True,True,True,False,False,154,153
walk_motor,process_02,5,14,127,True,True,True,True,True,False,False,148,146
walk_motor,process_02,5,15,127,True,True,False,False,False,True,True,117,117
walk_motor,process_02,6,0,153,True,False,True,False,True,False,False,-1,186
walk_motor,process_02,6,1,153,True,False,True,False,False,False,False,-1,-1
walk_motor,process_02,6,2,153,True,False,True,False,True,False,False,-1,281
walk_motor,process_02,6,3,153,True,False,True,False,False,False,False,-1,-1
walk_motor,process_02,6,4,153,True,False,True,True,True,False,False,179,181
walk_motor,process_02,6,5,153,True,False,True,True,True,False,False,202,281
walk_motor,process_02,6,6,153,True,False,True,True,True,False,False,178,178
walk_motor,process_02,6,7,153,True,False,True,False,False,False,False,-1,-1
walk_motor,process_02,6,8,153,True,False,True,False,False,False,False,-1,-1
walk_motor,process_02,6,9,153,True,False,True,True,True,False,False,202,199
walk_motor,process_02,6,10,153,True,False,True,False,True,False,False,-1,177
walk_motor,process_02,6,11,153,True,False,True,True,True,False,False,175,175
walk_motor,process_02,6,12,153,True,False,True,False,False,False,False,-1,-1
walk_motor,process_02,6,13,153,True,False,True,False,False,False,False,-1,-1
walk_motor,process_02,6,14,153,True,False,True,False,False,False,False,-1,-1
walk_motor,process_02,6,15,153,True,False,True,True,True,False,False,170,172
walk_motor,process_02,7,0,102,True,True,True,False,False,False,False,-1,-1
walk_motor,process_02,7,1,102,True,True,True,True,True,False,False,133,123
walk_motor,process_02,7,2,102,True,True,True,True,False,False,False,276,-1
walk_motor,process_02,7,3,102,True,True,True,True,True,False,False,160,125
walk_motor,process_02,7,4,102,True,True,True,True,False,False,False,132,-1
walk_motor,process_02,7,5,102,True,True,True,False,False,False,False,-1,-1
walk_motor,process_02,7,6,102,True,True,False,False,False,True,True,80,80
walk_motor,process_02,7,7,102,True,True,True,False,False,False,False,-1,-1
walk_motor,process_02,7,8,102,True,True,True,False,False,False,False,-1,-1
walk_motor,process_02,7,9,102,True,True,True,False,True,False,False,-1,123
walk_motor,process_02,7,10,102,True,True,True,False,False,False,False,-1,-1
walk_motor,process_02,7,11,102,True,True,True,True,True,False,False,124,127
walk_motor,process_02,7,12,102,True,True,True,False,False,False,False,-1,-1
walk_motor,process_02,7,13,102,True,True,True,False,False,False,False,-1,-1
walk_motor,process_02,7,14,102,True,True,True,False,True,False,False,-1,136
walk_motor,process_02,7,15,102,True,True,True,False,False,False,False,-1,-1
walk_motor,process_02,8,0,122,True,True,True,False,False,False,False,-1,-1
walk_motor,process_02,8,1,122,True,True,True,False,False,False,False,-1,-1
walk_motor,process_02,8,2,122,True,True,True,False,False,False,False,-1,-1
walk_motor,process_02,8,3,122,True,True,True,True,True,False,False,134,133
walk_motor,process_02,8,4,122,True,True,True,False,False,False,False,-1,-1
walk_motor,process_02,8,5,122,True,True,True,False,False,False,False,-1,-1
walk_motor,process_02,8,6,122,True,True,True,False,False,False,False,-1,-1
walk_motor,process_02,8,7,122,True,True,True,False,True,False,False,-1,177
walk_motor,process_02,8,8,122,True,True,True,False,False,False,False,-1,-1
walk_motor,process_02,8,9,122,True,True,True,True,True,False,False,174,178
walk_motor,process_02,8,10,122,True,True,True,False,True,False,False,-1,161
walk_motor,process_02,8,11,122,True,True,True,False,True,False,False,-1,181
walk_motor,process_02,8,12,122,True,True,True,True,True,False,False,127,127
walk_motor,process_02,8,13,122,True,True,True,False,False,False,False,-1,-1
walk_motor,process_02,8,14,122,True,True,True,True,True,False,False,134,134
walk_motor,process_02,8,15,122,True,True,True,True,True,False,False,147,137
walk_motor,process_02,9,0,105,True,True,True,False,False,False,False,-1,-1
walk_motor,process_02,9,1,105,True,True,True,False,False,False,False,-1,-1
walk_motor,process_02,9,2,105,True,True,True,True,True,False,False,130,135
walk_motor,process_02,9,3,105,True,True,True,False,False,False,False,-1,-1
walk_motor,process_02,9,4,105,True,True,True,False,False,False,False,-1,-1
walk_motor,process_02,9,5,105,True,True,True,False,False,False,False,-1,-1
walk_motor,process_02,9,6,105,True,True,True,True,False,False,False,147,-1
walk_motor,process_02,9,7,105,True,True,True,False,False,False,False,-1,-1
walk_motor,process_02,9,8,105,True,True,True,True,True,False,False,110,110
walk_motor,process_02,9,9,105,True,True,True,False,False,False,False,-1,-1
walk_motor,process_02,9,10,105,True,True,True,False,True,False,False,-1,123
walk_motor,process_02,9,11,105,True,True,True,True,True,False,False,122,121
walk_motor,process_02,9,12,105,True,True,True,False,False,False,False,-1,-1
walk_motor,process_02,9,13,105,True,True,True,True,True,False,False,127,123
walk_motor,process_02,9,14,105,True,True,True,False,False,False,False,-1,-1
walk_motor,process_02,9,15,105,True,True,True,False,False,False,False,-1,-1
walk_motor,process_02,10,0,111,True,True,True,True,True,False,False,138,139
walk_motor,process_02,10,1,111,True,True,True,True,True,False,False,123,123
walk_motor,process_02,10,2,111,True,True,True,True,True,False,False,122,121
walk_motor,process_02,10,3,111,True,True,True,True,True,False,False,142,380
walk_motor,process_02,10,4,111,True,True,True,False,False,False,False,-1,-1
walk_motor,process_02,10,5,111,True,True,True,False,False,False,False,-1,-1
walk_motor,process_02,10,6,111,True,True,True,True,True,False,False,152,131
walk_motor,process_02,10,7,111,True,True,True,True,True,False,False,126,124
walk_motor,process_02,10,8,111,True,True,True,False,False,False,False,-1,-1
walk_motor,process_02,10,9,111,True,True,True,True,True,False,False,165,142
walk_motor,process_02,10,10,111,True,True,True,True,True,False,False,138,134
walk_motor,process_02,10,11,111,True,True,True,True,True,False,False,316,221
walk_motor,process_02,10,12,111,True,True,True,True,True,False,False,131,133
walk_motor,process_02,10,13,111,True,True,True,True,True,False,False,135,130
walk_motor,process_02,10,14,111,True,True,True,False,True,False,False,-1,174
walk_motor,process_02,10,15,111,True,True,True,False,True,False,False,-1,154
walk_motor,process_02,11,0,191,True,False,True,True,False,False,False,211,-1
walk_motor,process_02,11,1,191,True,False,True,False,False,False,False,-1,-1
walk_motor,process_02,11,2,191,True,False,True,False,True,False,False,-1,337
walk_motor,process_02,11,3,191,True,False,True,True,True,False,False,396,209
walk_motor,process_02,11,4,191,True,False,True,False,True,False,False,-1,222
walk_motor,process_02,11,5,191,True,False,True,True,True,False,False,227,234
walk_motor,process_02,11,6,191,True,False,True,False,False,False,False,-1,-1
walk_motor,process_02,11,7,191,True,False,True,True,True,False,False,249,212
walk_motor,process_02,11,8,191,True,False,False,False,False,True,True,109,109
walk_motor,process_02,11,9,191,True,False,False,False,False,True,True,115,115
walk_motor,process_02,11,10,191,True,False,True,False,False,False,False,-1,-1
walk_motor,process_02,11,11,191,True,False,True,True,True,False,False,212,211
walk_motor,process_02,11,12,191,True,False,True,True,True,False,False,214,217
walk_motor,process_02,11,13,191,True,False,False,False,False,True,True,129,129
walk_motor,process_02,11,14,191,True,False,True,False,False,False,False,-1,-1
walk_motor,process_02,11,15,191,True,False,True,True,True,False,False,227,214
walk_motor,process_02,12,0,122,True,True,True,True,True,False,False,138,138
walk_motor,process_02,12,1,122,True,True,True,True,True,False,False,151,141
walk_motor,process_02,12,2,122,True,True,True,True,False,False,False,199,-1
walk_motor,process_02,12,3,122,True,True,False,False,False,True,True,102,102
walk_motor,process_02,12,4,122,True,True,True,False,True,False,False,-1,154
walk_motor,process_02,12,5,122,True,True,True,False,False,False,False,-1,-1
walk_motor,process_02,12,6,122,True,True,True,True,True,False,False,137,137
walk_motor,process_02,12,7,122,True,True,True,False,True,False,False,-1,165
walk_motor,process_02,12,8,122,True,True,True,False,False,False,False,-1,-1
walk_motor,process_02,12,9,122,True,True,True,True,True,False,False,154,144
walk_motor,process_02,12,10,122,True,True,True,True,True,False,False,144,146
walk_motor,process_02,12,11,122,True,True,True,True,True,False,False,129,129
walk_motor,process_02,12,12,122,True,True,True,True,True,False,False,160,198
walk_motor,process_02,12,13,122,True,True,True,True,True,False,False,140,141
walk_motor,process_02,12,14,122,True,True,True,False,False,False,False,-1,-1
walk_motor,process_02,12,15,122,True,True,False,False,False,True,True,74,74
walk_motor,process_02,13,0,105,True,True,True,True,True,False,False,157,156
walk_motor,process_02,13,1,105,True,True,True,True,True,False,False,153,124
walk_motor,process_02,13,2,105,True,True,True,False,False,False,False,-1,-1
walk_motor,process_02,13,3,105,True,True,True,False,False,False,False,-1,-1
walk_motor,process_02,13,4,105,True,True,True,True,True,False,False,130,177
walk_motor,process_02,13,5,105,True,True,True,False,False,False,False,-1,-1
walk_motor,process_02,13,6,105,True,True,True,False,False,False,False,-1,-1
walk_motor,process_02,13,7,105,True,True,True,False,True,False,False,-1,155
walk_motor,process_02,13,8,105,True,True,True,False,False,False,False,-1,-1
walk_motor,process_02,13,9,105,True,True,True,True,False,False,False,149,-1
walk_motor,process_02,13,10,105,True,True,True,False,False,False,False,-1,-1
walk_motor,process_02,13,11,105,True,True,True,False,False,False,False,-1,-1
walk_motor,process_02,13,12,105,True,True,True,False,False,False,False,-1,-1
walk_motor,process_02,13,13,105,True,True,True,False,False,False,False,-1,-1
walk_motor,process_02,13,14,105,True,True,True,False,False,False,False,-1,-1
walk_motor,process_02,13,15,105,True,True,True,False,False,False,False,-1,-1
walk_motor,process_02,14,0,100,True,True,True,False,False,False,False,-1,-1
walk_motor,process_02,14,1,100,True,True,True,False,False,False,False,-1,-1
walk_motor,process_02,14,2,100,True,True,True,False,False,False,False,-1,-1
walk_motor,process_02,14,3,100,True,True,True,False,False,False,False,-1,-1
walk_motor,process_02,14,4,100,True,True,True,False,False,False,False,-1,-1
walk_motor,process_02,14,5,100,True,True,True,True,True,False,False,120,122
walk_motor,process_02,14,6,100,True,True,True,True,True,False,False,131,123
walk_motor,process_02,14,7,100,True,True,True,False,False,False,False,-1,-1
walk_motor,process_02,14,8,100,True,True,True,False,False,False,False,-1,-1
walk_motor,process_02,14,9,100,True,True,True,False,False,False,False,-1,-1
walk_motor,process_02,14,10,100,True,True,True,False,False,False,False,-1,-1
walk_motor,process_02,14,11,100,True,True,True,False,True,False,False,-1,225
walk_motor,process_02,14,12,100,True,True,True,False,False,False,False,-1,-1
walk_motor,process_02,14,13,100,True,True,True,True,True,False,False,154,151
walk_motor,process_02,14,14,100,True,True,True,True,True,False,False,122,121
walk_motor,process_02,14,15,100,True,True,True,False,True,False,False,-1,129
walk_motor,process_02,15,0,121,True,True,True,True,True,False,False,137,136
walk_motor,process_02,15,1,121,True,True,True,True,True,False,False,136,136
walk_motor,process_02,15,2,121,True,True,True,True,True,False,False,131,131
walk_motor,process_02,15,3,121,True,True,True,True,True,False,False,142,140
walk_motor,process_02,15,4,121,True,True,True,True,True,False,False,144,139
walk_motor,process_02,15,5,121,True,True,True,False,True,False,False,-1,148
walk_motor,process_02,15,6,121,True,True,True,False,False,False,False,-1,-1
walk_motor,process_02,15,7,121,True,True,True,True,True,False,False,142,141
walk_motor,process_02,15,8,121,True,True,True,False,True,False,False,-1,144
walk_motor,process_02,15,9,121,True,True,True,False,False,False,False,-1,-1
walk_motor,process_02,15,10,121,True,True,True,False,False,False,False,-1,-1
walk_motor,process_02,15,11,121,True,True,True,True,True,False,False,138,139
walk_motor,process_02,15,12,121,True,True,True,True,True,False,False,140,139
walk_motor,process_02,15,13,121,True,True,True,True,True,False,False,131,131
walk_motor,process_02,15,14,121,True,True,True,False,True,False,False,-1,163
walk_motor,process_02,15,15,121,True,True,True,True,True,False,False,132,132
walk_motor,process_02,16,0,189,True,False,True,True,True,False,False,210,208
walk_motor,process_02,16,1,189,True,False,True,True,True,False,False,220,216
walk_motor,process_02,16,2,189,True,False,True,True,True,False,False,216,215
walk_motor,process_02,16,3,189,True,False,False,False,False,True,True,63,63
walk_motor,process_02,16,4,189,True,False,True,False,False,False,False,-1,-1
walk_motor,process_02,16,5,189,True,False,True,True,True,False,False,204,200
walk_motor,process_02,16,6,189,True,False,False,False,False,True,True,88,88
walk_motor,process_02,16,7,189,True,False,True,True,True,False,False,203,204
walk_motor,process_02,16,8,189,True,False,True,True,True,False,False,204,203
walk_motor,process_02,16,9,189,True,False,True,True,True,False,False,204,203
walk_motor,process_02,16,10,189,True,False,True,True,True,False,False,204,204
walk_motor,process_02,16,11,189,True,False,True,True,True,False,False,199,199
walk_motor,process_02,16,12,189,True,False,True,True,True,False,False,206,208
walk_motor,process_02,16,13,189,True,False,True,True,True,False,False,208,209
walk_motor,process_02,16,14,189,True,False,True,False,True,False,False,-1,233
walk_motor,process_02,16,15,189,True,False,True,True,True,False,False,220,229
walk_motor,process_02,17,0,176,True,False,True,True,True,False,False,202,207
walk_motor,process_02,17,1,176,True,False,True,True,True,False,False,204,207
walk_motor,process_02,17,2,176,True,False,True,False,False,False,False,-1,-1
walk_motor,process_02,17,3,176,True,False,True,True,True,False,False,200,199
walk_motor,process_02,17,4,176,True,False,True,False,False,False,False,-1,-1
walk_motor,process_02,17,5,176,True,False,True,True,True,False,False,206,201
walk_motor,process_02,17,6,176,True,False,True,True,True,False,False,190,191
walk_motor,process_02,17,7,176,True,False,True,True,True,False,False,190,188
walk_motor,process_02,17,8,176,True,False,True,True,True,False,False,254,203
walk_motor,process_02,17,9,176,True,False,True,False,False,False,False,-1,-1
walk_motor,process_02,17,10,176,True,False,True,True,True,False,False,207,234
walk_motor,process_02,17,11,176,True,False,True,True,True,False,False,210,214
walk_motor,process_02,17,12,176,True,False,True,True,True,False,False,194,195
walk_motor,process_02,17,13,176,True,False,True,False,True,False,False,-1,201
walk_motor,process_02,17,14,176,True,False,True,False,False,False,False,-1,-1
walk_motor,process_02,17,15,176,True,False,True,False,True,False,False,-1,208
walk_motor,process_02,18,0,108,True,True,True,False,False,False,False,-1,-1
walk_motor,process_02,18,1,108,True,True,True,True,True,False,False,121,122
walk_motor,process_02,18,2,108,True,True,True,True,True,False,False,134,124
walk_motor,process_02,18,3,108,True,True,True,False,False,False,False,-1,-1
walk_motor,process_02,18,4,108,True,True,True,True,True,False,False,127,125
walk_motor,process_02,18,5,108,True,True,True,True,True,False,False,152,141
walk_motor,process_02,18,6,108,True,True,True,False,False,False,False,-1,-1
walk_motor,process_02,18,7,108,True,True,True,True,True,False,False,131,123
walk_motor,process_02,18,8,108,True,True,True,True,True,False,False,135,124
walk_motor,process_02,18,9,108,True,True,True,False,True,False,False,-1,161
walk_motor,process_02,18,10,108,True,True,True,False,False,False,False,-1,-1
walk_motor,process_02,18,11,108,True,True,True,True,True,False,False,124,123
walk_motor,process_02,18,12,108,True,True,True,True,True,False,False,143,131
walk_motor,process_02,18,13,108,True,True,True,True,True,False,False,133,128
walk_motor,process_02,18,14,108,True,True,True,False,False,False,False,-1,-1
walk_motor,process_02,18,15,108,True,True,True,False,True,False,False,-1,134
walk_motor,process_02,19,0,175,True,False,True,False,False,False,False,-1,-1
walk_motor,process_02,19,1,175,True,False,True,True,True,False,False,237,203
walk_motor,process_02,19,2,175,True,False,True,False,False,False,False,-1,-1
walk_motor,process_02,19,3,175,True,False,True,False,True,False,False,-1,257
walk_motor,process_02,19,4,175,True,False,True,False,False,False,False,-1,-1
walk_motor,process_02,19,5,175,True,False,False,False,False,True,True,163,163
walk_motor,process_02,19,6,175,True,False,True,False,False,False,False,-1,-1
walk_motor,process_02,19,7,175,True,False,True,False,False,False,False,-1,-1
walk_motor,process_02,19,8,175,True,False,True,False,True,False,False,-1,238
walk_motor,process_02,19,9,175,True,False,True,True,False,False,False,195,-1
walk_motor,process_02,19,10,175,True,False,True,True,True,False,False,193,194
walk_motor,process_02,19,11,175,True,False,True,False,False,False,False,-1,-1
walk_motor,process_02,19,12,175,True,False,True,False,False,False,False,-1,-1
walk_motor,process_02,19,13,175,True,False,True,True,True,False,False,198,195
walk_motor,process_02,19,14,175,True,False,True,True,True,False,False,222,210
walk_motor,process_02,19,15,175,True,False,True,False,True,False,False,-1,277
walk_motor,process_02,20,0,149,True,False,True,False,True,False,False,-1,175
walk_motor,process_02,20,1,149,True,False,True,True,True,False,False,174,170
walk_motor,process_02,20,2,149,True,False,True,False,False,False,False,-1,-1
walk_motor,process_02,20,3,149,True,False,True,False,False,False,False,-1,-1
walk_motor,process_02,20,4,149,True,False,True,False,True,False,False,-1,172
walk_motor,process_02,20,5,149,True,False,True,False,False,False,False,-1,-1
walk_motor,process_02,20,6,149,True,False,True,False,False,False,False,-1,-1
walk_motor,process_02,20,7,149,True,False,True,False,False,False,False,-1,-1
walk_motor,process_02,20,8,149,True,False,False,False,False,True,True,85,85
walk_motor,process_02,20,9,149,True,False,True,True,False,False,False,185,-1
walk_motor,process_02,20,10,149,True,False,True,True,False,False,False,168,-1
walk_motor,process_02,20,11,149,True,False,True,False,False,False,False,-1,-1
walk_motor,process_02,20,12,149,True,False,True,False,False,False,False,-1,-1
walk_motor,process_02,20,13,149,True,False,True,False,False,False,False,-1,-1
walk_motor,process_02,20,14,149,True,False,True,False,True,False,False,-1,423
walk_motor,process_02,20,15,149,True,False,True,False,False,False,False,-1,-1
walk_motor,process_02,21,0,176,True,False,True,True,True,False,False,198,199
walk_motor,process_02,21,1,176,True,False,True,True,True,False,False,218,220
walk_motor,process_02,21,2,176,True,False,True,True,True,False,False,201,201
walk_motor,process_02,21,3,176,True,False,True,True,True,False,False,345,196
walk_motor,process_02,21,4,176,True,False,True,True,True,False,False,195,201
walk_motor,process_02,21,5,176,True,False,True,True,True,False,False,184,185
walk_motor,process_02,21,6,176,True,False,True,True,True,False,False,218,210
walk_motor,process_02,21,7,176,True,False,True,True,True,False,False,228,195
walk_motor,process_02,21,8,176,True,False,True,True,True,False,False,191,190
walk_motor,process_02,21,9,176,True,False,True,True,True,False,False,194,194
walk_motor,process_02,21,10,176,True,False,True,True,True,False,False,201,199
walk_motor,process_02,21,11,176,True,False,True,False,False,False,False,-1,-1
walk_motor,process_02,21,12,176,True,False,True,True,True,False,False,194,193
walk_motor,process_02,21,13,176,True,False,True,True,True,False,False,192,192
walk_motor,process_02,21,14,176,True,False,True,False,False,False,False,-1,-1
walk_motor,process_02,21,15,176,True,False,True,False,False,False,False,-1,-1
walk_motor,process_02,22,0,106,True,True,True,True,True,False,False,127,126
walk_motor,process_02,22,1,106,True,True,True,True,True,False,False,122,124
walk_motor,process_02,22,2,106,True,True,True,True,True,False,False,179,123
walk_motor,process_02,22,3,106,True,True,True,True,True,False,False,124,122
walk_motor,process_02,22,4,106,True,True,True,True,True,False,False,123,123
walk_motor,process_02,22,5,106,True,True,True,False,False,False,False,-1,-1
walk_motor,process_02,22,6,106,True,True,True,True,True,False,False,122,121
walk_motor,process_02,22,7,106,True,True,True,False,False,False,False,-1,-1
walk_motor,process_02,22,8,106,True,True,True,True,True,False,False,129,127
walk_motor,process_02,22,9,106,True,True,True,True,True,False,False,126,126
walk_motor,process_02,22,10,106,True,True,True,True,True,False,False,146,136
walk_motor,process_02,22,11,106,True,True,True,True,True,False,False,129,125
walk_motor,process_02,22,12,106,True,True,True,True,True,False,False,122,121
walk_motor,process_02,22,13,106,True,True,True,True,True,False,False,121,124
walk_motor,process_02,22,14,106,True,True,True,False,True,False,False,-1,181
walk_motor,process_02,22,15,106,True,True,True,True,True,False,False,124,126
walk_motor,process_02,23,0,199,True,False,True,False,False,False,False,-1,-1
walk_motor,process_02,23,1,199,True,False,True,True,True,False,False,220,221
walk_motor,process_02,23,2,199,True,False,True,True,True,False,False,240,243
walk_motor,process_02,23,3,199,True,False,True,False,False,False,False,-1,-1
walk_motor,process_02,23,4,199,True,False,True,False,False,False,False,-1,-1
walk_motor,process_02,23,5,199,True,False,True,False,False,False,False,-1,-1
walk_motor,process_02,23,6,199,True,False,True,False,True,False,False,-1,249
walk_motor,process_02,23,7,199,True,False,True,True,True,False,False,314,283
walk_motor,process_02,23,8,199,True,False,True,False,False,False,False,-1,-1
walk_motor,process_02,23,9,199,True,False,True,True,True,False,False,225,226
walk_motor,process_02,23,10,199,True,False,True,False,True,False,False,-1,220
walk_motor,process_02,23,11,199,True,False,True,False,False,False,False,-1,-1
walk_motor,process_02,23,12,199,True,False,True,False,False,False,False,-1,-1
walk_motor,process_02,23,13,199,True,False,True,False,False,False,False,-1,-1
walk_motor,process_02,23,14,199,True,False,True,False,False,False,False,-1,-1
walk_motor,process_02,23,15,199,True,False,True,False,False,False,False,-1,-1
walk_motor,process_02,24,0,194,True,False,True,False,False,False,False,-1,-1
walk_motor,process_02,24,1,194,True,False,True,True,True,False,False,213,212
walk_motor,process_02,24,2,194,True,False,True,False,False,False,False,-1,-1
walk_motor,process_02,24,3,194,True,False,True,True,True,False,False,225,215
walk_motor,process_02,24,4,194,True,False,True,True,True,False,False,214,215
walk_motor,process_02,24,5,194,True,False,True,True,True,False,False,229,228
walk_motor,process_02,24,6,194,True,False,True,False,False,False,False,-1,-1
walk_motor,process_02,24,7,194,True,False,True,False,False,False,False,-1,-1
walk_motor,process_02,24,8,194,True,False,True,True,True,False,False,215,213
walk_motor,process_02,24,9,194,True,False,True,True,True,False,False,215,219
walk_motor,process_02,24,10,194,True,False,True,True,True,False,False,221,236
walk_motor,process_02,24,11,194,True,False,True,True,True,False,False,201,201
walk_motor,process_02,24,12,194,True,False,True,True,False,False,False,235,-1
walk_motor,process_02,24,13,194,True,False,True,True,True,False,False,218,245
walk_motor,process_02,24,14,194,True,False,True,False,False,False,False,-1,-1
walk_motor,process_02,24,15,194,True,False,True,False,False,False,False,-1,-1
walk_motor,process_02,25,0,184,True,False,False,False,False,True,True,105,105
walk_motor,process_02,25,1,184,True,False,True,True,True,False,False,225,210
walk_motor,process_02,25,2,184,True,False,False,False,False,True,True,96,96
walk_motor,process_02,25,3,184,True,False,True,True,True,False,False,191,190
walk_motor,process_02,25,4,184,True,False,True,True,True,False,False,208,207
walk_motor,process_02,25,5,184,True,False,True,True,True,False,False,198,197
walk_motor,process_02,25,6,184,True,False,True,True,True,False,False,199,198
walk_motor,process_02,25,7,184,True,False,True,True,True,False,False,213,220
walk_motor,process_02,25,8,184,True,False,False,False,False,True,True,145,145
walk_motor,process_02,25,9,184,True,False,True,True,True,False,False,196,195
walk_motor,process_02,25,10,184,True,False,True,True,True,False,False,198,196
walk_motor,process_02,25,11,184,True,False,True,True,True,False,False,199,200
walk_motor,process_02,25,12,184,True,False,True,False,False,False,False,-1,-1
walk_motor,process_02,25,13,184,True,False,True,False,True,False,False,-1,379
walk_motor,process_02,25,14,184,True,False,True,True,True,False,False,206,209
walk_motor,process_02,25,15,184,True,False,True,True,True,False,False,218,218
walk_motor,process_02,26,0,146,True,False,True,False,False,False,False,-1,-1
walk_motor,process_02,26,1,146,True,False,True,False,True,False,False,-1,182
walk_motor,process_02,26,2,146,True,False,True,True,False,False,False,181,-1
walk_motor,process_02,26,3,146,True,False,True,False,False,False,False,-1,-1
walk_motor,process_02,26,4,146,True,False,True,False,False,False,False,-1,-1
walk_motor,process_02,26,5,146,True,False,True,True,False,False,False,216,-1
walk_motor,process_02,26,6,146,True,False,True,False,False,False,False,-1,-1
walk_motor,process_02,26,7,146,True,False,True,False,False,False,False,-1,-1
walk_motor,process_02,26,8,146,True,False,True,False,False,False,False,-1,-1
walk_motor,process_02,26,9,146,True,False,False,False,False,True,True,36,36
walk_motor,process_02,26,10,146,True,False,False,False,False,True,True,46,46
walk_motor,process_02,26,11,146,True,False,True,False,False,False,False,-1,-1
walk_motor,process_02,26,12,146,True,False,True,False,True,False,False,-1,224
walk_motor,process_02,26,13,146,True,False,False,False,False,True,True,86,86
walk_motor,process_02,26,14,146,True,False,True,False,False,False,False,-1,-1
walk_motor,process_02,26,15,146,True,False,True,False,False,False,False,-1,-1
walk_motor,process_02,27,0,169,True,False,True,True,True,False,False,200,205
walk_motor,process_02,27,1,169,True,False,True,True,True,False,False,179,179
walk_motor,process_02,27,2,169,True,False,True,True,True,False,False,236,244
walk_motor,process_02,27,3,169,True,False,True,False,False,False,False,-1,-1
walk_motor,process_02,27,4,169,True,False,True,False,False,False,False,-1,-1
walk_motor,process_02,27,5,169,True,False,True,True,True,False,False,199,215
walk_motor,process_02,27,6,169,True,False,True,True,True,False,False,176,176
walk_motor,process_02,27,7,169,True,False,True,False,False,False,False,-1,-1
walk_motor,process_02,27,8,169,True,False,True,True,True,False,False,178,178
walk_motor,process_02,27,9,169,True,False,True,False,False,False,False,-1,-1
walk_motor,process_02,27,10,169,True,False,True,False,False,False,False,-1,-1
walk_motor,process_02,27,11,169,True,False,True,True,True,False,False,196,198
walk_motor,process_02,27,12,169,True,False,True,True,True,False,False,182,184
walk_motor,process_02,27,13,169,True,False,True,True,True,False,False,170,170
walk_motor,process_02,27,14,169,True,False,True,True,True,False,False,220,215
walk_motor,process_02,27,15,169,True,False,True,True,True,False,False,196,197
walk_motor,process_02,28,0,106,True,True,True,True,True,False,False,126,127
walk_motor,process_02,28,1,106,True,True,True,True,True,False,False,140,137
walk_motor,process_02,28,2,106,True,True,True,False,False,False,False,-1,-1
walk_motor,process_02,28,3,106,True,True,True,True,True,False,False,122,121
walk_motor,process_02,28,4,106,True,True,True,True,True,False,False,154,492
walk_motor,process_02,28,5,106,True,True,True,False,True,False,False,-1,129
walk_motor,process_02,28,6,106,True,True,True,True,True,False,False,134,130
walk_motor,process_02,28,7,106,True,True,True,True,True,False,False,138,142
walk_motor,process_02,28,8,106,True,True,True,False,False,False,False,-1,-1
walk_motor,process_02,28,9,106,True,True,True,True,True,False,False,116,116
walk_motor,process_02,28,10,106,True,True,True,True,True,False,False,119,118
walk_motor,process_02,28,11,106,True,True,True,True,True,False,False,133,152
walk_motor,process_02,28,12,106,True,True,True,False,False,False,False,-1,-1
walk_motor,process_02,28,13,106,True,True,True,False,False,False,False,-1,-1
walk_motor,process_02,28,14,106,True,True,True,True,True,False,False,150,132
walk_motor,process_02,28,15,106,True,True,True,True,True,False,False,136,134
walk_motor,process_02,29,0,102,True,True,True,True,True,False,False,123,129
walk_motor,process_02,29,1,102,True,True,True,True,True,False,False,126,127
walk_motor,process_02,29,2,102,True,True,True,True,True,False,False,120,117
walk_motor,process_02,29,3,102,True,True,True,True,True,False,False,133,127
walk_motor,process_02,29,4,102,True,True,True,True,True,False,False,173,131
walk_motor,process_02,29,5,102,True,True,True,True,True,False,False,121,124
walk_motor,process_02,29,6,102,True,True,True,True,True,False,False,114,114
walk_motor,process_02,29,7,102,True,True,True,True,True,False,False,120,118
walk_motor,process_02,29,8,102,True,True,True,True,True,False,False,119,120
walk_motor,process_02,29,9,102,True,True,True,True,True,False,False,127,127
walk_motor,process_02,29,10,102,True,True,True,True,True,False,False,113,113
walk_motor,process_02,29,11,102,True,True,True,True,True,False,False,113,113
walk_motor,process_02,29,12,102,True,True,True,True,True,False,False,158,198
walk_motor,process_02,29,13,102,True,True,True,True,True,False,False,118,117
walk_motor,process_02,29,14,102,True,True,True,True,True,False,False,118,118
walk_motor,process_02,29,15,102,True,True,True,True,True,False,False,130,125
walk_motor,process_02,30,0,191,True,False,True,True,True,False,False,204,203
walk_motor,process_02,30,1,191,True,False,True,True,True,False,False,205,204
walk_motor,process_02,30,2,191,True,False,True,False,True,False,False,-1,235
walk_motor,process_02,30,3,191,True,False,True,True,True,False,False,197,197
walk_motor,process_02,30,4,191,True,False,True,False,False,False,False,-1,-1
walk_motor,process_02,30,5,191,True,False,True,False,False,False,False,-1,-1
walk_motor,process_02,30,6,191,True,False,True,True,True,False,False,201,201
walk_motor,process_02,30,7,191,True,False,True,True,True,False,False,206,206
walk_motor,process_02,30,8,191,True,False,True,True,True,False,False,242,274
walk_motor,process_02,30,9,191,True,False,True,True,True,False,False,211,211
walk_motor,process_02,30,10,191,True,False,True,True,False,False,False,264,-1
walk_motor,process_02,30,11,191,True,False,True,True,True,False,False,212,209
walk_motor,process_02,30,12,191,True,False,True,True,True,False,False,235,228
walk_motor,process_02,30,13,191,True,False,True,True,True,False,False,207,207
walk_motor,process_02,30,14,191,True,False,True,True,True,False,False,212,211
walk_motor,process_02,30,15,191,True,False,True,True,True,False,False,203,201
walk_motor,process_02,31,0,143,True,False,True,True,False,False,False,300,-1
walk_motor,process_02,31,1,143,True,False,False,False,False,True,True,119,119
walk_motor,process_02,31,2,143,True,False,True,True,True,False,False,257,164
walk_motor,process_02,31,3,143,True,False,True,False,False,False,False,-1,-1
walk_motor,process_02,31,4,143,True,False,True,True,True,False,False,154,154
walk_motor,process_02,31,5,143,True,False,True,True,False,False,False,168,-1
walk_motor,process_02,31,6,143,True,False,True,False,False,False,False,-1,-1
walk_motor,process_02,31,7,143,True,False,False,False,False,True,True,74,74
walk_motor,process_02,31,8,143,True,False,True,True,True,False,False,170,287
walk_motor,process_02,31,9,143,True,False,True,False,False,False,False,-1,-1
walk_motor,process_02,31,10,143,True,False,True,False,False,False,False,-1,-1
walk_motor,process_02,31,11,143,True,False,True,True,True,False,False,169,171
walk_motor,process_02,31,12,143,True,False,True,True,True,False,False,163,162
walk_motor,process_02,31,13,143,True,False,True,True,True,False,False,159,158
walk_motor,process_02,31,14,143,True,False,True,True,True,False,False,163,193
walk_motor,process_02,31,15,143,True,False,True,True,True,False,False,260,212
walk_motor,process_02,32,0,149,False,False,False,False,False,False,False,-1,-1
walk_motor,process_02,32,1,149,False,False,False,False,False,False,False,-1,-1
walk_motor,process_02,32,2,149,False,False,False,False,False,False,False,-1,-1
walk_motor,process_02,32,3,149,False,False,False,False,False,False,False,-1,-1
walk_motor,process_02,32,4,149,False,False,False,False,False,False,False,-1,-1
walk_motor,process_02,32,5,149,False,False,False,False,False,False,False,-1,-1
walk_motor,process_02,32,6,149,False,False,False,False,False,False,False,-1,-1
walk_motor,process_02,32,7,149,False,False,False,False,False,False,False,-1,-1
walk_motor,process_02,32,8,149,False,False,False,False,False,False,False,-1,-1
walk_motor,process_02,32,9,149,False,False,False,False,False,False,False,-1,-1
walk_motor,process_02,32,10,149,False,False,False,False,False,False,False,-1,-1
walk_motor,process_02,32,11,149,False,False,False,False,False,False,False,-1,-1
walk_motor,process_02,32,12,149,False,False,False,False,False,False,False,-1,-1
walk_motor,process_02,32,13,149,False,False,False,False,False,False,False,-1,-1
walk_motor,process_02,32,14,149,False,False,False,False,False,True,True,43,43
walk_motor,process_02,32,15,149,False,False,False,False,False,False,False,-1,-1
walk_motor,process_02,33,0,163,False,False,False,False,False,False,False,-1,-1
walk_motor,process_02,33,1,163,False,False,False,False,False,False,False,-1,-1
walk_motor,process_02,33,2,163,False,False,False,False,False,False,False,-1,-1
walk_motor,process_02,33,3,163,False,False,False,False,False,False,False,-1,-1
walk_motor,process_02,33,4,163,False,False,False,False,False,False,False,-1,-1
walk_motor,process_02,33,5,163,False,False,False,False,False,False,False,-1,-1
walk_motor,process_02,33,6,163,False,False,False,False,False,False,False,-1,-1
walk_motor,process_02,33,7,163,False,False,False,False,False,False,False,-1,-1
walk_motor,process_02,33,8,163,False,False,False,False,False,False,False,-1,-1
walk_motor,process_02,33,9,163,False,False,False,False,False,False,False,-1,-1
walk_motor,process_02,33,10,163,False,False,False,False,False,False,False,-1,-1
walk_motor,process_02,33,11,163,False,False,False,False,False,False,False,-1,-1
walk_motor,process_02,33,12,163,False,False,False,False,False,False,False,-1,-1
walk_motor,process_02,33,13,163,False,False,False,False,False,False,False,-1,-1
walk_motor,process_02,33,14,163,False,False,False,False,False,False,False,-1,-1
walk_motor,process_02,33,15,163,False,False,False,False,False,False,False,-1,-1
walk_motor,process_02,34,0,173,False,False,False,False,False,False,False,-1,-1
walk_motor,process_02,34,1,173,False,False,False,False,False,False,False,-1,-1
walk_motor,process_02,34,2,173,False,False,False,False,False,False,False,-1,-1
walk_motor,process_02,34,3,173,False,False,False,False,False,False,False,-1,-1
walk_motor,process_02,34,4,173,False,False,False,False,False,False,False,-1,-1
walk_motor,process_02,34,5,173,False,False,False,False,False,False,False,-1,-1
walk_motor,process_02,34,6,173,False,False,False,False,False,False,False,-1,-1
walk_motor,process_02,34,7,173,False,False,False,False,False,False,False,-1,-1
walk_motor,process_02,34,8,173,False,False,False,False,False,False,False,-1,-1
walk_motor,process_02,34,9,173,False,False,False,False,False,False,False,-1,-1
walk_motor,process_02,34,10,173,False,False,False,False,False,False,False,-1,-1
walk_motor,process_02,34,11,173,False,False,False,False,False,False,False,-1,-1
walk_motor,process_02,34,12,173,False,False,False,False,False,False,False,-1,-1
walk_motor,process_02,34,13,173,False,False,False,False,False,False,False,-1,-1
walk_motor,process_02,34,14,173,False,False,False,False,False,False,False,-1,-1
walk_motor,process_02,34,15,173,False,False,False,False,False,False,False,-1,-1
walk_motor,process_02,35,0,107,False,True,False,False,False,False,False,-1,-1
walk_motor,process_02,35,1,107,False,True,False,False,False,False,False,-1,-1
walk_motor,process_02,35,2,107,False,True,False,False,False,False,False,-1,-1
walk_motor,process_02,35,3,107,False,True,False,False,False,False,False,-1,-1
walk_motor,process_02,35,4,107,False,True,False,False,False,False,False,-1,-1
walk_motor,process_02,35,5,107,False,True,False,False,False,False,False,-1,-1
walk_motor,process_02,35,6,107,False,True,False,False,False,False,False,-1,-1
walk_motor,process_02,35,7,107,False,True,False,False,False,False,False,-1,-1
walk_motor,process_02,35,8,107,False,True,False,False,False,False,False,-1,-1
walk_motor,process_02,35,9,107,False,True,False,False,False,False,False,-1,-1
walk_motor,process_02,35,10,107,False,True,False,False,False,False,False,-1,-1
walk_motor,process_02,35,11,107,False,True,False,False,False,False,False,-1,-1
walk_motor,process_02,35,12,107,False,True,False,False,False,False,False,-1,-1
walk_motor,process_02,35,13,107,False,True,False,False,False,False,False,-1,-1
walk_motor,process_02,35,14,107,False,True,False,False,False,False,False,-1,-1
walk_motor,process_02,35,15,107,False,True,False,False,False,False,False,-1,-1
walk_motor,process_02,36,0,178,False,False,False,False,False,False,False,-1,-1
walk_motor,process_02,36,1,178,False,False,False,False,False,True,True,131,131
walk_motor,process_02,36,2,178,False,False,False,False,False,False,False,-1,-1
walk_motor,process_02,36,3,178,False,False,False,False,False,False,False,-1,-1
walk_motor,process_02,36,4,178,False,False,False,False,False,False,False,-1,-1
walk_motor,process_02,36,5,178,False,False,False,False,False,False,False,-1,-1
walk_motor,process_02,36,6,178,False,False,False,False,False,False,False,-1,-1
walk_motor,process_02,36,7,178,False,False,False,False,False,False,False,-1,-1
walk_motor,process_02,36,8,178,False,False,False,False,False,False,False,-1,-1
walk_motor,process_02,36,9,178,False,False,False,False,False,False,False,-1,-1
walk_motor,process_02,36,10,178,False,False,False,False,False,False,False,-1,-1
walk_motor,process_02,36,11,178,False,False,False,False,False,False,False,-1,-1
walk_motor,process_02,36,12,178,False,False,False,False,False,False,False,-1,-1
walk_motor,process_02,36,13,178,False,False,False,False,False,False,False,-1,-1
walk_motor,process_02,36,14,178,False,False,False,False,False,False,False,-1,-1
walk_motor,process_02,36,15,178,False,False,False,False,False,False,False,-1,-1
walk_motor,process_02,37,0,118,False,True,False,False,False,False,False,-1,-1
walk_motor,process_02,37,1,118,False,True,False,False,False,False,False,-1,-1
walk_motor,process_02,37,2,118,False,True,False,False,False,False,False,-1,-1
walk_motor,process_02,37,3,118,False,True,False,False,False,False,False,-1,-1
walk_motor,process_02,37,4,118,False,True,False,False,False,False,False,-1,-1
walk_motor,process_02,37,5,118,False,True,False,False,False,False,False,-1,-1
walk_motor,process_02,37,6,118,False,True,False,False,False,False,False,-1,-1
walk_motor,process_02,37,7,118,False,True,False,False,False,False,False,-1,-1
walk_motor,process_02,37,8,118,False,True,False,False,False,False,False,-1,-1
walk_motor,process_02,37,9,118,False,True,False,False,False,False,False,-1,-1
walk_motor,process_02,37,10,118,False,True,False,False,False,False,False,-1,-1
walk_motor,process_02,37,11,118,False,True,False,False,False,False,False,-1,-1
walk_motor,process_02,37,12,118,False,True,False,False,False,False,False,-1,-1
walk_motor,process_02,37,13,118,False,True,False,False,False,False,False,-1,-1
walk_motor,process_02,37,14,118,False,True,False,False,False,False,False,-1,-1
walk_motor,process_02,37,15,118,False,True,False,False,False,False,False,-1,-1
walk_motor,process_02,38,0,126,False,True,False,False,False,False,False,-1,-1
walk_motor,process_02,38,1,126,False,True,False,False,False,False,False,-1,-1
walk_motor,process_02,38,2,126,False,True,False,False,False,False,False,-1,-1
walk_motor,process_02,38,3,126,False,True,False,False,False,False,False,-1,-1
walk_motor,process_02,38,4,126,False,True,False,False,False,False,False,-1,-1
walk_motor,process_02,38,5,126,False,True,False,False,False,False,False,-1,-1
walk_motor,process_02,38,6,126,False,True,False,False,False,True,True,111,111
walk_motor,process_02,38,7,126,False,True,False,False,False,False,False,-1,-1
walk_motor,process_02,38,8,126,False,True,False,False,False,False,False,-1,-1
walk_motor,process_02,38,9,126,False,True,False,False,False,False,False,-1,-1
walk_motor,process_02,38,10,126,False,True,False,True,True,False,False,182,184
walk_motor,process_02,38,11,126,False,True,False,False,False,False,False,-1,-1
walk_motor,process_02,38,12,126,False,True,False,False,False,False,False,-1,-1
walk_motor,process_02,38,13,126,False,True,False,False,False,False,False,-1,-1
walk_motor,process_02,38,14,126,False,True,False,False,False,False,False,-1,-1
walk_motor,process_02,38,15,126,False,True,False,False,False,False,False,-1,-1
walk_motor,process_02,39,0,122,False,True,False,False,False,False,False,-1,-1
walk_motor,process_02,39,1,122,False,True,False,False,False,False,False,-1,-1
walk_motor,process_02,39,2,122,False,True,False,False,False,False,False,-1,-1
walk_motor,process_02,39,3,122,False,True,False,False,False,False,False,-1,-1
walk_motor,process_02,39,4,122,False,True,False,False,False,False,False,-1,-1
walk_motor,process_02,39,5,122,False,True,False,False,False,False,False,-1,-1
walk_motor,process_02,39,6,122,False,True,False,False,False,False,False,-1,-1
walk_motor,process_02,39,7,122,False,True,False,False,False,False,False,-1,-1
walk_motor,process_02,39,8,122,False,True,False,False,False,False,False,-1,-1
walk_motor,process_02,39,9,122,False,True,False,False,False,False,False,-1,-1
walk_motor,process_02,39,10,122,False,True,False,False,False,False,False,-1,-1
walk_motor,process_02,39,11,122,False,True,False,False,False,False,False,-1,-1
walk_motor,process_02,39,12,122,False,True,False,True,True,False,False,153,159
walk_motor,process_02,39,13,122,False,True,False,False,False,False,False,-1,-1
walk_motor,process_02,39,14,122,False,True,False,False,False,False,False,-1,-1
walk_motor,process_02,39,15,122,False,True,False,False,False,False,False,-1,-1
walk_motor,process_02,40,0,168,False,False,False,False,False,False,False,-1,-1
walk_motor,process_02,40,1,168,False,False,False,False,False,False,False,-1,-1
walk_motor,process_02,40,2,168,False,False,False,False,False,False,False,-1,-1
walk_motor,process_02,40,3,168,False,False,False,False,False,False,False,-1,-1
walk_motor,process_02,40,4,168,False,False,False,False,False,False,False,-1,-1
walk_motor,process_02,40,5,168,False,False,False,False,False,False,False,-1,-1
walk_motor,process_02,40,6,168,False,False,False,False,False,False,False,-1,-1
walk_motor,process_02,40,7,168,False,False,False,False,False,False,False,-1,-1
walk_motor,process_02,40,8,168,False,False,False,False,False,False,False,-1,-1
walk_motor,process_02,40,9,168,False,False,False,False,False,False,False,-1,-1
walk_motor,process_02,40,10,168,False,False,False,False,False,False,False,-1,-1
walk_motor,process_02,40,11,168,False,False,False,False,False,False,False,-1,-1
walk_motor,process_02,40,12,168,False,False,False,False,False,False,False,-1,-1
walk_motor,process_02,40,13,168,False,False,False,True,True,False,False,319,422
walk_motor,process_02,40,14,168,False,False,False,False,False,False,False,-1,-1
walk_motor,process_02,40,15,168,False,False,False,False,False,False,False,-1,-1
walk_motor,process_02,41,0,183,False,False,False,False,False,False,False,-1,-1
walk_motor,process_02,41,1,183,False,False,False,False,False,False,False,-1,-1
walk_motor,process_02,41,2,183,False,False,False,False,False,False,False,-1,-1
walk_motor,process_02,41,3,183,False,False,False,False,False,False,False,-1,-1
walk_motor,process_02,41,4,183,False,False,False,False,False,False,False,-1,-1
walk_motor,process_02,41,5,183,False,False,False,False,False,False,False,-1,-1
walk_motor,process_02,41,6,183,False,False,False,False,False,False,False,-1,-1
walk_motor,process_02,41,7,183,False,False,False,False,False,False,False,-1,-1
walk_motor,process_02,41,8,183,False,False,False,False,False,False,False,-1,-1
walk_motor,process_02,41,9,183,False,False,False,False,False,False,False,-1,-1
walk_motor,process_02,41,10,183,False,False,False,False,False,False,False,-1,-1
walk_motor,process_02,41,11,183,False,False,False,False,False,False,False,-1,-1
walk_motor,process_02,41,12,183,False,False,False,False,False,False,False,-1,-1
walk_motor,process_02,41,13,183,False,False,False,False,False,False,False,-1,-1
walk_motor,process_02,41,14,183,False,False,False,False,False,False,False,-1,-1
walk_motor,process_02,41,15,183,False,False,False,False,False,False,False,-1,-1
walk_motor,process_02,42,0,140,False,False,False,False,False,False,False,-1,-1
walk_motor,process_02,42,1,140,False,False,False,False,False,False,False,-1,-1
walk_motor,process_02,42,2,140,False,False,False,False,False,False,False,-1,-1
walk_motor,process_02,42,3,140,False,False,False,False,False,False,False,-1,-1
walk_motor,process_02,42,4,140,False,False,False,False,False,False,False,-1,-1
walk_motor,process_02,42,5,140,False,False,False,False,False,False,False,-1,-1
walk_motor,process_02,42,6,140,False,False,False,False,False,False,False,-1,-1
walk_motor,process_02,42,7,140,False,False,False,False,False,False,False,-1,-1
walk_motor,process_02,42,8,140,False,False,False,False,False,False,False,-1,-1
walk_motor,process_02,42,9,140,False,False,False,False,False,False,False,-1,-1
walk_motor,process_02,42,10,140,False,False,False,False,False,False,False,-1,-1
walk_motor,process_02,42,11,140,False,False,False,False,False,False,False,-1,-1
walk_motor,process_02,42,12,140,False,False,False,False,False,False,False,-1,-1
walk_motor,process_02,42,13,140,False,False,False,False,False,False,False,-1,-1
walk_motor,process_02,42,14,140,False,False,False,False,False,False,False,-1,-1
walk_motor,process_02,42,15,140,False,False,False,False,False,False,False,-1,-1
walk_motor,process_02,43,0,145,False,False,False,False,False,False,False,-1,-1
walk_motor,process_02,43,1,145,False,False,False,False,False,False,False,-1,-1
walk_motor,process_02,43,2,145,False,False,False,False,False,False,False,-1,-1
walk_motor,process_02,43,3,145,False,False,False,False,False,False,False,-1,-1
walk_motor,process_02,43,4,145,False,False,False,False,False,False,False,-1,-1
walk_motor,process_02,43,5,145,False,False,False,False,False,False,False,-1,-1
walk_motor,process_02,43,6,145,False,False,False,False,False,False,False,-1,-1
walk_motor,process_02,43,7,145,False,False,False,False,False,False,False,-1,-1
walk_motor,process_02,43,8,145,False,False,False,False,False,False,False,-1,-1
walk_motor,process_02,43,9,145,False,False,False,False,False,False,False,-1,-1
walk_motor,process_02,43,10,145,False,False,False,False,False,False,False,-1,-1
walk_motor,process_02,43,11,145,False,False,False,False,False,True,True,59,59
walk_motor,process_02,43,12,145,False,False,False,False,False,False,False,-1,-1
walk_motor,process_02,43,13,145,False,False,False,False,False,False,False,-1,-1
walk_motor,process_02,43,14,145,False,False,False,True,True,False,False,232,228
walk_motor,process_02,43,15,145,False,False,False,False,False,False,False,-1,-1
walk_motor,process_02,44,0,102,False,True,False,False,False,False,False,-1,-1
walk_motor,process_02,44,1,102,False,True,False,False,False,False,False,-1,-1
walk_motor,process_02,44,2,102,False,True,False,False,False,False,False,-1,-1
walk_motor,process_02,44,3,102,False,True,False,False,False,False,False,-1,-1
walk_motor,process_02,44,4,102,False,True,False,False,False,False,False,-1,-1
walk_motor,process_02,44,5,102,False,True,False,False,False,False,False,-1,-1
walk_motor,process_02,44,6,102,False,True,False,False,False,False,False,-1,-1
walk_motor,process_02,44,7,102,False,True,False,False,False,False,False,-1,-1
walk_motor,process_02,44,8,102,False,True,False,False,False,False,False,-1,-1
walk_motor,process_02,44,9,102,False,True,False,False,False,False,False,-1,-1
walk_motor,process_02,44,10,102,False,True,False,False,False,False,False,-1,-1
walk_motor,process_02,44,11,102,False,True,False,False,False,False,False,-1,-1
walk_motor,process_02,44,12,102,False,True,False,False,False,False,False,-1,-1
walk_motor,process_02,44,13,102,False,True,False,False,False,False,False,-1,-1
walk_motor,process_02,44,14,102,False,True,False,False,False,False,False,-1,-1
walk_motor,process_02,44,15,102,False,True,False,False,False,False,False,-1,-1
walk_motor,process_02,45,0,180,False,False,False,False,False,False,False,-1,-1
walk_motor,process_02,45,1,180,False,False,False,False,False,False,False,-1,-1
walk_motor,process_02,45,2,180,False,False,False,False,False,False,False,-1,-1
walk_motor,process_02,45,3,180,False,False,False,False,False,False,False,-1,-1
walk_motor,process_02,45,4,180,False,False,False,False,False,False,False,-1,-1
walk_motor,process_02,45,5,180,False,False,False,False,False,False,False,-1,-1
walk_motor,process_02,45,6,180,False,False,False,False,False,False,False,-1,-1
walk_motor,process_02,45,7,180,False,False,False,False,False,False,False,-1,-1
walk_motor,process_02,45,8,180,False,False,False,False,False,False,False,-1,-1
walk_motor,process_02,45,9,180,False,False,False,False,False,False,False,-1,-1
walk_motor,process_02,45,10,180,False,False,False,False,False,False,False,-1,-1
walk_motor,process_02,45,11,180,False,False,False,False,False,False,False,-1,-1
walk_motor,process_02,45,12,180,False,False,False,False,False,False,False,-1,-1
walk_motor,process_02,45,13,180,False,False,False,False,False,False,False,-1,-1
walk_motor,process_02,45,14,180,False,False,False,False,False,False,False,-1,-1
walk_motor,process_02,45,15,180,False,False,False,False,False,False,False,-1,-1
walk_motor,process_02,46,0,112,False,True,False,False,False,False,False,-1,-1
walk_motor,process_02,46,1,112,False,True,False,False,False,True,True,35,35
walk_motor,process_02,46,2,112,False,True,False,False,False,False,False,-1,-1
walk_motor,process_02,46,3,112,False,True,False,False,False,False,False,-1,-1
walk_motor,process_02,46,4,112,False,True,False,False,False,False,False,-1,-1
walk_motor,process_02,46,5,112,False,True,False,False,False,False,False,-1,-1
walk_motor,process_02,46,6,112,False,True,False,False,False,False,False,-1,-1
walk_motor,process_02,46,7,112,False,True,False,False,False,False,False,-1,-1
walk_motor,process_02,46,8,112,False,True,False,False,False,False,False,-1,-1
walk_motor,process_02,46,9,112,False,True,False,False,False,True,True,111,111
walk_motor,process_02,46,10,112,False,True,False,False,False,False,False,-1,-1
walk_motor,process_02,46,11,112,False,True,False,False,False,False,False,-1,-1
walk_motor,process_02,46,12,112,False,True,False,False,False,False,False,-1,-1
walk_motor,process_02,46,13,112,False,True,False,False,False,False,False,-1,-1
walk_motor,process_02,46,14,112,False,True,False,False,False,False,False,-1,-1
walk_motor,process_02,46,15,112,False,True,False,False,False,False,False,-1,-1
walk_motor,process_02,47,0,175,False,False,False,False,False,False,False,-1,-1
walk_motor,process_02,47,1,175,False,False,False,False,False,True,True,154,154
walk_motor,process_02,47,2,175,False,False,False,False,False,False,False,-1,-1
walk_motor,process_02,47,3,175,False,False,False,False,False,False,False,-1,-1
walk_motor,process_02,47,4,175,False,False,False,False,False,False,False,-1,-1
walk_motor,process_02,47,5,175,False,False,False,False,False,False,False,-1,-1
walk_motor,process_02,47,6,175,False,False,False,False,False,False,False,-1,-1
walk_motor,process_02,47,7,175,False,False,False,False,False,False,False,-1,-1
walk_motor,process_02,47,8,175,False,False,False,False,False,False,False,-1,-1
walk_motor,process_02,47,9,175,False,False,False,False,False,False,False,-1,-1
walk_motor,process_02,47,10,175,False,False,False,False,False,False,False,-1,-1
walk_motor,process_02,47,11,175,False,False,False,False,False,False,False,-1,-1
walk_motor,process_02,47,12,175,False,False,False,False,False,False,False,-1,-1
walk_motor,process_02,47,13,175,False,False,False,False,False,False,False,-1,-1
walk_motor,process_02,47,14,175,False,False,False,False,False,False,False,-1,-1
walk_motor,process_02,47,15,175,False,False,False,False,False,False,False,-1,-1
walk_obs,process_02,0,0,151,True,False,True,False,False,False,False,-1,-1
walk_obs,process_02,0,1,151,True,False,True,False,False,False,False,-1,-1
walk_obs,process_02,0,2,151,True,False,True,False,False,False,False,-1,-1
walk_obs,process_02,0,3,151,True,False,False,False,False,True,True,124,124
walk_obs,process_02,0,4,151,True,False,True,False,False,False,False,-1,-1
walk_obs,process_02,0,5,151,True,False,True,False,False,False,False,-1,-1
walk_obs,process_02,0,6,151,True,False,True,False,False,False,False,-1,-1
walk_obs,process_02,0,7,151,True,False,True,False,False,False,False,-1,-1
walk_obs,process_02,0,8,151,True,False,True,False,False,False,False,-1,-1
walk_obs,process_02,0,9,151,True,False,True,False,False,False,False,-1,-1
walk_obs,process_02,0,10,151,True,False,True,False,False,False,False,-1,-1
walk_obs,process_02,0,11,151,True,False,True,False,False,False,False,-1,-1
walk_obs,process_02,0,12,151,True,False,True,False,False,False,False,-1,-1
walk_obs,process_02,0,13,151,True,False,True,True,False,False,False,190,-1
walk_obs,process_02,0,14,151,True,False,True,False,False,False,False,-1,-1
walk_obs,process_02,0,15,151,True,False,True,False,False,False,False,-1,-1
walk_obs,process_02,1,0,183,True,False,True,True,False,False,False,228,-1
walk_obs,process_02,1,1,183,True,False,True,False,False,False,False,-1,-1
walk_obs,process_02,1,2,183,True,False,True,True,False,False,False,380,-1
walk_obs,process_02,1,3,183,True,False,True,False,False,False,False,-1,-1
walk_obs,process_02,1,4,183,True,False,True,False,False,False,False,-1,-1
walk_obs,process_02,1,5,183,True,False,True,False,False,False,False,-1,-1
walk_obs,process_02,1,6,183,True,False,True,False,False,False,False,-1,-1
walk_obs,process_02,1,7,183,True,False,True,False,False,False,False,-1,-1
walk_obs,process_02,1,8,183,True,False,True,False,False,False,False,-1,-1
walk_obs,process_02,1,9,183,True,False,True,False,False,False,False,-1,-1
walk_obs,process_02,1,10,183,True,False,False,False,False,True,True,125,125
walk_obs,process_02,1,11,183,True,False,True,False,False,False,False,-1,-1
walk_obs,process_02,1,12,183,True,False,True,False,False,False,False,-1,-1
walk_obs,process_02,1,13,183,True,False,True,False,False,False,False,-1,-1
walk_obs,process_02,1,14,183,True,False,True,False,False,False,False,-1,-1
walk_obs,process_02,1,15,183,True,False,True,False,False,False,False,-1,-1
walk_obs,process_02,2,0,118,True,True,True,False,False,False,False,-1,-1
walk_obs,process_02,2,1,118,True,True,True,False,False,False,False,-1,-1
walk_obs,process_02,2,2,118,True,True,True,False,False,False,False,-1,-1
walk_obs,process_02,2,3,118,True,True,True,False,False,False,False,-1,-1
walk_obs,process_02,2,4,118,True,True,True,False,False,False,False,-1,-1
walk_obs,process_02,2,5,118,True,True,True,False,False,False,False,-1,-1
walk_obs,process_02,2,6,118,True,True,True,False,False,False,False,-1,-1
walk_obs,process_02,2,7,118,True,True,True,False,False,False,False,-1,-1
walk_obs,process_02,2,8,118,True,True,True,False,False,False,False,-1,-1
walk_obs,process_02,2,9,118,True,True,True,False,False,False,False,-1,-1
walk_obs,process_02,2,10,118,True,True,True,False,False,False,False,-1,-1
walk_obs,process_02,2,11,118,True,True,True,False,False,False,False,-1,-1
walk_obs,process_02,2,12,118,True,True,True,False,False,False,False,-1,-1
walk_obs,process_02,2,13,118,True,True,True,False,False,False,False,-1,-1
walk_obs,process_02,2,14,118,True,True,True,False,False,False,False,-1,-1
walk_obs,process_02,2,15,118,True,True,True,False,False,False,False,-1,-1
walk_obs,process_02,3,0,154,True,False,True,False,False,False,False,-1,-1
walk_obs,process_02,3,1,154,True,False,True,False,False,False,False,-1,-1
walk_obs,process_02,3,2,154,True,False,True,False,False,False,False,-1,-1
walk_obs,process_02,3,3,154,True,False,True,False,False,False,False,-1,-1
walk_obs,process_02,3,4,154,True,False,True,True,True,False,False,249,196
walk_obs,process_02,3,5,154,True,False,True,False,False,False,False,-1,-1
walk_obs,process_02,3,6,154,True,False,True,False,False,False,False,-1,-1
walk_obs,process_02,3,7,154,True,False,True,False,False,False,False,-1,-1
walk_obs,process_02,3,8,154,True,False,True,False,False,False,False,-1,-1
walk_obs,process_02,3,9,154,True,False,True,False,False,False,False,-1,-1
walk_obs,process_02,3,10,154,True,False,True,True,False,False,False,186,-1
walk_obs,process_02,3,11,154,True,False,True,False,False,False,False,-1,-1
walk_obs,process_02,3,12,154,True,False,True,False,False,False,False,-1,-1
walk_obs,process_02,3,13,154,True,False,True,True,False,False,False,378,-1
walk_obs,process_02,3,14,154,True,False,True,False,False,False,False,-1,-1
walk_obs,process_02,3,15,154,True,False,True,False,False,False,False,-1,-1
walk_obs,process_02,4,0,177,True,False,True,False,False,False,False,-1,-1
walk_obs,process_02,4,1,177,True,False,True,False,False,False,False,-1,-1
walk_obs,process_02,4,2,177,True,False,True,False,False,False,False,-1,-1
walk_obs,process_02,4,3,177,True,False,True,True,False,False,False,403,-1
walk_obs,process_02,4,4,177,True,False,True,False,False,False,False,-1,-1
walk_obs,process_02,4,5,177,True,False,True,False,False,False,False,-1,-1
walk_obs,process_02,4,6,177,True,False,True,False,False,False,False,-1,-1
walk_obs,process_02,4,7,177,True,False,True,True,False,False,False,318,-1
walk_obs,process_02,4,8,177,True,False,True,False,False,False,False,-1,-1
walk_obs,process_02,4,9,177,True,False,True,False,False,False,False,-1,-1
walk_obs,process_02,4,10,177,True,False,True,False,False,False,False,-1,-1
walk_obs,process_02,4,11,177,True,False,True,False,False,False,False,-1,-1
walk_obs,process_02,4,12,177,True,False,True,False,False,False,False,-1,-1
walk_obs,process_02,4,13,177,True,False,True,False,False,False,False,-1,-1
walk_obs,process_02,4,14,177,True,False,True,False,False,False,False,-1,-1
walk_obs,process_02,4,15,177,True,False,True,False,False,False,False,-1,-1
walk_obs,process_02,5,0,151,True,False,True,True,False,False,False,464,-1
walk_obs,process_02,5,1,151,True,False,True,False,False,False,False,-1,-1
walk_obs,process_02,5,2,151,True,False,True,False,False,False,False,-1,-1
walk_obs,process_02,5,3,151,True,False,True,False,False,False,False,-1,-1
walk_obs,process_02,5,4,151,True,False,True,False,False,False,False,-1,-1
walk_obs,process_02,5,5,151,True,False,True,False,False,False,False,-1,-1
walk_obs,process_02,5,6,151,True,False,True,False,False,False,False,-1,-1
walk_obs,process_02,5,7,151,True,False,False,False,False,True,True,90,90
walk_obs,process_02,5,8,151,True,False,True,False,False,False,False,-1,-1
walk_obs,process_02,5,9,151,True,False,True,False,False,False,False,-1,-1
walk_obs,process_02,5,10,151,True,False,True,True,False,False,False,321,-1
walk_obs,process_02,5,11,151,True,False,True,False,False,False,False,-1,-1
walk_obs,process_02,5,12,151,True,False,True,True,False,False,False,385,-1
walk_obs,process_02,5,13,151,True,False,True,False,False,False,False,-1,-1
walk_obs,process_02,5,14,151,True,False,True,False,False,False,False,-1,-1
walk_obs,process_02,5,15,151,True,False,False,False,False,True,True,117,117
walk_obs,process_02,6,0,192,True,False,True,False,False,False,False,-1,-1
walk_obs,process_02,6,1,192,True,False,True,False,False,False,False,-1,-1
walk_obs,process_02,6,2,192,True,False,True,False,False,False,False,-1,-1
walk_obs,process_02,6,3,192,True,False,True,False,False,False,False,-1,-1
walk_obs,process_02,6,4,192,True,False,True,False,False,False,False,-1,-1
walk_obs,process_02,6,5,192,True,False,True,False,False,False,False,-1,-1
walk_obs,process_02,6,6,192,True,False,True,False,False,False,False,-1,-1
walk_obs,process_02,6,7,192,True,False,True,False,False,False,False,-1,-1
walk_obs,process_02,6,8,192,True,False,True,True,False,False,False,367,-1
walk_obs,process_02,6,9,192,True,False,True,False,False,False,False,-1,-1
walk_obs,process_02,6,10,192,True,False,True,True,False,False,False,322,-1
walk_obs,process_02,6,11,192,True,False,True,False,False,False,False,-1,-1
walk_obs,process_02,6,12,192,True,False,True,True,False,False,False,393,-1
walk_obs,process_02,6,13,192,True,False,True,False,False,False,False,-1,-1
walk_obs,process_02,6,14,192,True,False,True,False,False,False,False,-1,-1
walk_obs,process_02,6,15,192,True,False,True,False,False,False,False,-1,-1
walk_obs,process_02,7,0,162,True,False,True,False,False,False,False,-1,-1
walk_obs,process_02,7,1,162,True,False,True,True,False,False,False,197,-1
walk_obs,process_02,7,2,162,True,False,True,False,False,False,False,-1,-1
walk_obs,process_02,7,3,162,True,False,True,True,False,False,False,297,-1
walk_obs,process_02,7,4,162,True,False,True,False,False,False,False,-1,-1
walk_obs,process_02,7,5,162,True,False,True,False,False,False,False,-1,-1
walk_obs,process_02,7,6,162,True,False,False,False,False,True,True,80,80
walk_obs,process_02,7,7,162,True,False,True,False,False,False,False,-1,-1
walk_obs,process_02,7,8,162,True,False,True,True,False,False,False,244,-1
walk_obs,process_02,7,9,162,True,False,True,True,False,False,False,235,-1
walk_obs,process_02,7,10,162,True,False,True,False,False,False,False,-1,-1
walk_obs,process_02,7,11,162,True,False,False,False,False,True,True,125,125
walk_obs,process_02,7,12,162,True,False,True,True,False,False,False,350,-1
walk_obs,process_02,7,13,162,True,False,True,False,False,False,False,-1,-1
walk_obs,process_02,7,14,162,True,False,True,True,False,False,False,497,-1
walk_obs,process_02,7,15,162,True,False,True,False,False,False,False,-1,-1
walk_obs,process_02,8,0,170,True,False,True,False,False,False,False,-1,-1
walk_obs,process_02,8,1,170,True,False,True,False,False,False,False,-1,-1
walk_obs,process_02,8,2,170,True,False,True,False,False,False,False,-1,-1
walk_obs,process_02,8,3,170,True,False,True,True,True,False,False,188,185
walk_obs,process_02,8,4,170,True,False,True,False,False,False,False,-1,-1
walk_obs,process_02,8,5,170,True,False,True,False,False,False,False,-1,-1
walk_obs,process_02,8,6,170,True,False,True,False,False,False,False,-1,-1
walk_obs,process_02,8,7,170,True,False,True,False,False,False,False,-1,-1
walk_obs,process_02,8,8,170,True,False,True,False,False,False,False,-1,-1
walk_obs,process_02,8,9,170,True,False,True,False,False,False,False,-1,-1
walk_obs,process_02,8,10,170,True,False,True,False,False,False,False,-1,-1
walk_obs,process_02,8,11,170,True,False,True,False,False,False,False,-1,-1
walk_obs,process_02,8,12,170,True,False,False,False,True,True,False,164,193
walk_obs,process_02,8,13,170,True,False,True,False,False,False,False,-1,-1
walk_obs,process_02,8,14,170,True,False,True,False,False,False,False,-1,-1
walk_obs,process_02,8,15,170,True,False,True,True,False,False,False,228,-1
walk_obs,process_02,9,0,193,True,False,True,False,False,False,False,-1,-1
walk_obs,process_02,9,1,193,True,False,True,False,False,False,False,-1,-1
walk_obs,process_02,9,2,193,True,False,False,False,False,True,True,133,133
walk_obs,process_02,9,3,193,True,False,True,False,False,False,False,-1,-1
walk_obs,process_02,9,4,193,True,False,True,True,False,False,False,494,-1
walk_obs,process_02,9,5,193,True,False,True,False,False,False,False,-1,-1
walk_obs,process_02,9,6,193,True,False,True,False,False,False,False,-1,-1
walk_obs,process_02,9,7,193,True,False,True,False,False,False,False,-1,-1
walk_obs,process_02,9,8,193,True,False,False,False,False,True,True,133,133
walk_obs,process_02,9,9,193,True,False,True,False,False,False,False,-1,-1
walk_obs,process_02,9,10,193,True,False,True,True,False,False,False,231,-1
walk_obs,process_02,9,11,193,True,False,True,False,False,False,False,-1,-1
walk_obs,process_02,9,12,193,True,False,True,False,False,False,False,-1,-1
walk_obs,process_02,9,13,193,True,False,True,True,False,False,False,291,-1
walk_obs,process_02,9,14,193,True,False,True,True,False,False,False,254,-1
walk_obs,process_02,9,15,193,True,False,True,True,False,False,False,288,-1
walk_obs,process_02,10,0,193,True,False,True,False,False,False,False,-1,-1
walk_obs,process_02,10,1,193,True,False,True,False,False,False,False,-1,-1
walk_obs,process_02,10,2,193,True,False,True,False,False,False,False,-1,-1
walk_obs,process_02,10,3,193,True,False,True,False,False,False,False,-1,-1
walk_obs,process_02,10,4,193,True,False,False,False,False,True,True,191,190
walk_obs,process_02,10,5,193,True,False,True,True,False,False,False,421,-1
walk_obs,process_02,10,6,193,True,False,True,False,False,False,False,-1,-1
walk_obs,process_02,10,7,193,True,False,True,False,False,False,False,-1,-1
walk_obs,process_02,10,8,193,True,False,True,False,False,False,False,-1,-1
walk_obs,process_02,10,9,193,True,False,True,False,False,False,False,-1,-1
walk_obs,process_02,10,10,193,True,False,True,False,False,False,False,-1,-1
walk_obs,process_02,10,11,193,True,False,True,False,False,False,False,-1,-1
walk_obs,process_02,10,12,193,True,False,False,False,False,True,True,131,131
walk_obs,process_02,10,13,193,True,False,True,False,False,False,False,-1,-1
walk_obs,process_02,10,14,193,True,False,True,False,False,False,False,-1,-1
walk_obs,process_02,10,15,193,True,False,True,False,False,False,False,-1,-1
walk_obs,process_02,11,0,106,True,True,True,False,False,False,False,-1,-1
walk_obs,process_02,11,1,106,True,True,True,True,False,False,False,276,-1
walk_obs,process_02,11,2,106,True,True,True,False,False,False,False,-1,-1
walk_obs,process_02,11,3,106,True,True,True,True,False,False,False,134,-1
walk_obs,process_02,11,4,106,True,True,True,False,False,False,False,-1,-1
walk_obs,process_02,11,5,106,True,True,True,False,False,False,False,-1,-1
walk_obs,process_02,11,6,106,True,True,True,False,False,False,False,-1,-1
walk_obs,process_02,11,7,106,True,True,True,True,False,False,False,375,-1
walk_obs,process_02,11,8,106,True,True,True,True,True,False,False,109,109
walk_obs,process_02,11,9,106,True,True,True,True,True,False,False,117,117
walk_obs,process_02,11,10,106,True,True,True,False,False,False,False,-1,-1
walk_obs,process_02,11,11,106,True,True,True,False,False,False,False,-1,-1
walk_obs,process_02,11,12,106,True,True,True,False,False,False,False,-1,-1
walk_obs,process_02,11,13,106,True,True,True,True,True,False,False,128,132
walk_obs,process_02,11,14,106,True,True,True,False,False,False,False,-1,-1
walk_obs,process_02,11,15,106,True,True,True,False,False,False,False,-1,-1
walk_obs,process_02,12,0,196,True,False,True,True,False,False,False,448,-1
walk_obs,process_02,12,1,196,True,False,True,False,False,False,False,-1,-1
walk_obs,process_02,12,2,196,True,False,True,True,False,False,False,313,-1
walk_obs,process_02,12,3,196,True,False,False,False,False,True,True,102,102
walk_obs,process_02,12,4,196,True,False,True,False,False,False,False,-1,-1
walk_obs,process_02,12,5,196,True,False,True,False,False,False,False,-1,-1
walk_obs,process_02,12,6,196,True,False,True,True,False,False,False,369,-1
walk_obs,process_02,12,7,196,True,False,True,False,False,False,False,-1,-1
walk_obs,process_02,12,8,196,True,False,True,True,False,False,False,245,-1
walk_obs,process_02,12,9,196,True,False,True,True,False,False,False,448,-1
walk_obs,process_02,12,10,196,True,False,True,True,False,False,False,352,-1
walk_obs,process_02,12,11,196,True,False,True,True,False,False,False,229,-1
walk_obs,process_02,12,12,196,True,False,True,True,False,False,False,327,-1
walk_obs,process_02,12,13,196,True,False,True,True,False,False,False,306,-1
walk_obs,process_02,12,14,196,True,False,True,False,False,False,False,-1,-1
walk_obs,process_02,12,15,196,True,False,False,False,False,True,True,74,74
walk_obs,process_02,13,0,130,True,False,True,False,False,False,False,-1,-1
walk_obs,process_02,13,1,130,True,False,True,False,False,False,False,-1,-1
walk_obs,process_02,13,2,130,True,False,True,False,False,False,False,-1,-1
walk_obs,process_02,13,3,130,True,False,True,True,False,False,False,326,-1
walk_obs,process_02,13,4,130,True,False,True,True,False,False,False,428,-1
walk_obs,process_02,13,5,130,True,False,True,False,False,False,False,-1,-1
walk_obs,process_02,13,6,130,True,False,True,False,False,False,False,-1,-1
walk_obs,process_02,13,7,130,True,False,True,False,False,False,False,-1,-1
walk_obs,process_02,13,8,130,True,False,True,True,False,False,False,440,-1
walk_obs,process_02,13,9,130,True,False,True,False,False,False,False,-1,-1
walk_obs,process_02,13,10,130,True,False,True,False,False,False,False,-1,-1
walk_obs,process_02,13,11,130,True,False,True,True,False,False,False,179,-1
walk_obs,process_02,13,12,130,True,False,True,False,False,False,False,-1,-1
walk_obs,process_02,13,13,130,True,False,True,False,False,False,False,-1,-1
walk_obs,process_02,13,14,130,True,False,True,False,False,False,False,-1,-1
walk_obs,process_02,13,15,130,True,False,True,False,False,False,False,-1,-1
walk_obs,process_02,14,0,128,True,True,True,False,False,False,False,-1,-1
walk_obs,process_02,14,1,128,True,True,True,False,False,False,False,-1,-1
walk_obs,process_02,14,2,128,True,True,True,False,False,False,False,-1,-1
walk_obs,process_02,14,3,128,True,True,True,False,False,False,False,-1,-1
walk_obs,process_02,14,4,128,True,True,True,False,False,False,False,-1,-1
walk_obs,process_02,14,5,128,True,True,True,False,False,False,False,-1,-1
walk_obs,process_02,14,6,128,True,True,True,False,False,False,False,-1,-1
walk_obs,process_02,14,7,128,True,True,True,False,False,False,False,-1,-1
walk_obs,process_02,14,8,128,True,True,True,False,False,False,False,-1,-1
walk_obs,process_02,14,9,128,True,True,True,False,False,False,False,-1,-1
walk_obs,process_02,14,10,128,True,True,True,True,False,False,False,175,-1
walk_obs,process_02,14,11,128,True,True,True,False,False,False,False,-1,-1
walk_obs,process_02,14,12,128,True,True,True,False,False,False,False,-1,-1
walk_obs,process_02,14,13,128,True,True,True,True,False,False,False,373,-1
walk_obs,process_02,14,14,128,True,True,True,False,False,False,False,-1,-1
walk_obs,process_02,14,15,128,True,True,True,True,False,False,False,372,-1
walk_obs,process_02,15,0,173,True,False,True,False,False,False,False,-1,-1
walk_obs,process_02,15,1,173,True,False,True,True,False,False,False,296,-1
walk_obs,process_02,15,2,173,True,False,True,True,False,False,False,342,-1
walk_obs,process_02,15,3,173,True,False,True,False,False,False,False,-1,-1
walk_obs,process_02,15,4,173,True,False,True,False,False,False,False,-1,-1
walk_obs,process_02,15,5,173,True,False,True,True,False,False,False,314,-1
walk_obs,process_02,15,6,173,True,False,True,True,False,False,False,240,-1
walk_obs,process_02,15,7,173,True,False,True,False,False,False,False,-1,-1
walk_obs,process_02,15,8,173,True,False,True,False,False,False,False,-1,-1
walk_obs,process_02,15,9,173,True,False,True,False,False,False,False,-1,-1
walk_obs,process_02,15,10,173,True,False,True,True,True,False,False,213,210
walk_obs,process_02,15,11,173,True,False,True,False,False,False,False,-1,-1
walk_obs,process_02,15,12,173,True,False,True,False,False,False,False,-1,-1
walk_obs,process_02,15,13,173,True,False,True,False,False,False,False,-1,-1
walk_obs,process_02,15,14,173,True,False,True,False,False,False,False,-1,-1
walk_obs,process_02,15,15,173,True,False,True,True,False,False,False,249,-1
walk_obs,process_02,16,0,105,True,True,True,False,False,False,False,-1,-1
walk_obs,process_02,16,1,105,True,True,True,False,False,False,False,-1,-1
walk_obs,process_02,16,2,105,True,True,True,False,False,False,False,-1,-1
walk_obs,process_02,16,3,105,True,True,False,False,False,True,True,63,63
walk_obs,process_02,16,4,105,True,True,True,False,False,False,False,-1,-1
walk_obs,process_02,16,5,105,True,True,True,False,False,False,False,-1,-1
walk_obs,process_02,16,6,105,True,True,False,False,False,True,True,88,88
walk_obs,process_02,16,7,105,True,True,True,False,False,False,False,-1,-1
walk_obs,process_02,16,8,105,True,True,True,True,False,False,False,305,-1
walk_obs,process_02,16,9,105,True,True,True,False,False,False,False,-1,-1
walk_obs,process_02,16,10,105,True,True,True,False,False,False,False,-1,-1
walk_obs,process_02,16,11,105,True,True,True,True,False,False,False,148,-1
walk_obs,process_02,16,12,105,True,True,True,False,False,False,False,-1,-1
walk_obs,process_02,16,13,105,True,True,True,False,False,False,False,-1,-1
walk_obs,process_02,16,14,105,True,True,True,False,False,False,False,-1,-1
walk_obs,process_02,16,15,105,True,True,True,False,False,False,False,-1,-1
walk_obs,process_02,17,0,139,True,False,True,True,False,False,False,497,-1
walk_obs,process_02,17,1,139,True,False,True,False,False,False,False,-1,-1
walk_obs,process_02,17,2,139,True,False,True,False,False,False,False,-1,-1
walk_obs,process_02,17,3,139,True,False,True,False,False,False,False,-1,-1
walk_obs,process_02,17,4,139,True,False,True,False,False,False,False,-1,-1
walk_obs,process_02,17,5,139,True,False,True,False,False,False,False,-1,-1
walk_obs,process_02,17,6,139,True,False,True,True,False,False,False,286,-1
walk_obs,process_02,17,7,139,True,False,True,False,False,False,False,-1,-1
walk_obs,process_02,17,8,139,True,False,True,True,False,False,False,290,-1
walk_obs,process_02,17,9,139,True,False,True,False,False,False,False,-1,-1
walk_obs,process_02,17,10,139,True,False,True,False,False,False,False,-1,-1
walk_obs,process_02,17,11,139,True,False,True,False,False,False,False,-1,-1
walk_obs,process_02,17,12,139,True,False,True,False,False,False,False,-1,-1
walk_obs,process_02,17,13,139,True,False,True,True,False,False,False,306,-1
walk_obs,process_02,17,14,139,True,False,True,False,False,False,False,-1,-1
walk_obs,process_02,17,15,139,True,False,True,False,False,False,False,-1,-1
walk_obs,process_02,18,0,101,True,True,True,False,False,False,False,-1,-1
walk_obs,process_02,18,1,101,True,True,True,False,False,False,False,-1,-1
walk_obs,process_02,18,2,101,True,True,True,False,False,False,False,-1,-1
walk_obs,process_02,18,3,101,True,True,True,False,False,False,False,-1,-1
walk_obs,process_02,18,4,101,True,True,True,False,False,False,False,-1,-1
walk_obs,process_02,18,5,101,True,True,True,False,False,False,False,-1,-1
walk_obs,process_02,18,6,101,True,True,True,False,False,False,False,-1,-1
walk_obs,process_02,18,7,101,True,True,True,True,False,False,False,137,-1
walk_obs,process_02,18,8,101,True,True,True,True,False,False,False,279,-1
walk_obs,process_02,18,9,101,True,True,True,False,False,False,False,-1,-1
walk_obs,process_02,18,10,101,True,True,True,False,False,False,False,-1,-1
walk_obs,process_02,18,11,101,True,True,True,False,False,False,False,-1,-1
walk_obs,process_02,18,12,101,True,True,True,False,False,False,False,-1,-1
walk_obs,process_02,18,13,101,True,True,True,False,False,False,False,-1,-1
walk_obs,process_02,18,14,101,True,True,True,False,False,False,False,-1,-1
walk_obs,process_02,18,15,101,True,True,True,False,False,False,False,-1,-1
walk_obs,process_02,19,0,126,True,True,True,False,False,False,False,-1,-1
walk_obs,process_02,19,1,126,True,True,True,False,False,False,False,-1,-1
walk_obs,process_02,19,2,126,True,True,True,False,False,False,False,-1,-1
walk_obs,process_02,19,3,126,True,True,True,False,False,False,False,-1,-1
walk_obs,process_02,19,4,126,True,True,True,False,False,False,False,-1,-1
walk_obs,process_02,19,5,126,True,True,True,True,True,False,False,165,178
walk_obs,process_02,19,6,126,True,True,True,False,False,False,False,-1,-1
walk_obs,process_02,19,7,126,True,True,True,False,False,False,False,-1,-1
walk_obs,process_02,19,8,126,True,True,True,False,False,False,False,-1,-1
walk_obs,process_02,19,9,126,True,True,True,True,True,False,False,190,180
walk_obs,process_02,19,10,126,True,True,True,False,False,False,False,-1,-1
walk_obs,process_02,19,11,126,True,True,True,False,False,False,False,-1,-1
walk_obs,process_02,19,12,126,True,True,True,False,False,False,False,-1,-1
walk_obs,process_02,19,13,126,True,True,True,False,False,False,False,-1,-1
walk_obs,process_02,19,14,126,True,True,True,False,False,False,False,-1,-1
walk_obs,process_02,19,15,126,True,True,True,False,False,False,False,-1,-1
walk_obs,process_02,20,0,171,True,False,True,False,False,False,False,-1,-1
walk_obs,process_02,20,1,171,True,False,True,False,False,False,False,-1,-1
walk_obs,process_02,20,2,171,True,False,True,False,False,False,False,-1,-1
walk_obs,process_02,20,3,171,True,False,True,False,False,False,False,-1,-1
walk_obs,process_02,20,4,171,True,False,True,False,False,False,False,-1,-1
walk_obs,process_02,20,5,171,True,False,True,False,False,False,False,-1,-1
walk_obs,process_02,20,6,171,True,False,True,False,False,False,False,-1,-1
walk_obs,process_02,20,7,171,True,False,True,False,False,False,False,-1,-1
walk_obs,process_02,20,8,171,True,False,False,False,False,True,True,85,85
walk_obs,process_02,20,9,171,True,False,True,False,False,False,False,-1,-1
walk_obs,process_02,20,10,171,True,False,True,False,False,False,False,-1,-1
walk_obs,process_02,20,11,171,True,False,True,False,False,False,False,-1,-1
walk_obs,process_02,20,12,171,True,False,True,False,False,False,False,-1,-1
walk_obs,process_02,20,13,171,True,False,True,False,False,False,False,-1,-1
walk_obs,process_02,20,14,171,True,False,True,False,False,False,False,-1,-1
walk_obs,process_02,20,15,171,True,False,True,False,False,False,False,-1,-1
walk_obs,process_02,21,0,121,True,True,True,False,False,False,False,-1,-1
walk_obs,process_02,21,1,121,True,True,True,False,False,False,False,-1,-1
walk_obs,process_02,21,2,121,True,True,True,False,False,False,False,-1,-1
walk_obs,process_02,21,3,121,True,True,True,False,False,False,False,-1,-1
walk_obs,process_02,21,4,121,True,True,True,False,False,False,False,-1,-1
walk_obs,process_02,21,5,121,True,True,True,True,True,False,False,167,135
walk_obs,process_02,21,6,121,True,True,True,False,False,False,False,-1,-1
walk_obs,process_02,21,7,121,True,True,True,True,False,False,False,414,-1
walk_obs,process_02,21,8,121,True,True,True,False,False,False,False,-1,-1
walk_obs,process_02,21,9,121,True,True,True,False,False,False,False,-1,-1
walk_obs,process_02,21,10,121,True,True,True,False,False,False,False,-1,-1
walk_obs,process_02,21,11,121,True,True,True,False,False,False,False,-1,-1
walk_obs,process_02,21,12,121,True,True,True,False,False,False,False,-1,-1
walk_obs,process_02,21,13,121,True,True,True,False,False,False,False,-1,-1
walk_obs,process_02,21,14,121,True,True,True,False,False,False,False,-1,-1
walk_obs,process_02,21,15,121,True,True,True,False,False,False,False,-1,-1
walk_obs,process_02,22,0,200,True,False,True,False,False,False,False,-1,-1
walk_obs,process_02,22,1,200,True,False,True,True,False,False,False,270,-1
walk_obs,process_02,22,2,200,True,False,True,True,False,False,False,251,-1
walk_obs,process_02,22,3,200,True,False,True,False,False,False,False,-1,-1
walk_obs,process_02,22,4,200,True,False,True,False,False,False,False,-1,-1
walk_obs,process_02,22,5,200,True,False,True,False,False,False,False,-1,-1
walk_obs,process_02,22,6,200,True,False,True,False,False,False,False,-1,-1
walk_obs,process_02,22,7,200,True,False,True,False,False,False,False,-1,-1
walk_obs,process_02,22,8,200,True,False,True,False,False,False,False,-1,-1
walk_obs,process_02,22,9,200,True,False,True,False,False,False,False,-1,-1
walk_obs,process_02,22,10,200,True,False,True,False,False,False,False,-1,-1
walk_obs,process_02,22,11,200,True,False,True,False,False,False,False,-1,-1
walk_obs,process_02,22,12,200,True,False,True,False,False,False,False,-1,-1
walk_obs,process_02,22,13,200,True,False,True,False,False,False,False,-1,-1
walk_obs,process_02,22,14,200,True,False,True,False,False,False,False,-1,-1
walk_obs,process_02,22,15,200,True,False,True,False,False,False,False,-1,-1
walk_obs,process_02,23,0,179,True,False,True,False,False,False,False,-1,-1
walk_obs,process_02,23,1,179,True,False,True,False,False,False,False,-1,-1
walk_obs,process_02,23,2,179,True,False,True,False,False,False,False,-1,-1
walk_obs,process_02,23,3,179,True,False,True,False,False,False,False,-1,-1
walk_obs,process_02,23,4,179,True,False,True,False,False,False,False,-1,-1
walk_obs,process_02,23,5,179,True,False,True,False,False,False,False,-1,-1
walk_obs,process_02,23,6,179,True,False,True,False,False,False,False,-1,-1
walk_obs,process_02,23,7,179,True,False,True,False,False,False,False,-1,-1
walk_obs,process_02,23,8,179,True,False,True,True,False,False,False,303,-1
walk_obs,process_02,23,9,179,True,False,True,False,False,False,False,-1,-1
walk_obs,process_02,23,10,179,True,False,True,False,False,False,False,-1,-1
walk_obs,process_02,23,11,179,True,False,True,False,False,False,False,-1,-1
walk_obs,process_02,23,12,179,True,False,True,True,False,False,False,298,-1
walk_obs,process_02,23,13,179,True,False,True,False,False,False,False,-1,-1
walk_obs,process_02,23,14,179,True,False,True,False,False,False,False,-1,-1
walk_obs,process_02,23,15,179,True,False,True,False,False,False,False,-1,-1
walk_obs,process_02,24,0,164,True,False,True,False,False,False,False,-1,-1
walk_obs,process_02,24,1,164,True,False,True,False,False,False,False,-1,-1
walk_obs,process_02,24,2,164,True,False,True,False,False,False,False,-1,-1
walk_obs,process_02,24,3,164,True,False,True,True,False,False,False,413,-1
walk_obs,process_02,24,4,164,True,False,True,False,False,False,False,-1,-1
walk_obs,process_02,24,5,164,True,False,True,False,False,False,False,-1,-1
walk_obs,process_02,24,6,164,True,False,True,True,False,False,False,271,-1
walk_obs,process_02,24,7,164,True,False,True,False,False,False,False,-1,-1
walk_obs,process_02,24,8,164,True,False,True,False,False,False,False,-1,-1
walk_obs,process_02,24,9,164,True,False,True,False,False,False,False,-1,-1
walk_obs,process_02,24,10,164,True,False,True,False,False,False,False,-1,-1
walk_obs,process_02,24,11,164,True,False,True,True,False,False,False,212,-1
walk_obs,process_02,24,12,164,True,False,True,False,False,False,False,-1,-1
walk_obs,process_02,24,13,164,True,False,True,False,False,False,False,-1,-1
walk_obs,process_02,24,14,164,True,False,True,False,False,False,False,-1,-1
walk_obs,process_02,24,15,164,True,False,True,False,False,False,False,-1,-1
walk_obs,process_02,25,0,139,True,False,False,False,False,True,True,105,105
walk_obs,process_02,25,1,139,True,False,True,False,False,False,False,-1,-1
walk_obs,process_02,25,2,139,True,False,False,False,False,True,True,96,96
walk_obs,process_02,25,3,139,True,False,True,False,False,False,False,-1,-1
walk_obs,process_02,25,4,139,True,False,True,False,False,False,False,-1,-1
walk_obs,process_02,25,5,139,True,False,True,True,False,False,False,414,-1
walk_obs,process_02,25,6,139,True,False,True,False,False,False,False,-1,-1
walk_obs,process_02,25,7,139,True,False,True,False,False,False,False,-1,-1
walk_obs,process_02,25,8,139,True,False,True,True,True,False,False,147,147
walk_obs,process_02,25,9,139,True,False,True,False,False,False,False,-1,-1
walk_obs,process_02,25,10,139,True,False,True,False,False,False,False,-1,-1
walk_obs,process_02,25,11,139,True,False,True,False,False,False,False,-1,-1
walk_obs,process_02,25,12,139,True,False,True,False,False,False,False,-1,-1
walk_obs,process_02,25,13,139,True,False,True,False,False,False,False,-1,-1
walk_obs,process_02,25,14,139,True,False,True,False,False,False,False,-1,-1
walk_obs,process_02,25,15,139,True,False,True,False,False,False,False,-1,-1
walk_obs,process_02,26,0,106,True,True,True,False,False,False,False,-1,-1
walk_obs,process_02,26,1,106,True,True,True,True,False,False,False,412,-1
walk_obs,process_02,26,2,106,True,True,True,False,False,False,False,-1,-1
walk_obs,process_02,26,3,106,True,True,True,False,False,False,False,-1,-1
walk_obs,process_02,26,4,106,True,True,True,False,False,False,False,-1,-1
walk_obs,process_02,26,5,106,True,True,True,False,False,False,False,-1,-1
walk_obs,process_02,26,6,106,True,True,True,False,False,False,False,-1,-1
walk_obs,process_02,26,7,106,True,True,True,False,False,False,False,-1,-1
walk_obs,process_02,26,8,106,True,True,True,False,False,False,False,-1,-1
walk_obs,process_02,26,9,106,True,True,False,False,False,True,True,36,36
walk_obs,process_02,26,10,106,True,True,False,False,False,True,True,46,46
walk_obs,process_02,26,11,106,True,True,True,False,False,False,False,-1,-1
walk_obs,process_02,26,12,106,True,True,True,True,False,False,False,483,-1
walk_obs,process_02,26,13,106,True,True,False,False,False,True,True,86,86
walk_obs,process_02,26,14,106,True,True,True,False,False,False,False,-1,-1
walk_obs,process_02,26,15,106,True,True,True,False,False,False,False,-1,-1
walk_obs,process_02,27,0,135,True,False,True,False,False,False,False,-1,-1
walk_obs,process_02,27,1,135,True,False,True,True,False,False,False,394,-1
walk_obs,process_02,27,2,135,True,False,True,False,False,False,False,-1,-1
walk_obs,process_02,27,3,135,True,False,True,False,False,False,False,-1,-1
walk_obs,process_02,27,4,135,True,False,True,False,False,False,False,-1,-1
walk_obs,process_02,27,5,135,True,False,True,False,False,False,False,-1,-1
walk_obs,process_02,27,6,135,True,False,True,True,False,False,False,181,-1
walk_obs,process_02,27,7,135,True,False,True,False,False,False,False,-1,-1
walk_obs,process_02,27,8,135,True,False,True,False,False,False,False,-1,-1
walk_obs,process_02,27,9,135,True,False,True,False,False,False,False,-1,-1
walk_obs,process_02,27,10,135,True,False,True,True,False,False,False,357,-1
walk_obs,process_02,27,11,135,True,False,True,True,False,False,False,451,-1
walk_obs,process_02,27,12,135,True,False,True,False,False,False,False,-1,-1
walk_obs,process_02,27,13,135,True,False,True,True,False,False,False,291,-1
walk_obs,process_02,27,14,135,True,False,True,False,False,False,False,-1,-1
walk_obs,process_02,27,15,135,True,False,True,False,False,False,False,-1,-1
walk_obs,process_02,28,0,125,True,True,True,False,False,False,False,-1,-1
walk_obs,process_02,28,1,125,True,True,True,False,False,False,False,-1,-1
walk_obs,process_02,28,2,125,True,True,True,False,False,False,False,-1,-1
walk_obs,process_02,28,3,125,True,True,True,False,False,False,False,-1,-1
walk_obs,process_02,28,4,125,True,True,True,False,False,False,False,-1,-1
walk_obs,process_02,28,5,125,True,True,True,False,False,False,False,-1,-1
walk_obs,process_02,28,6,125,True,True,True,False,False,False,False,-1,-1
walk_obs,process_02,28,7,125,True,True,True,False,False,False,False,-1,-1
walk_obs,process_02,28,8,125,True,True,True,True,False,False,False,262,-1
walk_obs,process_02,28,9,125,True,True,True,True,False,False,False,296,-1
walk_obs,process_02,28,10,125,True,True,True,False,False,False,False,-1,-1
walk_obs,process_02,28,11,125,True,True,True,True,True,False,False,142,143
walk_obs,process_02,28,12,125,True,True,True,True,False,False,False,346,-1
walk_obs,process_02,28,13,125,True,True,True,False,False,False,False,-1,-1
walk_obs,process_02,28,14,125,True,True,True,False,False,False,False,-1,-1
walk_obs,process_02,28,15,125,True,True,True,False,False,False,False,-1,-1
walk_obs,process_02,29,0,151,True,False,True,False,False,False,False,-1,-1
walk_obs,process_02,29,1,151,True,False,True,False,False,False,False,-1,-1
walk_obs,process_02,29,2,151,True,False,True,True,False,False,False,210,-1
walk_obs,process_02,29,3,151,True,False,True,True,False,False,False,426,-1
walk_obs,process_02,29,4,151,True,False,True,False,False,False,False,-1,-1
walk_obs,process_02,29,5,151,True,False,True,False,False,False,False,-1,-1
walk_obs,process_02,29,6,151,True,False,True,False,False,False,False,-1,-1
walk_obs,process_02,29,7,151,True,False,True,False,False,False,False,-1,-1
walk_obs,process_02,29,8,151,True,False,True,False,False,False,False,-1,-1
walk_obs,process_02,29,9,151,True,False,True,False,False,False,False,-1,-1
walk_obs,process_02,29,10,151,True,False,True,False,False,False,False,-1,-1
walk_obs,process_02,29,11,151,True,False,True,False,False,False,False,-1,-1
walk_obs,process_02,29,12,151,True,False,True,False,False,False,False,-1,-1
walk_obs,process_02,29,13,151,True,False,True,False,False,False,False,-1,-1
walk_obs,process_02,29,14,151,True,False,True,False,False,False,False,-1,-1
walk_obs,process_02,29,15,151,True,False,True,False,False,False,False,-1,-1
walk_obs,process_02,30,0,112,True,True,True,True,False,False,False,175,-1
walk_obs,process_02,30,1,112,True,True,True,False,False,False,False,-1,-1
walk_obs,process_02,30,2,112,True,True,True,True,False,False,False,390,-1
walk_obs,process_02,30,3,112,True,True,True,True,False,False,False,179,-1
walk_obs,process_02,30,4,112,True,True,True,False,False,False,False,-1,-1
walk_obs,process_02,30,5,112,True,True,True,False,False,False,False,-1,-1
walk_obs,process_02,30,6,112,True,True,True,True,False,False,False,191,-1
walk_obs,process_02,30,7,112,True,True,True,False,False,False,False,-1,-1
walk_obs,process_02,30,8,112,True,True,True,False,False,False,False,-1,-1
walk_obs,process_02,30,9,112,True,True,True,False,False,False,False,-1,-1
walk_obs,process_02,30,10,112,True,True,True,False,False,False,False,-1,-1
walk_obs,process_02,30,11,112,True,True,True,False,False,False,False,-1,-1
walk_obs,process_02,30,12,112,True,True,True,False,False,False,False,-1,-1
walk_obs,process_02,30,13,112,True,True,True,True,False,False,False,328,-1
walk_obs,process_02,30,14,112,True,True,True,False,False,False,False,-1,-1
walk_obs,process_02,30,15,112,True,True,True,True,False,False,False,483,-1
walk_obs,process_02,31,0,195,True,False,True,False,False,False,False,-1,-1
walk_obs,process_02,31,1,195,True,False,False,False,False,True,True,119,119
walk_obs,process_02,31,2,195,True,False,True,True,False,False,False,230,-1
walk_obs,process_02,31,3,195,True,False,True,True,False,False,False,417,-1
walk_obs,process_02,31,4,195,True,False,True,False,False,False,False,-1,-1
walk_obs,process_02,31,5,195,True,False,True,False,False,False,False,-1,-1
walk_obs,process_02,31,6,195,True,False,True,True,False,False,False,281,-1
walk_obs,process_02,31,7,195,True,False,False,False,False,True,True,74,74
walk_obs,process_02,31,8,195,True,False,True,False,False,False,False,-1,-1
walk_obs,process_02,31,9,195,True,False,True,False,False,False,False,-1,-1
walk_obs,process_02,31,10,195,True,False,True,True,False,False,False,439,-1
walk_obs,process_02,31,11,195,True,False,True,False,False,False,False,-1,-1
walk_obs,process_02,31,12,195,True,False,True,False,False,False,False,-1,-1
walk_obs,process_02,31,13,195,True,False,True,False,False,False,False,-1,-1
walk_obs,process_02,31,14,195,True,False,True,False,False,False,False,-1,-1
walk_obs,process_02,31,15,195,True,False,True,False,False,False,False,-1,-1
walk_obs,process_02,32,0,124,False,True,False,False,False,False,False,-1,-1
walk_obs,process_02,32,1,124,False,True,False,False,False,False,False,-1,-1
walk_obs,process_02,32,2,124,False,True,False,False,False,False,False,-1,-1
walk_obs,process_02,32,3,124,False,True,False,False,False,False,False,-1,-1
walk_obs,process_02,32,4,124,False,True,False,False,False,False,False,-1,-1
walk_obs,process_02,32,5,124,False,True,False,False,False,False,False,-1,-1
walk_obs,process_02,32,6,124,False,True,False,False,False,False,False,-1,-1
walk_obs,process_02,32,7,124,False,True,False,False,False,False,False,-1,-1
walk_obs,process_02,32,8,124,False,True,False,False,False,False,False,-1,-1
walk_obs,process_02,32,9,124,False,True,False,False,False,False,False,-1,-1
walk_obs,process_02,32,10,124,False,True,False,False,False,False,False,-1,-1
walk_obs,process_02,32,11,124,False,True,False,False,False,False,False,-1,-1
walk_obs,process_02,32,12,124,False,True,False,False,False,False,False,-1,-1
walk_obs,process_02,32,13,124,False,True,False,False,False,False,False,-1,-1
walk_obs,process_02,32,14,124,False,True,False,False,False,True,True,43,43
walk_obs,process_02,32,15,124,False,True,False,False,False,False,False,-1,-1
walk_obs,process_02,33,0,161,False,False,False,False,False,False,False,-1,-1
walk_obs,process_02,33,1,161,False,False,False,False,False,False,False,-1,-1
walk_obs,process_02,33,2,161,False,False,False,False,False,False,False,-1,-1
walk_obs,process_02,33,3,161,False,False,False,False,False,False,False,-1,-1
walk_obs,process_02,33,4,161,False,False,False,False,False,False,False,-1,-1
walk_obs,process_02,33,5,161,False,False,False,False,False,False,False,-1,-1
walk_obs,process_02,33,6,161,False,False,False,False,False,False,False,-1,-1
walk_obs,process_02,33,7,161,False,False,False,False,False,False,False,-1,-1
walk_obs,process_02,33,8,161,False,False,False,False,False,False,False,-1,-1
walk_obs,process_02,33,9,161,False,False,False,False,False,False,False,-1,-1
walk_obs,process_02,33,10,161,False,False,False,False,False,False,False,-1,-1
walk_obs,process_02,33,11,161,False,False,False,False,False,False,False,-1,-1
walk_obs,process_02,33,12,161,False,False,False,False,False,False,False,-1,-1
walk_obs,process_02,33,13,161,False,False,False,False,False,False,False,-1,-1
walk_obs,process_02,33,14,161,False,False,False,False,False,False,False,-1,-1
walk_obs,process_02,33,15,161,False,False,False,True,False,False,False,414,-1
walk_obs,process_02,34,0,162,False,False,False,False,False,False,False,-1,-1
walk_obs,process_02,34,1,162,False,False,False,False,False,False,False,-1,-1
walk_obs,process_02,34,2,162,False,False,False,False,False,False,False,-1,-1
walk_obs,process_02,34,3,162,False,False,False,False,False,False,False,-1,-1
walk_obs,process_02,34,4,162,False,False,False,False,False,False,False,-1,-1
walk_obs,process_02,34,5,162,False,False,False,False,False,False,False,-1,-1
walk_obs,process_02,34,6,162,False,False,False,False,False,False,False,-1,-1
walk_obs,process_02,34,7,162,False,False,False,False,False,False,False,-1,-1
walk_obs,process_02,34,8,162,False,False,False,False,False,False,False,-1,-1
walk_obs,process_02,34,9,162,False,False,False,False,False,False,False,-1,-1
walk_obs,process_02,34,10,162,False,False,False,False,False,False,False,-1,-1
walk_obs,process_02,34,11,162,False,False,False,False,False,False,False,-1,-1
walk_obs,process_02,34,12,162,False,False,False,False,False,False,False,-1,-1
walk_obs,process_02,34,13,162,False,False,False,True,False,False,False,238,-1
walk_obs,process_02,34,14,162,False,False,False,False,False,False,False,-1,-1
walk_obs,process_02,34,15,162,False,False,False,False,False,False,False,-1,-1
walk_obs,process_02,35,0,181,False,False,False,False,False,False,False,-1,-1
walk_obs,process_02,35,1,181,False,False,False,False,False,False,False,-1,-1
walk_obs,process_02,35,2,181,False,False,False,False,False,False,False,-1,-1
walk_obs,process_02,35,3,181,False,False,False,False,False,False,False,-1,-1
walk_obs,process_02,35,4,181,False,False,False,False,False,False,False,-1,-1
walk_obs,process_02,35,5,181,False,False,False,False,False,False,False,-1,-1
walk_obs,process_02,35,6,181,False,False,False,False,False,False,False,-1,-1
walk_obs,process_02,35,7,181,False,False,False,False,False,False,False,-1,-1
walk_obs,process_02,35,8,181,False,False,False,False,False,False,False,-1,-1
walk_obs,process_02,35,9,181,False,False,False,False,False,False,False,-1,-1
walk_obs,process_02,35,10,181,False,False,False,False,False,False,False,-1,-1
walk_obs,process_02,35,11,181,False,False,False,False,False,False,False,-1,-1
walk_obs,process_02,35,12,181,False,False,False,False,False,False,False,-1,-1
walk_obs,process_02,35,13,181,False,False,False,False,False,False,False,-1,-1
walk_obs,process_02,35,14,181,False,False,False,False,False,False,False,-1,-1
walk_obs,process_02,35,15,181,False,False,False,False,False,False,False,-1,-1
walk_obs,process_02,36,0,150,False,False,False,False,False,False,False,-1,-1
walk_obs,process_02,36,1,150,False,False,False,False,False,True,True,131,131
walk_obs,process_02,36,2,150,False,False,False,False,False,False,False,-1,-1
walk_obs,process_02,36,3,150,False,False,False,False,False,False,False,-1,-1
walk_obs,process_02,36,4,150,False,False,False,False,False,False,False,-1,-1
walk_obs,process_02,36,5,150,False,False,False,False,False,False,False,-1,-1
walk_obs,process_02,36,6,150,False,False,False,False,False,False,False,-1,-1
walk_obs,process_02,36,7,150,False,False,False,False,False,False,False,-1,-1
walk_obs,process_02,36,8,150,False,False,False,False,False,False,False,-1,-1
walk_obs,process_02,36,9,150,False,False,False,False,False,False,False,-1,-1
walk_obs,process_02,36,10,150,False,False,False,False,False,False,False,-1,-1
walk_obs,process_02,36,11,150,False,False,False,False,False,False,False,-1,-1
walk_obs,process_02,36,12,150,False,False,False,False,False,False,False,-1,-1
walk_obs,process_02,36,13,150,False,False,False,False,False,False,False,-1,-1
walk_obs,process_02,36,14,150,False,False,False,False,False,False,False,-1,-1
walk_obs,process_02,36,15,150,False,False,False,False,False,False,False,-1,-1
walk_obs,process_02,37,0,115,False,True,False,False,False,False,False,-1,-1
walk_obs,process_02,37,1,115,False,True,False,False,False,False,False,-1,-1
walk_obs,process_02,37,2,115,False,True,False,False,False,False,False,-1,-1
walk_obs,process_02,37,3,115,False,True,False,False,False,False,False,-1,-1
walk_obs,process_02,37,4,115,False,True,False,False,False,False,False,-1,-1
walk_obs,process_02,37,5,115,False,True,False,False,False,False,False,-1,-1
walk_obs,process_02,37,6,115,False,True,False,False,False,False,False,-1,-1
walk_obs,process_02,37,7,115,False,True,False,False,False,False,False,-1,-1
walk_obs,process_02,37,8,115,False,True,False,False,False,False,False,-1,-1
walk_obs,process_02,37,9,115,False,True,False,False,False,False,False,-1,-1
walk_obs,process_02,37,10,115,False,True,False,False,False,False,False,-1,-1
walk_obs,process_02,37,11,115,False,True,False,False,False,False,False,-1,-1
walk_obs,process_02,37,12,115,False,True,False,False,False,False,False,-1,-1
walk_obs,process_02,37,13,115,False,True,False,False,False,False,False,-1,-1
walk_obs,process_02,37,14,115,False,True,False,False,False,False,False,-1,-1
walk_obs,process_02,37,15,115,False,True,False,False,False,False,False,-1,-1
walk_obs,process_02,38,0,110,False,True,False,False,False,False,False,-1,-1
walk_obs,process_02,38,1,110,False,True,False,False,False,False,False,-1,-1
walk_obs,process_02,38,2,110,False,True,False,False,False,False,False,-1,-1
walk_obs,process_02,38,3,110,False,True,False,False,False,False,False,-1,-1
walk_obs,process_02,38,4,110,False,True,False,False,False,False,False,-1,-1
walk_obs,process_02,38,5,110,False,True,False,False,False,False,False,-1,-1
walk_obs,process_02,38,6,110,False,True,False,True,True,False,False,111,111
walk_obs,process_02,38,7,110,False,True,False,False,False,False,False,-1,-1
walk_obs,process_02,38,8,110,False,True,False,False,False,False,False,-1,-1
walk_obs,process_02,38,9,110,False,True,False,False,False,False,False,-1,-1
walk_obs,process_02,38,10,110,False,True,False,True,True,False,False,186,186
walk_obs,process_02,38,11,110,False,True,False,False,False,False,False,-1,-1
walk_obs,process_02,38,12,110,False,True,False,False,False,False,False,-1,-1
walk_obs,process_02,38,13,110,False,True,False,False,False,False,False,-1,-1
walk_obs,process_02,38,14,110,False,True,False,False,False,False,False,-1,-1
walk_obs,process_02,38,15,110,False,True,False,False,False,False,False,-1,-1
walk_obs,process_02,39,0,195,False,False,False,False,False,False,False,-1,-1
walk_obs,process_02,39,1,195,False,False,False,False,False,False,False,-1,-1
walk_obs,process_02,39,2,195,False,False,False,False,False,False,False,-1,-1
walk_obs,process_02,39,3,195,False,False,False,False,False,False,False,-1,-1
walk_obs,process_02,39,4,195,False,False,False,False,False,False,False,-1,-1
walk_obs,process_02,39,5,195,False,False,False,False,False,False,False,-1,-1
walk_obs,process_02,39,6,195,False,False,False,False,False,False,False,-1,-1
walk_obs,process_02,39,7,195,False,False,False,False,False,False,False,-1,-1
walk_obs,process_02,39,8,195,False,False,False,False,False,False,False,-1,-1
walk_obs,process_02,39,9,195,False,False,False,False,False,False,False,-1,-1
walk_obs,process_02,39,10,195,False,False,False,False,False,False,False,-1,-1
walk_obs,process_02,39,11,195,False,False,False,False,False,False,False,-1,-1
walk_obs,process_02,39,12,195,False,False,False,False,True,True,False,169,273
walk_obs,process_02,39,13,195,False,False,False,False,False,False,False,-1,-1
walk_obs,process_02,39,14,195,False,False,False,False,False,False,False,-1,-1
walk_obs,process_02,39,15,195,False,False,False,False,False,False,False,-1,-1
walk_obs,process_02,40,0,149,False,False,False,False,False,False,False,-1,-1
walk_obs,process_02,40,1,149,False,False,False,False,False,False,False,-1,-1
walk_obs,process_02,40,2,149,False,False,False,False,False,False,False,-1,-1
walk_obs,process_02,40,3,149,False,False,False,False,False,False,False,-1,-1
walk_obs,process_02,40,4,149,False,False,False,False,False,False,False,-1,-1
walk_obs,process_02,40,5,149,False,False,False,False,False,False,False,-1,-1
walk_obs,process_02,40,6,149,False,False,False,False,False,False,False,-1,-1
walk_obs,process_02,40,7,149,False,False,False,False,False,False,False,-1,-1
walk_obs,process_02,40,8,149,False,False,False,False,False,False,False,-1,-1
walk_obs,process_02,40,9,149,False,False,False,False,False,False,False,-1,-1
walk_obs,process_02,40,10,149,False,False,False,False,False,False,False,-1,-1
walk_obs,process_02,40,11,149,False,False,False,False,False,False,False,-1,-1
walk_obs,process_02,40,12,149,False,False,False,False,False,False,False,-1,-1
walk_obs,process_02,40,13,149,False,False,False,False,False,False,False,-1,-1
walk_obs,process_02,40,14,149,False,False,False,False,False,False,False,-1,-1
walk_obs,process_02,40,15,149,False,False,False,False,False,False,False,-1,-1
walk_obs,process_02,41,0,119,False,True,False,False,False,False,False,-1,-1
walk_obs,process_02,41,1,119,False,True,False,False,False,False,False,-1,-1
walk_obs,process_02,41,2,119,False,True,False,False,False,False,False,-1,-1
walk_obs,process_02,41,3,119,False,True,False,False,False,False,False,-1,-1
walk_obs,process_02,41,4,119,False,True,False,False,False,False,False,-1,-1
walk_obs,process_02,41,5,119,False,True,False,False,False,False,False,-1,-1
walk_obs,process_02,41,6,119,False,True,False,False,False,False,False,-1,-1
walk_obs,process_02,41,7,119,False,True,False,False,False,False,False,-1,-1
walk_obs,process_02,41,8,119,False,True,False,False,False,False,False,-1,-1
walk_obs,process_02,41,9,119,False,True,False,False,False,False,False,-1,-1
walk_obs,process_02,41,10,119,False,True,False,False,False,False,False,-1,-1
walk_obs,process_02,41,11,119,False,True,False,False,False,False,False,-1,-1
walk_obs,process_02,41,12,119,False,True,False,False,False,False,False,-1,-1
walk_obs,process_02,41,13,119,False,True,False,False,False,False,False,-1,-1
walk_obs,process_02,41,14,119,False,True,False,False,False,False,False,-1,-1
walk_obs,process_02,41,15,119,False,True,False,False,False,False,False,-1,-1
walk_obs,process_02,42,0,176,False,False,False,False,False,False,False,-1,-1
walk_obs,process_02,42,1,176,False,False,False,False,False,False,False,-1,-1
walk_obs,process_02,42,2,176,False,False,False,False,False,False,False,-1,-1
walk_obs,process_02,42,3,176,False,False,False,False,False,False,False,-1,-1
walk_obs,process_02,42,4,176,False,False,False,False,False,False,False,-1,-1
walk_obs,process_02,42,5,176,False,False,False,False,False,False,False,-1,-1
walk_obs,process_02,42,6,176,False,False,False,False,False,False,False,-1,-1
walk_obs,process_02,42,7,176,False,False,False,False,False,False,False,-1,-1
walk_obs,process_02,42,8,176,False,False,False,False,False,False,False,-1,-1
walk_obs,process_02,42,9,176,False,False,False,False,False,False,False,-1,-1
walk_obs,process_02,42,10,176,False,False,False,False,False,False,False,-1,-1
walk_obs,process_02,42,11,176,False,False,False,False,False,False,False,-1,-1
walk_obs,process_02,42,12,176,False,False,False,False,False,False,False,-1,-1
walk_obs,process_02,42,13,176,False,False,False,False,False,False,False,-1,-1
walk_obs,process_02,42,14,176,False,False,False,False,False,False,False,-1,-1
walk_obs,process_02,42,15,176,False,False,False,False,False,False,False,-1,-1
walk_obs,process_02,43,0,155,False,False,False,False,False,False,False,-1,-1
walk_obs,process_02,43,1,155,False,False,False,False,False,False,False,-1,-1
walk_obs,process_02,43,2,155,False,False,False,False,False,False,False,-1,-1
walk_obs,process_02,43,3,155,False,False,False,False,False,False,False,-1,-1
walk_obs,process_02,43,4,155,False,False,False,False,False,False,False,-1,-1
walk_obs,process_02,43,5,155,False,False,False,False,False,False,False,-1,-1
walk_obs,process_02,43,6,155,False,False,False,False,False,False,False,-1,-1
walk_obs,process_02,43,7,155,False,False,False,False,False,False,False,-1,-1
walk_obs,process_02,43,8,155,False,False,False,False,False,False,False,-1,-1
walk_obs,process_02,43,9,155,False,False,False,False,False,False,False,-1,-1
walk_obs,process_02,43,10,155,False,False,False,False,False,False,False,-1,-1
walk_obs,process_02,43,11,155,False,False,False,False,False,True,True,59,59
walk_obs,process_02,43,12,155,False,False,False,False,False,False,False,-1,-1
walk_obs,process_02,43,13,155,False,False,False,False,False,False,False,-1,-1
walk_obs,process_02,43,14,155,False,False,False,True,True,False,False,231,234
walk_obs,process_02,43,15,155,False,False,False,False,False,False,False,-1,-1
walk_obs,process_02,44,0,168,False,False,False,False,False,False,False,-1,-1
walk_obs,process_02,44,1,168,False,False,False,False,False,False,False,-1,-1
walk_obs,process_02,44,2,168,False,False,False,False,False,False,False,-1,-1
walk_obs,process_02,44,3,168,False,False,False,False,False,False,False,-1,-1
walk_obs,process_02,44,4,168,False,False,False,False,False,False,False,-1,-1
walk_obs,process_02,44,5,168,False,False,False,False,False,False,False,-1,-1
walk_obs,process_02,44,6,168,False,False,False,False,False,False,False,-1,-1
walk_obs,process_02,44,7,168,False,False,False,False,False,False,False,-1,-1
walk_obs,process_02,44,8,168,False,False,False,False,False,False,False,-1,-1
walk_obs,process_02,44,9,168,False,False,False,False,False,False,False,-1,-1
walk_obs,process_02,44,10,168,False,False,False,False,False,False,False,-1,-1
walk_obs,process_02,44,11,168,False,False,False,False,False,False,False,-1,-1
walk_obs,process_02,44,12,168,False,False,False,False,False,False,False,-1,-1
walk_obs,process_02,44,13,168,False,False,False,False,False,False,False,-1,-1
walk_obs,process_02,44,14,168,False,False,False,False,False,False,False,-1,-1
walk_obs,process_02,44,15,168,False,False,False,False,False,False,False,-1,-1
walk_obs,process_02,45,0,150,False,False,False,False,False,False,False,-1,-1
walk_obs,process_02,45,1,150,False,False,False,False,False,False,False,-1,-1
walk_obs,process_02,45,2,150,False,False,False,False,False,False,False,-1,-1
walk_obs,process_02,45,3,150,False,False,False,False,False,False,False,-1,-1
walk_obs,process_02,45,4,150,False,False,False,False,False,False,False,-1,-1
walk_obs,process_02,45,5,150,False,False,False,False,False,False,False,-1,-1
walk_obs,process_02,45,6,150,False,False,False,False,False,False,False,-1,-1
walk_obs,process_02,45,7,150,False,False,False,False,False,False,False,-1,-1
walk_obs,process_02,45,8,150,False,False,False,False,False,False,False,-1,-1
walk_obs,process_02,45,9,150,False,False,False,False,False,False,False,-1,-1
walk_obs,process_02,45,10,150,False,False,False,False,False,False,False,-1,-1
walk_obs,process_02,45,11,150,False,False,False,False,False,False,False,-1,-1
walk_obs,process_02,45,12,150,False,False,False,False,False,False,False,-1,-1
walk_obs,process_02,45,13,150,False,False,False,False,False,False,False,-1,-1
walk_obs,process_02,45,14,150,False,False,False,False,False,False,False,-1,-1
walk_obs,process_02,45,15,150,False,False,False,False,False,False,False,-1,-1
walk_obs,process_02,46,0,160,False,False,False,False,False,False,False,-1,-1
walk_obs,process_02,46,1,160,False,False,False,False,False,True,True,35,35
walk_obs,process_02,46,2,160,False,False,False,False,False,False,False,-1,-1
walk_obs,process_02,46,3,160,False,False,False,False,False,False,False,-1,-1
walk_obs,process_02,46,4,160,False,False,False,False,False,False,False,-1,-1
walk_obs,process_02,46,5,160,False,False,False,False,False,False,False,-1,-1
walk_obs,process_02,46,6,160,False,False,False,False,False,False,False,-1,-1
walk_obs,process_02,46,7,160,False,False,False,False,False,False,False,-1,-1
walk_obs,process_02,46,8,160,False,False,False,False,False,False,False,-1,-1
walk_obs,process_02,46,9,160,False,False,False,False,False,True,True,111,111
walk_obs,process_02,46,10,160,False,False,False,False,False,False,False,-1,-1
walk_obs,process_02,46,11,160,False,False,False,False,False,False,False,-1,-1
walk_obs,process_02,46,12,160,False,False,False,False,False,False,False,-1,-1
walk_obs,process_02,46,13,160,False,False,False,False,False,False,False,-1,-1
walk_obs,process_02,46,14,160,False,False,False,False,False,False,False,-1,-1
walk_obs,process_02,46,15,160,False,False,False,False,False,False,False,-1,-1
walk_obs,process_02,47,0,176,False,False,False,False,False,False,False,-1,-1
walk_obs,process_02,47,1,176,False,False,False,False,False,True,True,157,157
walk_obs,process_02,47,2,176,False,False,False,False,False,False,False,-1,-1
walk_obs,process_02,47,3,176,False,False,False,False,False,False,False,-1,-1
walk_obs,process_02,47,4,176,False,False,False,False,False,False,False,-1,-1
walk_obs,process_02,47,5,176,False,False,False,False,False,False,False,-1,-1
walk_obs,process_02,47,6,176,False,False,False,False,False,False,False,-1,-1
walk_obs,process_02,47,7,176,False,False,False,False,False,False,False,-1,-1
walk_obs,process_02,47,8,176,False,False,False,False,False,False,False,-1,-1
walk_obs,process_02,47,9,176,False,False,False,False,False,False,False,-1,-1
walk_obs,process_02,47,10,176,False,False,False,False,False,False,False,-1,-1
walk_obs,process_02,47,11,176,False,False,False,False,False,False,False,-1,-1
walk_obs,process_02,47,12,176,False,False,False,False,False,False,False,-1,-1
walk_obs,process_02,47,13,176,False,False,False,False,False,False,False,-1,-1
walk_obs,process_02,47,14,176,False,False,False,False,False,False,False,-1,-1
walk_obs,process_02,47,15,176,False,False,False,False,False,False,False,-1,-1
stand_motor,process_03,0,0,125,True,False,True,False,False,False,False,-1,-1
stand_motor,process_03,0,1,125,True,False,True,False,False,False,False,-1,-1
stand_motor,process_03,0,2,125,True,False,True,False,False,False,False,-1,-1
stand_motor,process_03,0,3,125,True,False,True,False,False,False,False,-1,-1
stand_motor,process_03,0,4,125,True,False,True,False,False,False,False,-1,-1
stand_motor,process_03,0,5,125,True,False,True,False,False,False,False,-1,-1
stand_motor,process_03,0,6,125,True,False,True,False,False,False,False,-1,-1
stand_motor,process_03,0,7,125,True,False,True,False,False,False,False,-1,-1
stand_motor,process_03,0,8,125,True,False,True,False,False,False,False,-1,-1
stand_motor,process_03,0,9,125,True,False,True,False,True,False,False,-1,219
stand_motor,process_03,0,10,125,True,False,True,True,True,False,False,271,181
stand_motor,process_03,0,11,125,True,False,True,False,False,False,False,-1,-1
stand_motor,process_03,0,12,125,True,False,True,False,False,False,False,-1,-1
stand_motor,process_03,0,13,125,True,False,True,False,False,False,False,-1,-1
stand_motor,process_03,0,14,125,True,False,True,False,False,False,False,-1,-1
stand_motor,process_03,0,15,125,True,False,True,False,False,False,False,-1,-1
stand_motor,process_03,1,0,195,True,False,True,False,True,False,False,-1,238
stand_motor,process_03,1,1,195,True,False,True,True,True,False,False,218,215
stand_motor,process_03,1,2,195,True,False,True,True,True,False,False,276,222
stand_motor,process_03,1,3,195,True,False,True,False,True,False,False,-1,226
stand_motor,process_03,1,4,195,True,False,True,False,False,False,False,-1,-1
stand_motor,process_03,1,5,195,True,False,True,False,False,False,False,-1,-1
stand_motor,process_03,1,6,195,True,False,True,False,False,False,False,-1,-1
stand_motor,process_03,1,7,195,True,False,True,False,False,False,False,-1,-1
stand_motor,process_03,1,8,195,True,False,True,False,False,False,False,-1,-1
stand_motor,process_03,1,9,195,True,False,True,True,True,False,False,251,216
stand_motor,process_03,1,10,195,True,False,True,False,False,False,False,-1,-1
stand_motor,process_03,1,11,195,True,False,True,True,True,False,False,245,221
stand_motor,process_03,1,12,195,True,False,True,True,True,False,False,240,215
stand_motor,process_03,1,13,195,True,False,True,False,True,False,False,-1,366
stand_motor,process_03,1,14,195,True,False,True,True,True,False,False,248,224
stand_motor,process_03,1,15,195,True,False,True,True,True,False,False,223,213
stand_motor,process_03,2,0,142,True,False,True,False,False,False,False,-1,-1
stand_motor,process_03,2,1,142,True,False,True,False,False,False,False,-1,-1
stand_motor,process_03,2,2,142,True,False,True,False,False,False,False,-1,-1
stand_motor,process_03,2,3,142,True,False,True,False,True,False,False,-1,168
stand_motor,process_03,2,4,142,True,False,True,False,False,False,False,-1,-1
stand_motor,process_03,2,5,142,True,False,True,False,False,False,False,-1,-1
stand_motor,process_03,2,6,142,True,False,True,False,False,False,False,-1,-1
stand_motor,process_03,2,7,142,True,False,True,False,False,False,False,-1,-1
stand_motor,process_03,2,8,142,True,False,True,False,True,False,False,-1,198
stand_motor,process_03,2,9,142,True,False,True,False,False,False,False,-1,-1
stand_motor,process_03,2,10,142,True,False,True,False,False,False,False,-1,-1
stand_motor,process_03,2,11,142,True,False,True,False,False,False,False,-1,-1
stand_motor,process_03,2,12,142,True,False,True,False,False,False,False,-1,-1
stand_motor,process_03,2,13,142,True,False,True,False,False,False,False,-1,-1
stand_motor,process_03,2,14,142,True,False,True,False,False,False,False,-1,-1
stand_motor,process_03,2,15,142,True,False,True,False,False,False,False,-1,-1
stand_motor,process_03,3,0,190,True,False,True,False,False,False,False,-1,-1
stand_motor,process_03,3,1,190,True,False,True,False,True,False,False,-1,227
stand_motor,process_03,3,2,190,True,False,True,False,False,False,False,-1,-1
stand_motor,process_03,3,3,190,True,False,True,False,False,False,False,-1,-1
stand_motor,process_03,3,4,190,True,False,True,False,False,False,False,-1,-1
stand_motor,process_03,3,5,190,True,False,True,False,False,False,False,-1,-1
stand_motor,process_03,3,6,190,True,False,True,False,True,False,False,-1,223
stand_motor,process_03,3,7,190,True,False,True,False,True,False,False,-1,243
stand_motor,process_03,3,8,190,True,False,True,False,False,False,False,-1,-1
stand_motor,process_03,3,9,190,True,False,True,False,False,False,False,-1,-1
stand_motor,process_03,3,10,190,True,False,True,False,False,False,False,-1,-1
stand_motor,process_03,3,11,190,True,False,True,False,False,False,False,-1,-1
stand_motor,process_03,3,12,190,True,False,True,False,True,False,False,-1,220
stand_motor,process_03,3,13,190,True,False,True,False,False,False,False,-1,-1
stand_motor,process_03,3,14,190,True,False,True,False,False,False,False,-1,-1
stand_motor,process_03,3,15,190,True,False,True,False,False,False,False,-1,-1
stand_motor,process_03,4,0,171,True,False,True,False,False,False,False,-1,-1
stand_motor,process_03,4,1,171,True,False,True,False,True,False,False,-1,210
stand_motor,process_03,4,2,171,True,False,True,False,False,False,False,-1,-1
stand_motor,process_03,4,3,171,True,False,True,False,False,False,False,-1,-1
stand_motor,process_03,4,4,171,True,False,True,False,False,False,False,-1,-1
stand_motor,process_03,4,5,171,True,False,True,False,False,False,False,-1,-1
stand_motor,process_03,4,6,171,True,False,True,False,True,False,False,-1,183
stand_motor,process_03,4,7,171,True,False,True,False,False,False,False,-1,-1
stand_motor,process_03,4,8,171,True,False,True,False,False,False,False,-1,-1
stand_motor,process_03,4,9,171,True,False,True,False,False,False,False,-1,-1
stand_motor,process_03,4,10,171,True,False,True,False,False,False,False,-1,-1
stand_motor,process_03,4,11,171,True,False,True,False,False,False,False,-1,-1
stand_motor,process_03,4,12,171,True,False,True,True,False,False,False,230,-1
stand_motor,process_03,4,13,171,True,False,True,False,True,False,False,-1,226
stand_motor,process_03,4,14,171,True,False,True,False,False,False,False,-1,-1
stand_motor,process_03,4,15,171,True,False,True,False,False,False,False,-1,-1
stand_motor,process_03,5,0,196,True,False,True,False,False,False,False,-1,-1
stand_motor,process_03,5,1,196,True,False,True,False,False,False,False,-1,-1
stand_motor,process_03,5,2,196,True,False,True,False,False,False,False,-1,-1
stand_motor,process_03,5,3,196,True,False,True,False,False,False,False,-1,-1
stand_motor,process_03,5,4,196,True,False,True,False,False,False,False,-1,-1
stand_motor,process_03,5,5,196,True,False,True,False,True,False,False,-1,233
stand_motor,process_03,5,6,196,True,False,True,False,False,False,False,-1,-1
stand_motor,process_03,5,7,196,True,False,True,False,True,False,False,-1,233
stand_motor,process_03,5,8,196,True,False,True,False,True,False,False,-1,247
stand_motor,process_03,5,9,196,True,False,True,False,True,False,False,-1,240
stand_motor,process_03,5,10,196,True,False,True,False,False,False,False,-1,-1
stand_motor,process_03,5,11,196,True,False,True,True,True,False,False,233,227
stand_motor,process_03,5,12,196,True,False,True,False,True,False,False,-1,228
stand_motor,process_03,5,13,196,True,False,True,False,False,False,False,-1,-1
stand_motor,process_03,5,14,196,True,False,True,False,True,False,False,-1,210
stand_motor,process_03,5,15,196,True,False,True,False,False,False,False,-1,-1
stand_motor,process_03,6,0,174,True,False,True,False,False,False,False,-1,-1
stand_motor,process_03,6,1,174,True,False,True,False,False,False,False,-1,-1
stand_motor,process_03,6,2,174,True,False,True,False,True,False,False,-1,305
stand_motor,process_03,6,3,174,True,False,True,False,True,False,False,-1,258
stand_motor,process_03,6,4,174,True,False,True,False,True,False,False,-1,208
stand_motor,process_03,6,5,174,True,False,True,False,True,False,False,-1,213
stand_motor,process_03,6,6,174,True,False,True,False,True,False,False,-1,226
stand_motor,process_03,6,7,174,True,False,True,False,True,False,False,-1,211
stand_motor,process_03,6,8,174,True,False,True,False,False,False,False,-1,-1
stand_motor,process_03,6,9,174,True,False,True,False,False,False,False,-1,-1
stand_motor,process_03,6,10,174,True,False,True,False,False,False,False,-1,-1
stand_motor,process_03,6,11,174,True,False,True,False,False,False,False,-1,-1
stand_motor,process_03,6,12,174,True,False,True,False,True,False,False,-1,260
stand_motor,process_03,6,13,174,True,False,True,False,False,False,False,-1,-1
stand_motor,process_03,6,14,174,True,False,True,False,False,False,False,-1,-1
stand_motor,process_03,6,15,174,True,False,True,True,True,False,False,227,205
stand_motor,process_03,7,0,162,True,False,True,False,False,False,False,-1,-1
stand_motor,process_03,7,1,162,True,False,True,False,False,False,False,-1,-1
stand_motor,process_03,7,2,162,True,False,True,False,False,False,False,-1,-1
stand_motor,process_03,7,3,162,True,False,True,False,False,False,False,-1,-1
stand_motor,process_03,7,4,162,True,False,True,False,True,False,False,-1,376
stand_motor,process_03,7,5,162,True,False,True,False,False,False,False,-1,-1
stand_motor,process_03,7,6,162,True,False,True,False,False,False,False,-1,-1
stand_motor,process_03,7,7,162,True,False,True,False,False,False,False,-1,-1
stand_motor,process_03,7,8,162,True,False,True,False,False,False,False,-1,-1
stand_motor,process_03,7,9,162,True,False,True,False,False,False,False,-1,-1
stand_motor,process_03,7,10,162,True,False,True,False,False,False,False,-1,-1
stand_motor,process_03,7,11,162,True,False,True,False,False,False,False,-1,-1
stand_motor,process_03,7,12,162,True,False,True,False,False,False,False,-1,-1
stand_motor,process_03,7,13,162,True,False,True,False,False,False,False,-1,-1
stand_motor,process_03,7,14,162,True,False,True,False,False,False,False,-1,-1
stand_motor,process_03,7,15,162,True,False,True,False,False,False,False,-1,-1
stand_motor,process_03,8,0,167,True,False,True,False,False,False,False,-1,-1
stand_motor,process_03,8,1,167,True,False,True,False,False,False,False,-1,-1
stand_motor,process_03,8,2,167,True,False,True,False,False,False,False,-1,-1
stand_motor,process_03,8,3,167,True,False,True,False,False,False,False,-1,-1
stand_motor,process_03,8,4,167,True,False,True,True,True,False,False,202,189
stand_motor,process_03,8,5,167,True,False,True,False,False,False,False,-1,-1
stand_motor,process_03,8,6,167,True,False,True,False,False,False,False,-1,-1
stand_motor,process_03,8,7,167,True,False,True,True,True,False,False,307,265
stand_motor,process_03,8,8,167,True,False,True,False,False,False,False,-1,-1
stand_motor,process_03,8,9,167,True,False,True,False,True,False,False,-1,224
stand_motor,process_03,8,10,167,True,False,True,False,False,False,False,-1,-1
stand_motor,process_03,8,11,167,True,False,True,False,True,False,False,-1,192
stand_motor,process_03,8,12,167,True,False,True,False,True,False,False,-1,300
stand_motor,process_03,8,13,167,True,False,True,False,False,False,False,-1,-1
stand_motor,process_03,8,14,167,True,False,True,False,True,False,False,-1,400
stand_motor,process_03,8,15,167,True,False,True,False,False,False,False,-1,-1
stand_motor,process_03,9,0,182,True,False,True,False,False,False,False,-1,-1
stand_motor,process_03,9,1,182,True,False,True,False,True,False,False,-1,246
stand_motor,process_03,9,2,182,True,False,True,False,False,False,False,-1,-1
stand_motor,process_03,9,3,182,True,False,True,False,True,False,False,-1,213
stand_motor,process_03,9,4,182,True,False,True,False,False,False,False,-1,-1
stand_motor,process_03,9,5,182,True,False,True,False,False,False,False,-1,-1
stand_motor,process_03,9,6,182,True,False,True,False,False,False,False,-1,-1
stand_motor,process_03,9,7,182,True,False,True,False,False,False,False,-1,-1
stand_motor,process_03,9,8,182,True,False,True,False,True,False,False,-1,221
stand_motor,process_03,9,9,182,True,False,True,False,True,False,False,-1,350
stand_motor,process_03,9,10,182,True,False,True,False,False,False,False,-1,-1
stand_motor,process_03,9,11,182,True,False,True,False,False,False,False,-1,-1
stand_motor,process_03,9,12,182,True,False,True,False,False,False,False,-1,-1
stand_motor,process_03,9,13,182,True,False,True,False,False,False,False,-1,-1
stand_motor,process_03,9,14,182,True,False,True,False,False,False,False,-1,-1
stand_motor,process_03,9,15,182,True,False,True,False,False,False,False,-1,-1
stand_motor,process_03,10,0,162,True,False,True,False,False,False,False,-1,-1
stand_motor,process_03,10,1,162,True,False,True,False,True,False,False,-1,208
stand_motor,process_03,10,2,162,True,False,True,False,False,False,False,-1,-1
stand_motor,process_03,10,3,162,True,False,True,False,False,False,False,-1,-1
stand_motor,process_03,10,4,162,True,False,True,False,True,False,False,-1,266
stand_motor,process_03,10,5,162,True,False,True,False,False,False,False,-1,-1
stand_motor,process_03,10,6,162,True,False,True,False,True,False,False,-1,186
stand_motor,process_03,10,7,162,True,False,True,False,False,False,False,-1,-1
stand_motor,process_03,10,8,162,True,False,True,False,False,False,False,-1,-1
stand_motor,process_03,10,9,162,True,False,True,False,False,False,False,-1,-1
stand_motor,process_03,10,10,162,True,False,True,False,False,False,False,-1,-1
stand_motor,process_03,10,11,162,True,False,True,True,True,False,False,200,183
stand_motor,process_03,10,12,162,True,False,True,False,False,False,False,-1,-1
stand_motor,process_03,10,13,162,True,False,True,False,False,False,False,-1,-1
stand_motor,process_03,10,14,162,True,False,True,False,True,False,False,-1,203
stand_motor,process_03,10,15,162,True,False,True,False,True,False,False,-1,307
stand_motor,process_03,11,0,126,True,False,True,True,True,False,False,155,145
stand_motor,process_03,11,1,126,True,False,True,True,True,False,False,149,145
stand_motor,process_03,11,2,126,True,False,True,True,True,False,False,183,147
stand_motor,process_03,11,3,126,True,False,True,False,False,False,False,-1,-1
stand_motor,process_03,11,4,126,True,False,True,False,False,False,False,-1,-1
stand_motor,process_03,11,5,126,True,False,True,True,True,False,False,177,146
stand_motor,process_03,11,6,126,True,False,True,True,True,False,False,167,157
stand_motor,process_03,11,7,126,True,False,True,False,False,False,False,-1,-1
stand_motor,process_03,11,8,126,True,False,True,False,True,False,False,-1,162
stand_motor,process_03,11,9,126,True,False,True,False,False,False,False,-1,-1
stand_motor,process_03,11,10,126,True,False,True,False,False,False,False,-1,-1
stand_motor,process_03,11,11,126,True,False,True,False,True,False,False,-1,165
stand_motor,process_03,11,12,126,True,False,True,False,True,False,False,-1,153
stand_motor,process_03,11,13,126,True,False,True,False,False,False,False,-1,-1
stand_motor,process_03,11,14,126,True,False,True,False,False,False,False,-1,-1
stand_motor,process_03,11,15,126,True,False,True,True,True,False,False,172,157
stand_motor,process_03,12,0,153,True,False,True,False,False,False,False,-1,-1
stand_motor,process_03,12,1,153,True,False,True,False,False,False,False,-1,-1
stand_motor,process_03,12,2,153,True,False,True,False,True,False,False,-1,177
stand_motor,process_03,12,3,153,True,False,True,False,True,False,False,-1,207
stand_motor,process_03,12,4,153,True,False,True,True,True,False,False,186,178
stand_motor,process_03,12,5,153,True,False,True,False,True,False,False,-1,177
stand_motor,process_03,12,6,153,True,False,True,False,True,False,False,-1,183
stand_motor,process_03,12,7,153,True,False,True,True,True,False,False,176,173
stand_motor,process_03,12,8,153,True,False,True,True,True,False,False,176,169
stand_motor,process_03,12,9,153,True,False,True,False,True,False,False,-1,181
stand_motor,process_03,12,10,153,True,False,True,False,False,False,False,-1,-1
stand_motor,process_03,12,11,153,True,False,True,True,True,False,False,200,178
stand_motor,process_03,12,12,153,True,False,True,False,True,False,False,-1,172
stand_motor,process_03,12,13,153,True,False,True,True,True,False,False,178,171
stand_motor,process_03,12,14,153,True,False,True,False,False,False,False,-1,-1
stand_motor,process_03,12,15,153,True,False,True,True,True,False,False,188,173
stand_motor,process_03,13,0,104,True,True,True,True,True,False,False,149,129
stand_motor,process_03,13,1,104,True,True,True,True,True,False,False,129,126
stand_motor,process_03,13,2,104,True,True,True,True,True,False,False,121,124
stand_motor,process_03,13,3,104,True,True,True,False,True,False,False,-1,179
stand_motor,process_03,13,4,104,True,True,True,True,True,False,False,164,123
stand_motor,process_03,13,5,104,True,True,True,False,True,False,False,-1,132
stand_motor,process_03,13,6,104,True,True,True,True,True,False,False,182,184
stand_motor,process_03,13,7,104,True,True,True,True,True,False,False,226,146
stand_motor,process_03,13,8,104,True,True,True,False,True,False,False,-1,132
stand_motor,process_03,13,9,104,True,True,True,True,True,False,False,141,139
stand_motor,process_03,13,10,104,True,True,True,False,False,False,False,-1,-1
stand_motor,process_03,13,11,104,True,True,True,False,False,False,False,-1,-1
stand_motor,process_03,13,12,104,True,True,True,False,True,False,False,-1,137
stand_motor,process_03,13,13,104,True,True,True,False,False,False,False,-1,-1
stand_motor,process_03,13,14,104,True,True,True,False,False,False,False,-1,-1
stand_motor,process_03,13,15,104,True,True,True,True,True,False,False,130,123
stand_motor,process_03,14,0,185,True,False,True,False,True,False,False,-1,223
stand_motor,process_03,14,1,185,True,False,False,False,False,True,True,158,158
stand_motor,process_03,14,2,185,True,False,True,False,False,False,False,-1,-1
stand_motor,process_03,14,3,185,True,False,True,False,True,False,False,-1,215
stand_motor,process_03,14,4,185,True,False,True,False,True,False,False,-1,216
stand_motor,process_03,14,5,185,True,False,True,False,True,False,False,-1,220
stand_motor,process_03,14,6,185,True,False,True,False,False,False,False,-1,-1
stand_motor,process_03,14,7,185,True,False,True,False,False,False,False,-1,-1
stand_motor,process_03,14,8,185,True,False,True,True,True,False,False,204,203
stand_motor,process_03,14,9,185,True,False,True,True,True,False,False,216,204
stand_motor,process_03,14,10,185,True,False,True,False,True,False,False,-1,231
stand_motor,process_03,14,11,185,True,False,True,False,False,False,False,-1,-1
stand_motor,process_03,14,12,185,True,False,True,False,False,False,False,-1,-1
stand_motor,process_03,14,13,185,True,False,True,False,False,False,False,-1,-1
stand_motor,process_03,14,14,185,True,False,True,True,True,False,False,211,206
stand_motor,process_03,14,15,185,True,False,True,False,False,False,False,-1,-1
stand_motor,process_03,15,0,133,True,False,True,False,True,False,False,-1,162
stand_motor,process_03,15,1,133,True,False,True,False,False,False,False,-1,-1
stand_motor,process_03,15,2,133,True,False,True,True,True,False,False,150,150
stand_motor,process_03,15,3,133,True,False,True,True,True,False,False,185,153
stand_motor,process_03,15,4,133,True,False,True,True,True,False,False,178,157
stand_motor,process_03,15,5,133,True,False,True,True,True,False,False,156,155
stand_motor,process_03,15,6,133,True,False,True,False,True,False,False,-1,153
stand_motor,process_03,15,7,133,True,False,True,False,False,False,False,-1,-1
stand_motor,process_03,15,8,133,True,False,True,True,True,False,False,170,173
stand_motor,process_03,15,9,133,True,False,True,False,False,False,False,-1,-1
stand_motor,process_03,15,10,133,True,False,True,False,True,False,False,-1,170
stand_motor,process_03,15,11,133,True,False,True,False,False,False,False,-1,-1
stand_motor,process_03,15,12,133,True,False,True,False,False,False,False,-1,-1
stand_motor,process_03,15,13,133,True,False,True,True,True,False,False,177,157
stand_motor,process_03,15,14,133,True,False,True,False,False,False,False,-1,-1
stand_motor,process_03,15,15,133,True,False,True,False,False,False,False,-1,-1
stand_motor,process_03,16,0,131,True,False,True,False,False,False,False,-1,-1
stand_motor,process_03,16,1,131,True,False,True,False,False,False,False,-1,-1
stand_motor,process_03,16,2,131,True,False,True,False,False,False,False,-1,-1
stand_motor,process_03,16,3,131,True,False,True,False,False,False,False,-1,-1
stand_motor,process_03,16,4,131,True,False,True,False,False,False,False,-1,-1
stand_motor,process_03,16,5,131,True,False,True,False,False,False,False,-1,-1
stand_motor,process_03,16,6,131,True,False,True,False,False,False,False,-1,-1
stand_motor,process_03,16,7,131,True,False,True,False,False,False,False,-1,-1
stand_motor,process_03,16,8,131,True,False,True,False,False,False,False,-1,-1
stand_motor,process_03,16,9,131,True,False,True,False,False,False,False,-1,-1
stand_motor,process_03,16,10,131,True,False,True,False,False,False,False,-1,-1
stand_motor,process_03,16,11,131,True,False,True,False,False,False,False,-1,-1
stand_motor,process_03,16,12,131,True,False,True,False,False,False,False,-1,-1
stand_motor,process_03,16,13,131,True,False,True,False,False,False,False,-1,-1
stand_motor,process_03,16,14,131,True,False,True,False,False,False,False,-1,-1
stand_motor,process_03,16,15,131,True,False,True,False,False,False,False,-1,-1
stand_motor,process_03,17,0,147,True,False,True,True,True,False,False,183,168
stand_motor,process_03,17,1,147,True,False,True,False,True,False,False,-1,325
stand_motor,process_03,17,2,147,True,False,True,False,False,False,False,-1,-1
stand_motor,process_03,17,3,147,True,False,True,False,True,False,False,-1,166
stand_motor,process_03,17,4,147,True,False,True,False,False,False,False,-1,-1
stand_motor,process_03,17,5,147,True,False,True,False,True,False,False,-1,185
stand_motor,process_03,17,6,147,True,False,True,False,False,False,False,-1,-1
stand_motor,process_03,17,7,147,True,False,True,False,False,False,False,-1,-1
stand_motor,process_03,17,8,147,True,False,True,False,True,False,False,-1,168
stand_motor,process_03,17,9,147,True,False,True,True,True,False,False,219,172
stand_motor,process_03,17,10,147,True,False,True,False,False,False,False,-1,-1
stand_motor,process_03,17,11,147,True,False,True,True,True,False,False,362,176
stand_motor,process_03,17,12,147,True,False,True,False,False,False,False,-1,-1
stand_motor,process_03,17,13,147,True,False,True,True,True,False,False,180,170
stand_motor,process_03,17,14,147,True,False,True,False,False,False,False,-1,-1
stand_motor,process_03,17,15,147,True,False,True,False,False,False,False,-1,-1
stand_motor,process_03,18,0,154,True,False,True,False,False,False,False,-1,-1
stand_motor,process_03,18,1,154,True,False,True,False,False,False,False,-1,-1
stand_motor,process_03,18,2,154,True,False,True,False,False,False,False,-1,-1
stand_motor,process_03,18,3,154,True,False,True,False,False,False,False,-1,-1
stand_motor,process_03,18,4,154,True,False,True,False,False,False,False,-1,-1
stand_motor,process_03,18,5,154,True,False,True,False,False,False,False,-1,-1
stand_motor,process_03,18,6,154,True,False,True,False,True,False,False,-1,194
stand_motor,process_03,18,7,154,True,False,True,False,False,False,False,-1,-1
stand_motor,process_03,18,8,154,True,False,True,False,False,False,False,-1,-1
stand_motor,process_03,18,9,154,True,False,True,False,False,False,False,-1,-1
stand_motor,process_03,18,10,154,True,False,True,False,False,False,False,-1,-1
stand_motor,process_03,18,11,154,True,False,True,False,True,False,False,-1,178
stand_motor,process_03,18,12,154,True,False,True,False,False,False,False,-1,-1
stand_motor,process_03,18,13,154,True,False,True,False,False,False,False,-1,-1
stand_motor,process_03,18,14,154,True,False,True,False,False,False,False,-1,-1
stand_motor,process_03,18,15,154,True,False,True,False,False,False,False,-1,-1
stand_motor,process_03,19,0,141,True,False,True,False,True,False,False,-1,176
stand_motor,process_03,19,1,141,True,False,True,False,False,False,False,-1,-1
stand_motor,process_03,19,2,141,True,False,True,True,True,False,False,312,214
stand_motor,process_03,19,3,141,True,False,True,False,False,False,False,-1,-1
stand_motor,process_03,19,4,141,True,False,True,False,True,False,False,-1,201
stand_motor,process_03,19,5,141,True,False,True,True,True,False,False,205,295
stand_motor,process_03,19,6,141,True,False,True,False,False,False,False,-1,-1
stand_motor,process_03,19,7,141,True,False,True,False,False,False,False,-1,-1
stand_motor,process_03,19,8,141,True,False,True,True,True,False,False,211,172
stand_motor,process_03,19,9,141,True,False,True,True,True,False,False,181,179
stand_motor,process_03,19,10,141,True,False,True,False,True,False,False,-1,183
stand_motor,process_03,19,11,141,True,False,True,False,True,False,False,-1,192
stand_motor,process_03,19,12,141,True,False,True,False,False,False,False,-1,-1
stand_motor,process_03,19,13,141,True,False,True,False,False,False,False,-1,-1
stand_motor,process_03,19,14,141,True,False,True,False,False,False,False,-1,-1
stand_motor,process_03,19,15,141,True,False,True,False,True,False,False,-1,184
stand_motor,process_03,20,0,100,True,True,True,True,True,False,False,149,129
stand_motor,process_03,20,1,100,True,True,True,False,True,False,False,-1,131
stand_motor,process_03,20,2,100,True,True,True,False,True,False,False,-1,136
stand_motor,process_03,20,3,100,True,True,True,False,False,False,False,-1,-1
stand_motor,process_03,20,4,100,True,True,True,False,False,False,False,-1,-1
stand_motor,process_03,20,5,100,True,True,True,False,False,False,False,-1,-1
stand_motor,process_03,20,6,100,True,True,True,False,False,False,False,-1,-1
stand_motor,process_03,20,7,100,True,True,True,False,True,False,False,-1,157
stand_motor,process_03,20,8,100,True,True,True,False,False,False,False,-1,-1
stand_motor,process_03,20,9,100,True,True,True,False,True,False,False,-1,125
stand_motor,process_03,20,10,100,True,True,True,False,True,False,False,-1,121
stand_motor,process_03,20,11,100,True,True,True,False,True,False,False,-1,190
stand_motor,process_03,20,12,100,True,True,True,False,False,False,False,-1,-1
stand_motor,process_03,20,13,100,True,True,True,False,False,False,False,-1,-1
stand_motor,process_03,20,14,100,True,True,True,False,False,False,False,-1,-1
stand_motor,process_03,20,15,100,True,True,True,False,False,False,False,-1,-1
stand_motor,process_03,21,0,132,True,False,True,False,False,False,False,-1,-1
stand_motor,process_03,21,1,132,True,False,True,False,False,False,False,-1,-1
stand_motor,process_03,21,2,132,True,False,True,False,False,False,False,-1,-1
stand_motor,process_03,21,3,132,True,False,True,False,False,False,False,-1,-1
stand_motor,process_03,21,4,132,True,False,True,False,True,False,False,-1,162
stand_motor,process_03,21,5,132,True,False,True,False,False,False,False,-1,-1
stand_motor,process_03,21,6,132,True,False,True,False,False,False,False,-1,-1
stand_motor,process_03,21,7,132,True,False,True,False,False,False,False,-1,-1
stand_motor,process_03,21,8,132,True,False,True,False,False,False,False,-1,-1
stand_motor,process_03,21,9,132,True,False,True,False,False,False,False,-1,-1
stand_motor,process_03,21,10,132,True,False,True,False,False,False,False,-1,-1
stand_motor,process_03,21,11,132,True,False,True,False,False,False,False,-1,-1
stand_motor,process_03,21,12,132,True,False,True,False,False,False,False,-1,-1
stand_motor,process_03,21,13,132,True,False,True,False,False,False,False,-1,-1
stand_motor,process_03,21,14,132,True,False,True,True,True,False,False,161,153
stand_motor,process_03,21,15,132,True,False,True,False,False,False,False,-1,-1
stand_motor,process_03,22,0,120,True,True,True,False,True,False,False,-1,173
stand_motor,process_03,22,1,120,True,True,True,False,False,False,False,-1,-1
stand_motor,process_03,22,2,120,True,True,True,False,True,False,False,-1,166
stand_motor,process_03,22,3,120,True,True,True,False,False,False,False,-1,-1
stand_motor,process_03,22,4,120,True,True,True,False,True,False,False,-1,154
stand_motor,process_03,22,5,120,True,True,True,False,False,False,False,-1,-1
stand_motor,process_03,22,6,120,True,True,True,True,True,False,False,146,145
stand_motor,process_03,22,7,120,True,True,True,False,False,False,False,-1,-1
stand_motor,process_03,22,8,120,True,True,True,True,True,False,False,145,140
stand_motor,process_03,22,9,120,True,True,True,False,False,False,False,-1,-1
stand_motor,process_03,22,10,120,True,True,True,False,False,False,False,-1,-1
stand_motor,process_03,22,11,120,True,True,True,False,True,False,False,-1,151
stand_motor,process_03,22,12,120,True,True,True,False,False,False,False,-1,-1
stand_motor,process_03,22,13,120,True,True,True,False,True,False,False,-1,142
stand_motor,process_03,22,14,120,True,True,True,True,True,False,False,139,136
stand_motor,process_03,22,15,120,True,True,True,True,True,False,False,216,144
stand_motor,process_03,23,0,125,True,False,True,False,False,False,False,-1,-1
stand_motor,process_03,23,1,125,True,False,True,False,True,False,False,-1,172
stand_motor,process_03,23,2,125,True,False,True,False,True,False,False,-1,179
stand_motor,process_03,23,3,125,True,False,True,False,True,False,False,-1,188
stand_motor,process_03,23,4,125,True,False,True,False,False,False,False,-1,-1
stand_motor,process_03,23,5,125,True,False,True,True,True,False,False,169,160
stand_motor,process_03,23,6,125,True,False,True,False,False,False,False,-1,-1
stand_motor,process_03,23,7,125,True,False,True,True,False,False,False,282,-1
stand_motor,process_03,23,8,125,True,False,True,False,True,False,False,-1,167
stand_motor,process_03,23,9,125,True,False,True,False,False,False,False,-1,-1
stand_motor,process_03,23,10,125,True,False,True,True,True,False,False,280,175
stand_motor,process_03,23,11,125,True,False,True,False,True,False,False,-1,180
stand_motor,process_03,23,12,125,True,False,True,True,True,False,False,161,143
stand_motor,process_03,23,13,125,True,False,True,False,True,False,False,-1,152
stand_motor,process_03,23,14,125,True,False,True,False,False,False,False,-1,-1
stand_motor,process_03,23,15,125,True,False,True,False,False,False,False,-1,-1
stand_motor,process_03,24,0,127,True,False,True,False,False,False,False,-1,-1
stand_motor,process_03,24,1,127,True,False,True,False,False,False,False,-1,-1
stand_motor,process_03,24,2,127,True,False,True,False,False,False,False,-1,-1
stand_motor,process_03,24,3,127,True,False,True,False,True,False,False,-1,190
stand_motor,process_03,24,4,127,True,False,True,False,False,False,False,-1,-1
stand_motor,process_03,24,5,127,True,False,True,False,True,False,False,-1,155
stand_motor,process_03,24,6,127,True,False,True,False,False,False,False,-1,-1
stand_motor,process_03,24,7,127,True,False,True,False,True,False,False,-1,162
stand_motor,process_03,24,8,127,True,False,True,False,False,False,False,-1,-1
stand_motor,process_03,24,9,127,True,False,True,False,False,False,False,-1,-1
stand_motor,process_03,24,10,127,True,False,True,False,False,False,False,-1,-1
stand_motor,process_03,24,11,127,True,False,True,False,True,False,False,-1,177
stand_motor,process_03,24,12,127,True,False,True,False,False,False,False,-1,-1
stand_motor,process_03,24,13,127,True,False,True,False,False,False,False,-1,-1
stand_motor,process_03,24,14,127,True,False,True,False,False,False,False,-1,-1
stand_motor,process_03,24,15,127,True,False,True,False,False,False,False,-1,-1
stand_motor,process_03,25,0,194,True,False,True,False,False,False,False,-1,-1
stand_motor,process_03,25,1,194,True,False,True,False,False,False,False,-1,-1
stand_motor,process_03,25,2,194,True,False,True,False,True,False,False,-1,218
stand_motor,process_03,25,3,194,True,False,True,False,True,False,False,-1,215
stand_motor,process_03,25,4,194,True,False,True,True,True,False,False,238,226
stand_motor,process_03,25,5,194,True,False,True,False,False,False,False,-1,-1
stand_motor,process_03,25,6,194,True,False,True,False,False,False,False,-1,-1
stand_motor,process_03,25,7,194,True,False,True,False,False,False,False,-1,-1
stand_motor,process_03,25,8,194,True,False,True,True,True,False,False,220,221
stand_motor,process_03,25,9,194,True,False,True,False,False,False,False,-1,-1
stand_motor,process_03,25,10,194,True,False,True,False,True,False,False,-1,272
stand_motor,process_03,25,11,194,True,False,True,True,True,False,False,221,215
stand_motor,process_03,25,12,194,True,False,True,True,False,False,False,333,-1
stand_motor,process_03,25,13,194,True,False,True,True,True,False,False,219,213
stand_motor,process_03,25,14,194,True,False,True,False,True,False,False,-1,243
stand_motor,process_03,25,15,194,True,False,True,True,True,False,False,232,218
stand_motor,process_03,26,0,191,True,False,True,False,False,False,False,-1,-1
stand_motor,process_03,26,1,191,True,False,True,False,True,False,False,-1,229
stand_motor,process_03,26,2,191,True,False,True,False,True,False,False,-1,249
stand_motor,process_03,26,3,191,True,False,True,False,True,False,False,-1,225
stand_motor,process_03,26,4,191,True,False,True,False,False,False,False,-1,-1
stand_motor,process_03,26,5,191,True,False,True,False,False,False,False,-1,-1
stand_motor,process_03,26,6,191,True,False,True,False,False,False,False,-1,-1
stand_motor,process_03,26,7,191,True,False,True,False,False,False,False,-1,-1
stand_motor,process_03,26,8,191,True,False,True,False,False,False,False,-1,-1
stand_motor,process_03,26,9,191,True,False,True,False,True,False,False,-1,243
stand_motor,process_03,26,10,191,True,False,True,False,True,False,False,-1,234
stand_motor,process_03,26,11,191,True,False,True,False,False,False,False,-1,-1
stand_motor,process_03,26,12,191,True,False,True,False,False,False,False,-1,-1
stand_motor,process_03,26,13,191,True,False,True,True,True,False,False,229,217
stand_motor,process_03,26,14,191,True,False,True,False,False,False,False,-1,-1
stand_motor,process_03,26,15,191,True,False,True,False,False,False,False,-1,-1
stand_motor,process_03,27,0,121,True,True,True,False,False,False,False,-1,-1
stand_motor,process_03,27,1,121,True,True,True,False,True,False,False,-1,169
stand_motor,process_03,27,2,121,True,True,True,True,True,False,False,147,140
stand_motor,process_03,27,3,121,True,True,True,True,True,False,False,167,147
stand_motor,process_03,27,4,121,True,True,True,True,True,False,False,168,145
stand_motor,process_03,27,5,121,True,True,True,False,False,False,False,-1,-1
stand_motor,process_03,27,6,121,True,True,True,False,False,False,False,-1,-1
stand_motor,process_03,27,7,121,True,True,True,False,True,False,False,-1,212
stand_motor,process_03,27,8,121,True,True,True,False,False,False,False,-1,-1
stand_motor,process_03,27,9,121,True,True,True,False,False,False,False,-1,-1
stand_motor,process_03,27,10,121,True,True,True,False,True,False,False,-1,153
stand_motor,process_03,27,11,121,True,True,True,False,False,False,False,-1,-1
stand_motor,process_03,27,12,121,True,True,True,False,False,False,False,-1,-1
stand_motor,process_03,27,13,121,True,True,True,True,True,False,False,144,136
stand_motor,process_03,27,14,121,True,True,True,True,True,False,False,168,141
stand_motor,process_03,27,15,121,True,True,True,False,False,False,False,-1,-1
stand_motor,process_03,28,0,196,True,False,True,False,False,False,False,-1,-1
stand_motor,process_03,28,1,196,True,False,True,False,False,False,False,-1,-1
stand_motor,process_03,28,2,196,True,False,True,False,False,False,False,-1,-1
stand_motor,process_03,28,3,196,True,False,True,False,True,False,False,-1,244
stand_motor,process_03,28,4,196,True,False,True,False,False,False,False,-1,-1
stand_motor,process_03,28,5,196,True,False,True,False,False,False,False,-1,-1
stand_motor,process_03,28,6,196,True,False,True,False,False,False,False,-1,-1
stand_motor,process_03,28,7,196,True,False,True,False,False,False,False,-1,-1
stand_motor,process_03,28,8,196,True,False,True,False,False,False,False,-1,-1
stand_motor,process_03,28,9,196,True,False,True,False,False,False,False,-1,-1
stand_motor,process_03,28,10,196,True,False,True,False,False,False,False,-1,-1
stand_motor,process_03,28,11,196,True,False,True,False,False,False,False,-1,-1
stand_motor,process_03,28,12,196,True,False,True,False,False,False,False,-1,-1
stand_motor,process_03,28,13,196,True,False,True,False,False,False,False,-1,-1
stand_motor,process_03,28,14,196,True,False,True,False,False,False,False,-1,-1
stand_motor,process_03,28,15,196,True,False,True,False,False,False,False,-1,-1
stand_motor,process_03,29,0,147,True,False,True,False,True,False,False,-1,183
stand_motor,process_03,29,1,147,True,False,True,False,False,False,False,-1,-1
stand_motor,process_03,29,2,147,True,False,True,False,False,False,False,-1,-1
stand_motor,process_03,29,3,147,True,False,True,True,True,False,False,214,181
stand_motor,process_03,29,4,147,True,False,True,False,False,False,False,-1,-1
stand_motor,process_03,29,5,147,True,False,True,False,False,False,False,-1,-1
stand_motor,process_03,29,6,147,True,False,True,False,False,False,False,-1,-1
stand_motor,process_03,29,7,147,True,False,True,False,False,False,False,-1,-1
stand_motor,process_03,29,8,147,True,False,True,False,False,False,False,-1,-1
stand_motor,process_03,29,9,147,True,False,True,False,True,False,False,-1,176
stand_motor,process_03,29,10,147,True,False,True,False,False,False,False,-1,-1
stand_motor,process_03,29,11,147,True,False,True,False,False,False,False,-1,-1
stand_motor,process_03,29,12,147,True,False,True,False,False,False,False,-1,-1
stand_motor,process_03,29,13,147,True,False,True,False,True,False,False,-1,271
stand_motor,process_03,29,14,147,True,False,True,False,False,False,False,-1,-1
stand_motor,process_03,29,15,147,True,False,True,False,False,False,False,-1,-1
stand_motor,process_03,30,0,126,True,False,True,False,True,False,False,-1,158
stand_motor,process_03,30,1,126,True,False,True,False,True,False,False,-1,155
stand_motor,process_03,30,2,126,True,False,True,False,True,False,False,-1,152
stand_motor,process_03,30,3,126,True,False,True,False,True,False,False,-1,167
stand_motor,process_03,30,4,126,True,False,True,True,True,False,False,175,163
stand_motor,process_03,30,5,126,True,False,True,False,False,False,False,-1,-1
stand_motor,process_03,30,6,126,True,False,True,False,True,False,False,-1,153
stand_motor,process_03,30,7,126,True,False,True,True,True,False,False,191,152
stand_motor,process_03,30,8,126,True,False,True,False,True,False,False,-1,243
stand_motor,process_03,30,9,126,True,False,True,True,True,False,False,164,151
stand_motor,process_03,30,10,126,True,False,True,False,True,False,False,-1,177
stand_motor,process_03,30,11,126,True,False,True,True,True,False,False,177,158
stand_motor,process_03,30,12,126,True,False,True,False,False,False,False,-1,-1
stand_motor,process_03,30,13,126,True,False,True,False,True,False,False,-1,158
stand_motor,process_03,30,14,126,True,False,True,False,True,False,False,-1,151
stand_motor,process_03,30,15,126,True,False,True,False,False,False,False,-1,-1
stand_motor,process_03,31,0,145,True,False,True,False,True,False,False,-1,183
stand_motor,process_03,31,1,145,True,False,True,False,False,False,False,-1,-1
stand_motor,process_03,31,2,145,True,False,True,False,False,False,False,-1,-1
stand_motor,process_03,31,3,145,True,False,True,False,False,False,False,-1,-1
stand_motor,process_03,31,4,145,True,False,True,False,False,False,False,-1,-1
stand_motor,process_03,31,5,145,True,False,True,False,False,False,False,-1,-1
stand_motor,process_03,31,6,145,True,False,True,False,False,False,False,-1,-1
stand_motor,process_03,31,7,145,True,False,True,False,True,False,False,-1,202
stand_motor,process_03,31,8,145,True,False,True,False,True,False,False,-1,179
stand_motor,process_03,31,9,145,True,False,True,False,True,False,False,-1,188
stand_motor,process_03,31,10,145,True,False,True,True,True,False,False,187,169
stand_motor,process_03,31,11,145,True,False,True,False,True,False,False,-1,174
stand_motor,process_03,31,12,145,True,False,True,False,False,False,False,-1,-1
stand_motor,process_03,31,13,145,True,False,True,False,False,False,False,-1,-1
stand_motor,process_03,31,14,145,True,False,True,False,False,False,False,-1,-1
stand_motor,process_03,31,15,145,True,False,True,False,False,False,False,-1,-1
stand_motor,process_03,32,0,150,False,False,False,False,False,False,False,-1,-1
stand_motor,process_03,32,1,150,False,False,False,False,False,False,False,-1,-1
stand_motor,process_03,32,2,150,False,False,False,False,False,False,False,-1,-1
stand_motor,process_03,32,3,150,False,False,False,False,False,False,False,-1,-1
stand_motor,process_03,32,4,150,False,False,False,False,False,False,False,-1,-1
stand_motor,process_03,32,5,150,False,False,False,False,False,False,False,-1,-1
stand_motor,process_03,32,6,150,False,False,False,False,False,False,False,-1,-1
stand_motor,process_03,32,7,150,False,False,False,False,False,False,False,-1,-1
stand_motor,process_03,32,8,150,False,False,False,False,False,False,False,-1,-1
stand_motor,process_03,32,9,150,False,False,False,False,False,False,False,-1,-1
stand_motor,process_03,32,10,150,False,False,False,False,False,False,False,-1,-1
stand_motor,process_03,32,11,150,False,False,False,False,False,False,False,-1,-1
stand_motor,process_03,32,12,150,False,False,False,False,False,False,False,-1,-1
stand_motor,process_03,32,13,150,False,False,False,False,False,False,False,-1,-1
stand_motor,process_03,32,14,150,False,False,False,False,False,False,False,-1,-1
stand_motor,process_03,32,15,150,False,False,False,False,False,False,False,-1,-1
stand_motor,process_03,33,0,179,False,False,False,False,False,False,False,-1,-1
stand_motor,process_03,33,1,179,False,False,False,False,False,False,False,-1,-1
stand_motor,process_03,33,2,179,False,False,False,False,False,False,False,-1,-1
stand_motor,process_03,33,3,179,False,False,False,False,False,False,False,-1,-1
stand_motor,process_03,33,4,179,False,False,False,False,False,False,False,-1,-1
stand_motor,process_03,33,5,179,False,False,False,False,False,False,False,-1,-1
stand_motor,process_03,33,6,179,False,False,False,False,False,False,False,-1,-1
stand_motor,process_03,33,7,179,False,False,False,False,False,False,False,-1,-1
stand_motor,process_03,33,8,179,False,False,False,False,False,False,False,-1,-1
stand_motor,process_03,33,9,179,False,False,False,False,False,False,False,-1,-1
stand_motor,process_03,33,10,179,False,False,False,False,False,False,False,-1,-1
stand_motor,process_03,33,11,179,False,False,False,False,False,False,False,-1,-1
stand_motor,process_03,33,12,179,False,False,False,False,False,False,False,-1,-1
stand_motor,process_03,33,13,179,False,False,False,False,False,False,False,-1,-1
stand_motor,process_03,33,14,179,False,False,False,False,False,False,False,-1,-1
stand_motor,process_03,33,15,179,False,False,False,False,False,False,False,-1,-1
stand_motor,process_03,34,0,189,False,False,False,False,False,False,False,-1,-1
stand_motor,process_03,34,1,189,False,False,False,False,False,False,False,-1,-1
stand_motor,process_03,34,2,189,False,False,False,False,False,False,False,-1,-1
stand_motor,process_03,34,3,189,False,False,False,False,False,False,False,-1,-1
stand_motor,process_03,34,4,189,False,False,False,False,False,False,False,-1,-1
stand_motor,process_03,34,5,189,False,False,False,False,False,False,False,-1,-1
stand_motor,process_03,34,6,189,False,False,False,False,False,False,False,-1,-1
stand_motor,process_03,34,7,189,False,False,False,False,False,False,False,-1,-1
stand_motor,process_03,34,8,189,False,False,False,False,False,False,False,-1,-1
stand_motor,process_03,34,9,189,False,False,False,False,False,False,False,-1,-1
stand_motor,process_03,34,10,189,False,False,False,False,False,False,False,-1,-1
stand_motor,process_03,34,11,189,False,False,False,False,False,False,False,-1,-1
stand_motor,process_03,34,12,189,False,False,False,False,False,False,False,-1,-1
stand_motor,process_03,34,13,189,False,False,False,False,False,False,False,-1,-1
stand_motor,process_03,34,14,189,False,False,False,False,False,False,False,-1,-1
stand_motor,process_03,34,15,189,False,False,False,False,False,False,False,-1,-1
stand_motor,process_03,35,0,138,False,False,False,False,False,False,False,-1,-1
stand_motor,process_03,35,1,138,False,False,False,False,False,False,False,-1,-1
stand_motor,process_03,35,2,138,False,False,False,False,False,False,False,-1,-1
stand_motor,process_03,35,3,138,False,False,False,False,False,False,False,-1,-1
stand_motor,process_03,35,4,138,False,False,False,False,False,False,False,-1,-1
stand_motor,process_03,35,5,138,False,False,False,False,False,False,False,-1,-1
stand_motor,process_03,35,6,138,False,False,False,False,False,False,False,-1,-1
stand_motor,process_03,35,7,138,False,False,False,False,False,False,False,-1,-1
stand_motor,process_03,35,8,138,False,False,False,False,False,False,False,-1,-1
stand_motor,process_03,35,9,138,False,False,False,False,False,False,False,-1,-1
stand_motor,process_03,35,10,138,False,False,False,False,False,False,False,-1,-1
stand_motor,process_03,35,11,138,False,False,False,False,False,False,False,-1,-1
stand_motor,process_03,35,12,138,False,False,False,False,False,False,False,-1,-1
stand_motor,process_03,35,13,138,False,False,False,False,False,False,False,-1,-1
stand_motor,process_03,35,14,138,False,False,False,False,False,False,False,-1,-1
stand_motor,process_03,35,15,138,False,False,False,False,False,False,False,-1,-1
stand_motor,process_03,36,0,131,False,False,False,False,False,False,False,-1,-1
stand_motor,process_03,36,1,131,False,False,False,False,False,False,False,-1,-1
stand_motor,process_03,36,2,131,False,False,False,False,False,False,False,-1,-1
stand_motor,process_03,36,3,131,False,False,False,False,False,False,False,-1,-1
stand_motor,process_03,36,4,131,False,False,False,False,False,False,False,-1,-1
stand_motor,process_03,36,5,131,False,False,False,False,False,False,False,-1,-1
stand_motor,process_03,36,6,131,False,False,False,False,False,False,False,-1,-1
stand_motor,process_03,36,7,131,False,False,False,False,False,False,False,-1,-1
stand_motor,process_03,36,8,131,False,False,False,False,False,False,False,-1,-1
stand_motor,process_03,36,9,131,False,False,False,False,False,False,False,-1,-1
stand_motor,process_03,36,10,131,False,False,False,False,False,False,False,-1,-1
stand_motor,process_03,36,11,131,False,False,False,False,False,False,False,-1,-1
stand_motor,process_03,36,12,131,False,False,False,False,False,False,False,-1,-1
stand_motor,process_03,36,13,131,False,False,False,False,False,False,False,-1,-1
stand_motor,process_03,36,14,131,False,False,False,False,False,False,False,-1,-1
stand_motor,process_03,36,15,131,False,False,False,False,False,False,False,-1,-1
stand_motor,process_03,37,0,127,False,False,False,False,False,False,False,-1,-1
stand_motor,process_03,37,1,127,False,False,False,False,False,False,False,-1,-1
stand_motor,process_03,37,2,127,False,False,False,False,False,False,False,-1,-1
stand_motor,process_03,37,3,127,False,False,False,False,False,False,False,-1,-1
stand_motor,process_03,37,4,127,False,False,False,False,False,False,False,-1,-1
stand_motor,process_03,37,5,127,False,False,False,False,False,False,False,-1,-1
stand_motor,process_03,37,6,127,False,False,False,False,False,False,False,-1,-1
stand_motor,process_03,37,7,127,False,False,False,False,False,False,False,-1,-1
stand_motor,process_03,37,8,127,False,False,False,False,False,False,False,-1,-1
stand_motor,process_03,37,9,127,False,False,False,False,False,False,False,-1,-1
stand_motor,process_03,37,10,127,False,False,False,False,False,False,False,-1,-1
stand_motor,process_03,37,11,127,False,False,False,False,False,False,False,-1,-1
stand_motor,process_03,37,12,127,False,False,False,False,False,False,False,-1,-1
stand_motor,process_03,37,13,127,False,False,False,False,False,False,False,-1,-1
stand_motor,process_03,37,14,127,False,False,False,False,False,False,False,-1,-1
stand_motor,process_03,37,15,127,False,False,False,False,False,False,False,-1,-1
stand_motor,process_03,38,0,114,False,True,False,False,False,False,False,-1,-1
stand_motor,process_03,38,1,114,False,True,False,False,False,False,False,-1,-1
stand_motor,process_03,38,2,114,False,True,False,False,False,False,False,-1,-1
stand_motor,process_03,38,3,114,False,True,False,False,False,False,False,-1,-1
stand_motor,process_03,38,4,114,False,True,False,False,False,False,False,-1,-1
stand_motor,process_03,38,5,114,False,True,False,False,False,False,False,-1,-1
stand_motor,process_03,38,6,114,False,True,False,False,False,False,False,-1,-1
stand_motor,process_03,38,7,114,False,True,False,False,False,False,False,-1,-1
stand_motor,process_03,38,8,114,False,True,False,False,False,False,False,-1,-1
stand_motor,process_03,38,9,114,False,True,False,False,False,False,False,-1,-1
stand_motor,process_03,38,10,114,False,True,False,False,False,False,False,-1,-1
stand_motor,process_03,38,11,114,False,True,False,False,False,False,False,-1,-1
stand_motor,process_03,38,12,114,False,True,False,False,False,False,False,-1,-1
stand_motor,process_03,38,13,114,False,True,False,False,False,False,False,-1,-1
stand_motor,process_03,38,14,114,False,True,False,False,False,False,False,-1,-1
stand_motor,process_03,38,15,114,False,True,False,False,False,False,False,-1,-1
stand_motor,process_03,39,0,161,False,False,False,False,False,False,False,-1,-1
stand_motor,process_03,39,1,161,False,False,False,False,False,False,False,-1,-1
stand_motor,process_03,39,2,161,False,False,False,False,False,False,False,-1,-1
stand_motor,process_03,39,3,161,False,False,False,False,False,False,False,-1,-1
stand_motor,process_03,39,4,161,False,False,False,False,False,False,False,-1,-1
stand_motor,process_03,39,5,161,False,False,False,False,False,False,False,-1,-1
stand_motor,process_03,39,6,161,False,False,False,False,False,False,False,-1,-1
stand_motor,process_03,39,7,161,False,False,False,False,False,False,False,-1,-1
stand_motor,process_03,39,8,161,False,False,False,False,False,False,False,-1,-1
stand_motor,process_03,39,9,161,False,False,False,False,False,False,False,-1,-1
stand_motor,process_03,39,10,161,False,False,False,False,False,False,False,-1,-1
stand_motor,process_03,39,11,161,False,False,False,False,False,False,False,-1,-1
stand_motor,process_03,39,12,161,False,False,False,False,False,False,False,-1,-1
stand_motor,process_03,39,13,161,False,False,False,False,False,False,False,-1,-1
stand_motor,process_03,39,14,161,False,False,False,False,False,False,False,-1,-1
stand_motor,process_03,39,15,161,False,False,False,False,False,False,False,-1,-1
stand_motor,process_03,40,0,144,False,False,False,False,False,False,False,-1,-1
stand_motor,process_03,40,1,144,False,False,False,False,False,False,False,-1,-1
stand_motor,process_03,40,2,144,False,False,False,False,False,False,False,-1,-1
stand_motor,process_03,40,3,144,False,False,False,False,False,False,False,-1,-1
stand_motor,process_03,40,4,144,False,False,False,False,False,False,False,-1,-1
stand_motor,process_03,40,5,144,False,False,False,False,False,False,False,-1,-1
stand_motor,process_03,40,6,144,False,False,False,False,False,False,False,-1,-1
stand_motor,process_03,40,7,144,False,False,False,False,False,False,False,-1,-1
stand_motor,process_03,40,8,144,False,False,False,False,False,False,False,-1,-1
stand_motor,process_03,40,9,144,False,False,False,False,False,False,False,-1,-1
stand_motor,process_03,40,10,144,False,False,False,False,False,False,False,-1,-1
stand_motor,process_03,40,11,144,False,False,False,False,False,False,False,-1,-1
stand_motor,process_03,40,12,144,False,False,False,False,False,False,False,-1,-1
stand_motor,process_03,40,13,144,False,False,False,False,False,False,False,-1,-1
stand_motor,process_03,40,14,144,False,False,False,False,False,False,False,-1,-1
stand_motor,process_03,40,15,144,False,False,False,True,True,False,False,202,190
stand_motor,process_03,41,0,107,False,True,False,False,False,False,False,-1,-1
stand_motor,process_03,41,1,107,False,True,False,False,False,False,False,-1,-1
stand_motor,process_03,41,2,107,False,True,False,False,False,False,False,-1,-1
stand_motor,process_03,41,3,107,False,True,False,False,False,False,False,-1,-1
stand_motor,process_03,41,4,107,False,True,False,False,False,False,False,-1,-1
stand_motor,process_03,41,5,107,False,True,False,False,False,False,False,-1,-1
stand_motor,process_03,41,6,107,False,True,False,False,False,False,False,-1,-1
stand_motor,process_03,41,7,107,False,True,False,False,False,False,False,-1,-1
stand_motor,process_03,41,8,107,False,True,False,False,False,False,False,-1,-1
stand_motor,process_03,41,9,107,False,True,False,False,False,False,False,-1,-1
stand_motor,process_03,41,10,107,False,True,False,False,False,False,False,-1,-1
stand_motor,process_03,41,11,107,False,True,False,False,False,False,False,-1,-1
stand_motor,process_03,41,12,107,False,True,False,True,True,False,False,111,111
stand_motor,process_03,41,13,107,False,True,False,False,False,False,False,-1,-1
stand_motor,process_03,41,14,107,False,True,False,False,False,False,False,-1,-1
stand_motor,process_03,41,15,107,False,True,False,False,False,False,False,-1,-1
stand_motor,process_03,42,0,156,False,False,False,False,False,False,False,-1,-1
stand_motor,process_03,42,1,156,False,False,False,False,False,False,False,-1,-1
stand_motor,process_03,42,2,156,False,False,False,False,False,False,False,-1,-1
stand_motor,process_03,42,3,156,False,False,False,False,False,False,False,-1,-1
stand_motor,process_03,42,4,156,False,False,False,False,False,False,False,-1,-1
stand_motor,process_03,42,5,156,False,False,False,False,False,False,False,-1,-1
stand_motor,process_03,42,6,156,False,False,False,False,False,False,False,-1,-1
stand_motor,process_03,42,7,156,False,False,False,False,False,False,False,-1,-1
stand_motor,process_03,42,8,156,False,False,False,False,False,False,False,-1,-1
stand_motor,process_03,42,9,156,False,False,False,False,False,False,False,-1,-1
stand_motor,process_03,42,10,156,False,False,False,False,False,False,False,-1,-1
stand_motor,process_03,42,11,156,False,False,False,False,False,False,False,-1,-1
stand_motor,process_03,42,12,156,False,False,False,False,False,False,False,-1,-1
stand_motor,process_03,42,13,156,False,False,False,False,False,False,False,-1,-1
stand_motor,process_03,42,14,156,False,False,False,False,False,False,False,-1,-1
stand_motor,process_03,42,15,156,False,False,False,False,False,False,False,-1,-1
stand_motor,process_03,43,0,104,False,True,False,False,False,False,False,-1,-1
stand_motor,process_03,43,1,104,False,True,False,False,False,False,False,-1,-1
stand_motor,process_03,43,2,104,False,True,False,False,False,False,False,-1,-1
stand_motor,process_03,43,3,104,False,True,False,False,False,False,False,-1,-1
stand_motor,process_03,43,4,104,False,True,False,False,False,False,False,-1,-1
stand_motor,process_03,43,5,104,False,True,False,False,False,False,False,-1,-1
stand_motor,process_03,43,6,104,False,True,False,False,False,False,False,-1,-1
stand_motor,process_03,43,7,104,False,True,False,False,False,False,False,-1,-1
stand_motor,process_03,43,8,104,False,True,False,False,False,False,False,-1,-1
stand_motor,process_03,43,9,104,False,True,False,False,False,False,False,-1,-1
stand_motor,process_03,43,10,104,False,True,False,False,False,False,False,-1,-1
stand_motor,process_03,43,11,104,False,True,False,False,False,False,False,-1,-1
stand_motor,process_03,43,12,104,False,True,False,False,False,False,False,-1,-1
stand_motor,process_03,43,13,104,False,True,False,False,False,False,False,-1,-1
stand_motor,process_03,43,14,104,False,True,False,False,False,False,False,-1,-1
stand_motor,process_03,43,15,104,False,True,False,False,False,False,False,-1,-1
stand_motor,process_03,44,0,100,False,True,False,False,False,False,False,-1,-1
stand_motor,process_03,44,1,100,False,True,False,False,False,False,False,-1,-1
stand_motor,process_03,44,2,100,False,True,False,False,False,False,False,-1,-1
stand_motor,process_03,44,3,100,False,True,False,False,False,False,False,-1,-1
stand_motor,process_03,44,4,100,False,True,False,False,False,False,False,-1,-1
stand_motor,process_03,44,5,100,False,True,False,False,False,False,False,-1,-1
stand_motor,process_03,44,6,100,False,True,False,False,False,False,False,-1,-1
stand_motor,process_03,44,7,100,False,True,False,False,False,False,False,-1,-1
stand_motor,process_03,44,8,100,False,True,False,False,False,False,False,-1,-1
stand_motor,process_03,44,9,100,False,True,False,False,False,False,False,-1,-1
stand_motor,process_03,44,10,100,False,True,False,False,False,False,False,-1,-1
stand_motor,process_03,44,11,100,False,True,False,False,False,False,False,-1,-1
stand_motor,process_03,44,12,100,False,True,False,False,False,False,False,-1,-1
stand_motor,process_03,44,13,100,False,True,False,False,False,False,False,-1,-1
stand_motor,process_03,44,14,100,False,True,False,False,False,False,False,-1,-1
stand_motor,process_03,44,15,100,False,True,False,False,False,False,False,-1,-1
stand_motor,process_03,45,0,119,False,True,False,False,False,False,False,-1,-1
stand_motor,process_03,45,1,119,False,True,False,False,False,False,False,-1,-1
stand_motor,process_03,45,2,119,False,True,False,False,False,False,False,-1,-1
stand_motor,process_03,45,3,119,False,True,False,False,False,False,False,-1,-1
stand_motor,process_03,45,4,119,False,True,False,False,False,False,False,-1,-1
stand_motor,process_03,45,5,119,False,True,False,False,False,False,False,-1,-1
stand_motor,process_03,45,6,119,False,True,False,False,False,False,False,-1,-1
stand_motor,process_03,45,7,119,False,True,False,False,False,False,False,-1,-1
stand_motor,process_03,45,8,119,False,True,False,False,False,False,False,-1,-1
stand_motor,process_03,45,9,119,False,True,False,False,False,False,False,-1,-1
stand_motor,process_03,45,10,119,False,True,False,False,False,False,False,-1,-1
stand_motor,process_03,45,11,119,False,True,False,False,False,False,False,-1,-1
stand_motor,process_03,45,12,119,False,True,False,False,False,False,False,-1,-1
stand_motor,process_03,45,13,119,False,True,False,False,False,False,False,-1,-1
stand_motor,process_03,45,14,119,False,True,False,False,False,False,False,-1,-1
stand_motor,process_03,45,15,119,False,True,False,False,False,False,False,-1,-1
stand_motor,process_03,46,0,134,False,False,False,False,False,False,False,-1,-1
stand_motor,process_03,46,1,134,False,False,False,False,False,False,False,-1,-1
stand_motor,process_03,46,2,134,False,False,False,False,False,False,False,-1,-1
stand_motor,process_03,46,3,134,False,False,False,False,False,False,False,-1,-1
stand_motor,process_03,46,4,134,False,False,False,False,False,False,False,-1,-1
stand_motor,process_03,46,5,134,False,False,False,False,False,False,False,-1,-1
stand_motor,process_03,46,6,134,False,False,False,False,False,False,False,-1,-1
stand_motor,process_03,46,7,134,False,False,False,False,False,False,False,-1,-1
stand_motor,process_03,46,8,134,False,False,False,False,False,False,False,-1,-1
stand_motor,process_03,46,9,134,False,False,False,False,False,False,False,-1,-1
stand_motor,process_03,46,10,134,False,False,False,False,False,False,False,-1,-1
stand_motor,process_03,46,11,134,False,False,False,False,False,False,False,-1,-1
stand_motor,process_03,46,12,134,False,False,False,False,False,False,False,-1,-1
stand_motor,process_03,46,13,134,False,False,False,False,False,False,False,-1,-1
stand_motor,process_03,46,14,134,False,False,False,False,False,False,False,-1,-1
stand_motor,process_03,46,15,134,False,False,False,False,False,False,False,-1,-1
stand_motor,process_03,47,0,174,False,False,False,False,False,False,False,-1,-1
stand_motor,process_03,47,1,174,False,False,False,False,False,False,False,-1,-1
stand_motor,process_03,47,2,174,False,False,False,False,False,False,False,-1,-1
stand_motor,process_03,47,3,174,False,False,False,False,False,False,False,-1,-1
stand_motor,process_03,47,4,174,False,False,False,False,False,False,False,-1,-1
stand_motor,process_03,47,5,174,False,False,False,False,False,False,False,-1,-1
stand_motor,process_03,47,6,174,False,False,False,False,False,False,False,-1,-1
stand_motor,process_03,47,7,174,False,False,False,False,False,False,False,-1,-1
stand_motor,process_03,47,8,174,False,False,False,False,False,False,False,-1,-1
stand_motor,process_03,47,9,174,False,False,False,False,False,False,False,-1,-1
stand_motor,process_03,47,10,174,False,False,False,False,False,False,False,-1,-1
stand_motor,process_03,47,11,174,False,False,False,False,False,False,False,-1,-1
stand_motor,process_03,47,12,174,False,False,False,False,False,False,False,-1,-1
stand_motor,process_03,47,13,174,False,False,False,False,False,False,False,-1,-1
stand_motor,process_03,47,14,174,False,False,False,False,False,False,False,-1,-1
stand_motor,process_03,47,15,174,False,False,False,False,False,False,False,-1,-1
stand_obs,process_03,0,0,175,True,False,True,False,False,False,False,-1,-1
stand_obs,process_03,0,1,175,True,False,True,False,False,False,False,-1,-1
stand_obs,process_03,0,2,175,True,False,True,False,False,False,False,-1,-1
stand_obs,process_03,0,3,175,True,False,True,False,False,False,False,-1,-1
stand_obs,process_03,0,4,175,True,False,True,False,False,False,False,-1,-1
stand_obs,process_03,0,5,175,True,False,True,False,False,False,False,-1,-1
stand_obs,process_03,0,6,175,True,False,True,False,False,False,False,-1,-1
stand_obs,process_03,0,7,175,True,False,True,False,False,False,False,-1,-1
stand_obs,process_03,0,8,175,True,False,True,False,False,False,False,-1,-1
stand_obs,process_03,0,9,175,True,False,True,True,False,False,False,403,-1
stand_obs,process_03,0,10,175,True,False,True,False,False,False,False,-1,-1
stand_obs,process_03,0,11,175,True,False,True,False,False,False,False,-1,-1
stand_obs,process_03,0,12,175,True,False,True,False,False,False,False,-1,-1
stand_obs,process_03,0,13,175,True,False,True,False,False,False,False,-1,-1
stand_obs,process_03,0,14,175,True,False,True,False,False,False,False,-1,-1
stand_obs,process_03,0,15,175,True,False,True,False,False,False,False,-1,-1
stand_obs,process_03,1,0,131,True,False,True,False,False,False,False,-1,-1
stand_obs,process_03,1,1,131,True,False,True,False,False,False,False,-1,-1
stand_obs,process_03,1,2,131,True,False,True,False,False,False,False,-1,-1
stand_obs,process_03,1,3,131,True,False,True,False,False,False,False,-1,-1
stand_obs,process_03,1,4,131,True,False,True,False,False,False,False,-1,-1
stand_obs,process_03,1,5,131,True,False,True,True,False,False,False,261,-1
stand_obs,process_03,1,6,131,True,False,True,False,False,False,False,-1,-1
stand_obs,process_03,1,7,131,True,False,True,False,False,False,False,-1,-1
stand_obs,process_03,1,8,131,True,False,True,False,False,False,False,-1,-1
stand_obs,process_03,1,9,131,True,False,True,False,False,False,False,-1,-1
stand_obs,process_03,1,10,131,True,False,True,False,False,False,False,-1,-1
stand_obs,process_03,1,11,131,True,False,True,False,False,False,False,-1,-1
stand_obs,process_03,1,12,131,True,False,True,False,False,False,False,-1,-1
stand_obs,process_03,1,13,131,True,False,True,False,False,False,False,-1,-1
stand_obs,process_03,1,14,131,True,False,True,False,False,False,False,-1,-1
stand_obs,process_03,1,15,131,True,False,True,False,False,False,False,-1,-1
stand_obs,process_03,2,0,151,True,False,True,False,False,False,False,-1,-1
stand_obs,process_03,2,1,151,True,False,True,True,False,False,False,399,-1
stand_obs,process_03,2,2,151,True,False,True,False,False,False,False,-1,-1
stand_obs,process_03,2,3,151,True,False,True,False,False,False,False,-1,-1
stand_obs,process_03,2,4,151,True,False,True,False,False,False,False,-1,-1
stand_obs,process_03,2,5,151,True,False,True,False,False,False,False,-1,-1
stand_obs,process_03,2,6,151,True,False,True,False,False,False,False,-1,-1
stand_obs,process_03,2,7,151,True,False,True,True,False,False,False,406,-1
stand_obs,process_03,2,8,151,True,False,True,False,False,False,False,-1,-1
stand_obs,process_03,2,9,151,True,False,True,False,False,False,False,-1,-1
stand_obs,process_03,2,10,151,True,False,True,False,False,False,False,-1,-1
stand_obs,process_03,2,11,151,True,False,True,False,False,False,False,-1,-1
stand_obs,process_03,2,12,151,True,False,True,False,False,False,False,-1,-1
stand_obs,process_03,2,13,151,True,False,True,False,False,False,False,-1,-1
stand_obs,process_03,2,14,151,True,False,True,False,False,False,False,-1,-1
stand_obs,process_03,2,15,151,True,False,True,False,False,False,False,-1,-1
stand_obs,process_03,3,0,112,True,True,True,False,False,False,False,-1,-1
stand_obs,process_03,3,1,112,True,True,True,False,False,False,False,-1,-1
stand_obs,process_03,3,2,112,True,True,True,False,False,False,False,-1,-1
stand_obs,process_03,3,3,112,True,True,True,False,False,False,False,-1,-1
stand_obs,process_03,3,4,112,True,True,True,False,False,False,False,-1,-1
stand_obs,process_03,3,5,112,True,True,True,False,False,False,False,-1,-1
stand_obs,process_03,3,6,112,True,True,True,True,False,False,False,363,-1
stand_obs,process_03,3,7,112,True,True,True,False,False,False,False,-1,-1
stand_obs,process_03,3,8,112,True,True,True,True,False,False,False,456,-1
stand_obs,process_03,3,9,112,True,True,True,False,False,False,False,-1,-1
stand_obs,process_03,3,10,112,True,True,True,False,False,False,False,-1,-1
stand_obs,process_03,3,11,112,True,True,True,False,False,False,False,-1,-1
stand_obs,process_03,3,12,112,True,True,True,False,False,False,False,-1,-1
stand_obs,process_03,3,13,112,True,True,True,False,False,False,False,-1,-1
stand_obs,process_03,3,14,112,True,True,True,False,False,False,False,-1,-1
stand_obs,process_03,3,15,112,True,True,True,False,False,False,False,-1,-1
stand_obs,process_03,4,0,162,True,False,True,False,False,False,False,-1,-1
stand_obs,process_03,4,1,162,True,False,True,True,False,False,False,369,-1
stand_obs,process_03,4,2,162,True,False,True,False,False,False,False,-1,-1
stand_obs,process_03,4,3,162,True,False,True,False,False,False,False,-1,-1
stand_obs,process_03,4,4,162,True,False,True,False,False,False,False,-1,-1
stand_obs,process_03,4,5,162,True,False,True,False,False,False,False,-1,-1
stand_obs,process_03,4,6,162,True,False,True,True,True,False,False,175,174
stand_obs,process_03,4,7,162,True,False,True,False,False,False,False,-1,-1
stand_obs,process_03,4,8,162,True,False,True,False,False,False,False,-1,-1
stand_obs,process_03,4,9,162,True,False,True,False,False,False,False,-1,-1
stand_obs,process_03,4,10,162,True,False,True,False,False,False,False,-1,-1
stand_obs,process_03,4,11,162,True,False,True,False,False,False,False,-1,-1
stand_obs,process_03,4,12,162,True,False,True,False,False,False,False,-1,-1
stand_obs,process_03,4,13,162,True,False,True,False,False,False,False,-1,-1
stand_obs,process_03,4,14,162,True,False,True,True,False,False,False,248,-1
stand_obs,process_03,4,15,162,True,False,True,False,False,False,False,-1,-1
stand_obs,process_03,5,0,108,True,True,True,False,False,False,False,-1,-1
stand_obs,process_03,5,1,108,True,True,True,False,False,False,False,-1,-1
stand_obs,process_03,5,2,108,True,True,True,True,False,False,False,196,-1
stand_obs,process_03,5,3,108,True,True,True,False,False,False,False,-1,-1
stand_obs,process_03,5,4,108,True,True,True,True,False,False,False,190,-1
stand_obs,process_03,5,5,108,True,True,True,False,False,False,False,-1,-1
stand_obs,process_03,5,6,108,True,True,True,False,False,False,False,-1,-1
stand_obs,process_03,5,7,108,True,True,True,True,False,False,False,170,-1
stand_obs,process_03,5,8,108,True,True,True,False,False,False,False,-1,-1
stand_obs,process_03,5,9,108,True,True,True,False,False,False,False,-1,-1
stand_obs,process_03,5,10,108,True,True,True,False,False,False,False,-1,-1
stand_obs,process_03,5,11,108,True,True,True,True,False,False,False,439,-1
stand_obs,process_03,5,12,108,True,True,True,False,False,False,False,-1,-1
stand_obs,process_03,5,13,108,True,True,True,False,False,False,False,-1,-1
stand_obs,process_03,5,14,108,True,True,True,True,False,False,False,122,-1
stand_obs,process_03,5,15,108,True,True,True,False,False,False,False,-1,-1
stand_obs,process_03,6,0,139,True,False,True,False,False,False,False,-1,-1
stand_obs,process_03,6,1,139,True,False,True,False,False,False,False,-1,-1
stand_obs,process_03,6,2,139,True,False,True,False,False,False,False,-1,-1
stand_obs,process_03,6,3,139,True,False,True,False,False,False,False,-1,-1
stand_obs,process_03,6,4,139,True,False,True,False,False,False,False,-1,-1
stand_obs,process_03,6,5,139,True,False,True,False,False,False,False,-1,-1
stand_obs,process_03,6,6,139,True,False,True,False,False,False,False,-1,-1
stand_obs,process_03,6,7,139,True,False,True,True,False,False,False,443,-1
stand_obs,process_03,6,8,139,True,False,True,True,False,False,False,243,-1
stand_obs,process_03,6,9,139,True,False,True,False,False,False,False,-1,-1
stand_obs,process_03,6,10,139,True,False,True,False,False,False,False,-1,-1
stand_obs,process_03,6,11,139,True,False,True,False,False,False,False,-1,-1
stand_obs,process_03,6,12,139,True,False,True,False,False,False,False,-1,-1
stand_obs,process_03,6,13,139,True,False,True,False,False,False,False,-1,-1
stand_obs,process_03,6,14,139,True,False,True,False,True,False,False,-1,225
stand_obs,process_03,6,15,139,True,False,True,True,False,False,False,318,-1
stand_obs,process_03,7,0,171,True,False,True,False,False,False,False,-1,-1
stand_obs,process_03,7,1,171,True,False,True,False,False,False,False,-1,-1
stand_obs,process_03,7,2,171,True,False,True,False,False,False,False,-1,-1
stand_obs,process_03,7,3,171,True,False,True,True,False,False,False,265,-1
stand_obs,process_03,7,4,171,True,False,True,False,False,False,False,-1,-1
stand_obs,process_03,7,5,171,True,False,True,False,False,False,False,-1,-1
stand_obs,process_03,7,6,171,True,False,True,False,False,False,False,-1,-1
stand_obs,process_03,7,7,171,True,False,True,False,False,False,False,-1,-1
stand_obs,process_03,7,8,171,True,False,True,False,False,False,False,-1,-1
stand_obs,process_03,7,9,171,True,False,True,False,False,False,False,-1,-1
stand_obs,process_03,7,10,171,True,False,True,False,False,False,False,-1,-1
stand_obs,process_03,7,11,171,True,False,True,False,False,False,False,-1,-1
stand_obs,process_03,7,12,171,True,False,True,False,False,False,False,-1,-1
stand_obs,process_03,7,13,171,True,False,True,False,False,False,False,-1,-1
stand_obs,process_03,7,14,171,True,False,True,False,False,False,False,-1,-1
stand_obs,process_03,7,15,171,True,False,True,False,False,False,False,-1,-1
stand_obs,process_03,8,0,192,True,False,True,False,False,False,False,-1,-1
stand_obs,process_03,8,1,192,True,False,True,False,False,False,False,-1,-1
stand_obs,process_03,8,2,192,True,False,True,False,False,False,False,-1,-1
stand_obs,process_03,8,3,192,True,False,True,False,False,False,False,-1,-1
stand_obs,process_03,8,4,192,True,False,True,False,False,False,False,-1,-1
stand_obs,process_03,8,5,192,True,False,True,False,False,False,False,-1,-1
stand_obs,process_03,8,6,192,True,False,True,False,False,False,False,-1,-1
stand_obs,process_03,8,7,192,True,False,True,False,False,False,False,-1,-1
stand_obs,process_03,8,8,192,True,False,True,False,False,False,False,-1,-1
stand_obs,process_03,8,9,192,True,False,True,False,False,False,False,-1,-1
stand_obs,process_03,8,10,192,True,False,True,False,False,False,False,-1,-1
stand_obs,process_03,8,11,192,True,False,True,False,False,False,False,-1,-1
stand_obs,process_03,8,12,192,True,False,True,False,False,False,False,-1,-1
stand_obs,process_03,8,13,192,True,False,True,False,False,False,False,-1,-1
stand_obs,process_03,8,14,192,True,False,True,False,False,False,False,-1,-1
stand_obs,process_03,8,15,192,True,False,True,False,False,False,False,-1,-1
stand_obs,process_03,9,0,120,True,True,True,False,False,False,False,-1,-1
stand_obs,process_03,9,1,120,True,True,True,False,False,False,False,-1,-1
stand_obs,process_03,9,2,120,True,True,True,False,False,False,False,-1,-1
stand_obs,process_03,9,3,120,True,True,True,False,False,False,False,-1,-1
stand_obs,process_03,9,4,120,True,True,True,False,False,False,False,-1,-1
stand_obs,process_03,9,5,120,True,True,True,False,False,False,False,-1,-1
stand_obs,process_03,9,6,120,True,True,True,False,False,False,False,-1,-1
stand_obs,process_03,9,7,120,True,True,True,False,False,False,False,-1,-1
stand_obs,process_03,9,8,120,True,True,True,False,False,False,False,-1,-1
stand_obs,process_03,9,9,120,True,True,True,True,False,False,False,197,-1
stand_obs,process_03,9,10,120,True,True,True,False,False,False,False,-1,-1
stand_obs,process_03,9,11,120,True,True,True,False,False,False,False,-1,-1
stand_obs,process_03,9,12,120,True,True,True,False,False,False,False,-1,-1
stand_obs,process_03,9,13,120,True,True,True,False,False,False,False,-1,-1
stand_obs,process_03,9,14,120,True,True,True,False,False,False,False,-1,-1
stand_obs,process_03,9,15,120,True,True,True,False,False,False,False,-1,-1
stand_obs,process_03,10,0,199,True,False,True,False,False,False,False,-1,-1
stand_obs,process_03,10,1,199,True,False,True,False,False,False,False,-1,-1
stand_obs,process_03,10,2,199,True,False,True,False,False,False,False,-1,-1
stand_obs,process_03,10,3,199,True,False,True,False,False,False,False,-1,-1
stand_obs,process_03,10,4,199,True,False,True,False,False,False,False,-1,-1
stand_obs,process_03,10,5,199,True,False,True,False,False,False,False,-1,-1
stand_obs,process_03,10,6,199,True,False,True,False,False,False,False,-1,-1
stand_obs,process_03,10,7,199,True,False,True,False,False,False,False,-1,-1
stand_obs,process_03,10,8,199,True,False,True,False,False,False,False,-1,-1
stand_obs,process_03,10,9,199,True,False,True,False,False,False,False,-1,-1
stand_obs,process_03,10,10,199,True,False,True,False,False,False,False,-1,-1
stand_obs,process_03,10,11,199,True,False,True,True,False,False,False,307,-1
stand_obs,process_03,10,12,199,True,False,True,False,False,False,False,-1,-1
stand_obs,process_03,10,13,199,True,False,True,False,False,False,False,-1,-1
stand_obs,process_03,10,14,199,True,False,True,False,False,False,False,-1,-1
stand_obs,process_03,10,15,199,True,False,True,False,False,False,False,-1,-1
stand_obs,process_03,11,0,134,True,False,True,False,False,False,False,-1,-1
stand_obs,process_03,11,1,134,True,False,True,True,False,False,False,375,-1
stand_obs,process_03,11,2,134,True,False,True,False,False,False,False,-1,-1
stand_obs,process_03,11,3,134,True,False,True,False,False,False,False,-1,-1
stand_obs,process_03,11,4,134,True,False,True,False,False,False,False,-1,-1
stand_obs,process_03,11,5,134,True,False,True,False,False,False,False,-1,-1
stand_obs,process_03,11,6,134,True,False,True,True,False,False,False,372,-1
stand_obs,process_03,11,7,134,True,False,True,False,False,False,False,-1,-1
stand_obs,process_03,11,8,134,True,False,True,False,False,False,False,-1,-1
stand_obs,process_03,11,9,134,True,False,True,False,False,False,False,-1,-1
stand_obs,process_03,11,10,134,True,False,True,False,False,False,False,-1,-1
stand_obs,process_03,11,11,134,True,False,True,False,False,False,False,-1,-1
stand_obs,process_03,11,12,134,True,False,True,False,False,False,False,-1,-1
stand_obs,process_03,11,13,134,True,False,True,False,False,False,False,-1,-1
stand_obs,process_03,11,14,134,True,False,True,False,False,False,False,-1,-1
stand_obs,process_03,11,15,134,True,False,True,True,False,False,False,212,-1
stand_obs,process_03,12,0,138,True,False,True,False,False,False,False,-1,-1
stand_obs,process_03,12,1,138,True,False,True,True,False,False,False,286,-1
stand_obs,process_03,12,2,138,True,False,True,False,False,False,False,-1,-1
stand_obs,process_03,12,3,138,True,False,True,False,False,False,False,-1,-1
stand_obs,process_03,12,4,138,True,False,True,False,False,False,False,-1,-1
stand_obs,process_03,12,5,138,True,False,True,False,False,False,False,-1,-1
stand_obs,process_03,12,6,138,True,False,True,False,False,False,False,-1,-1
stand_obs,process_03,12,7,138,True,False,True,True,False,False,False,270,-1
stand_obs,process_03,12,8,138,True,False,True,True,False,False,False,389,-1
stand_obs,process_03,12,9,138,True,False,True,False,False,False,False,-1,-1
stand_obs,process_03,12,10,138,True,False,True,False,False,False,False,-1,-1
stand_obs,process_03,12,11,138,True,False,True,False,False,False,False,-1,-1
stand_obs,process_03,12,12,138,True,False,True,False,False,False,False,-1,-1
stand_obs,process_03,12,13,138,True,False,True,False,False,False,False,-1,-1
stand_obs,process_03,12,14,138,True,False,True,False,False,False,False,-1,-1
stand_obs,process_03,12,15,138,True,False,True,False,False,False,False,-1,-1
stand_obs,process_03,13,0,133,True,False,True,False,False,False,False,-1,-1
stand_obs,process_03,13,1,133,True,False,True,False,False,False,False,-1,-1
stand_obs,process_03,13,2,133,True,False,False,False,False,True,True,124,124
stand_obs,process_03,13,3,133,True,False,True,False,False,False,False,-1,-1
stand_obs,process_03,13,4,133,True,False,True,False,False,False,False,-1,-1
stand_obs,process_03,13,5,133,True,False,True,False,False,False,False,-1,-1
stand_obs,process_03,13,6,133,True,False,True,False,False,False,False,-1,-1
stand_obs,process_03,13,7,133,True,False,True,False,False,False,False,-1,-1
stand_obs,process_03,13,8,133,True,False,True,False,False,False,False,-1,-1
stand_obs,process_03,13,9,133,True,False,True,False,False,False,False,-1,-1
stand_obs,process_03,13,10,133,True,False,True,False,False,False,False,-1,-1
stand_obs,process_03,13,11,133,True,False,True,False,False,False,False,-1,-1
stand_obs,process_03,13,12,133,True,False,True,False,False,False,False,-1,-1
stand_obs,process_03,13,13,133,True,False,True,False,False,False,False,-1,-1
stand_obs,process_03,13,14,133,True,False,True,False,False,False,False,-1,-1
stand_obs,process_03,13,15,133,True,False,True,False,False,False,False,-1,-1
stand_obs,process_03,14,0,200,True,False,True,False,False,False,False,-1,-1
stand_obs,process_03,14,1,200,True,False,False,False,False,True,True,158,158
stand_obs,process_03,14,2,200,True,False,True,False,False,False,False,-1,-1
stand_obs,process_03,14,3,200,True,False,True,False,False,False,False,-1,-1
stand_obs,process_03,14,4,200,True,False,True,False,False,False,False,-1,-1
stand_obs,process_03,14,5,200,True,False,True,False,False,False,False,-1,-1
stand_obs,process_03,14,6,200,True,False,True,False,False,False,False,-1,-1
stand_obs,process_03,14,7,200,True,False,True,True,False,False,False,278,-1
stand_obs,process_03,14,8,200,True,False,True,True,False,False,False,294,-1
stand_obs,process_03,14,9,200,True,False,True,False,False,False,False,-1,-1
stand_obs,process_03,14,10,200,True,False,True,False,False,False,False,-1,-1
stand_obs,process_03,14,11,200,True,False,True,False,False,False,False,-1,-1
stand_obs,process_03,14,12,200,True,False,True,False,False,False,False,-1,-1
stand_obs,process_03,14,13,200,True,False,True,False,False,False,False,-1,-1
stand_obs,process_03,14,14,200,True,False,True,False,False,False,False,-1,-1
stand_obs,process_03,14,15,200,True,False,True,False,False,False,False,-1,-1
stand_obs,process_03,15,0,138,True,False,True,False,False,False,False,-1,-1
stand_obs,process_03,15,1,138,True,False,True,False,False,False,False,-1,-1
stand_obs,process_03,15,2,138,True,False,True,False,False,False,False,-1,-1
stand_obs,process_03,15,3,138,True,False,True,False,False,False,False,-1,-1
stand_obs,process_03,15,4,138,True,False,True,True,False,False,False,338,-1
stand_obs,process_03,15,5,138,True,False,True,True,False,False,False,309,-1
stand_obs,process_03,15,6,138,True,False,True,False,False,False,False,-1,-1
stand_obs,process_03,15,7,138,True,False,True,False,False,False,False,-1,-1
stand_obs,process_03,15,8,138,True,False,True,False,False,False,False,-1,-1
stand_obs,process_03,15,9,138,True,False,True,False,False,False,False,-1,-1
stand_obs,process_03,15,10,138,True,False,True,False,False,False,False,-1,-1
stand_obs,process_03,15,11,138,True,False,True,False,False,False,False,-1,-1
stand_obs,process_03,15,12,138,True,False,True,False,False,False,False,-1,-1
stand_obs,process_03,15,13,138,True,False,True,False,False,False,False,-1,-1
stand_obs,process_03,15,14,138,True,False,True,False,False,False,False,-1,-1
stand_obs,process_03,15,15,138,True,False,True,False,False,False,False,-1,-1
stand_obs,process_03,16,0,199,True,False,True,True,False,False,False,472,-1
stand_obs,process_03,16,1,199,True,False,True,False,False,False,False,-1,-1
stand_obs,process_03,16,2,199,True,False,True,False,False,False,False,-1,-1
stand_obs,process_03,16,3,199,True,False,True,False,False,False,False,-1,-1
stand_obs,process_03,16,4,199,True,False,True,False,False,False,False,-1,-1
stand_obs,process_03,16,5,199,True,False,True,False,False,False,False,-1,-1
stand_obs,process_03,16,6,199,True,False,True,False,False,False,False,-1,-1
stand_obs,process_03,16,7,199,True,False,True,False,False,False,False,-1,-1
stand_obs,process_03,16,8,199,True,False,True,False,False,False,False,-1,-1
stand_obs,process_03,16,9,199,True,False,True,False,False,False,False,-1,-1
stand_obs,process_03,16,10,199,True,False,True,False,False,False,False,-1,-1
stand_obs,process_03,16,11,199,True,False,True,False,False,False,False,-1,-1
stand_obs,process_03,16,12,199,True,False,True,False,False,False,False,-1,-1
stand_obs,process_03,16,13,199,True,False,True,False,False,False,False,-1,-1
stand_obs,process_03,16,14,199,True,False,True,False,False,False,False,-1,-1
stand_obs,process_03,16,15,199,True,False,True,False,False,False,False,-1,-1
stand_obs,process_03,17,0,176,True,False,True,False,False,False,False,-1,-1
stand_obs,process_03,17,1,176,True,False,True,False,False,False,False,-1,-1
stand_obs,process_03,17,2,176,True,False,True,False,False,False,False,-1,-1
stand_obs,process_03,17,3,176,True,False,True,False,False,False,False,-1,-1
stand_obs,process_03,17,4,176,True,False,True,False,False,False,False,-1,-1
stand_obs,process_03,17,5,176,True,False,True,False,False,False,False,-1,-1
stand_obs,process_03,17,6,176,True,False,True,True,False,False,False,270,-1
stand_obs,process_03,17,7,176,True,False,True,False,False,False,False,-1,-1
stand_obs,process_03,17,8,176,True,False,True,False,False,False,False,-1,-1
stand_obs,process_03,17,9,176,True,False,True,False,False,False,False,-1,-1
stand_obs,process_03,17,10,176,True,False,True,False,False,False,False,-1,-1
stand_obs,process_03,17,11,176,True,False,True,False,False,False,False,-1,-1
stand_obs,process_03,17,12,176,True,False,True,False,False,False,False,-1,-1
stand_obs,process_03,17,13,176,True,False,True,True,False,False,False,332,-1
stand_obs,process_03,17,14,176,True,False,True,True,False,False,False,468,-1
stand_obs,process_03,17,15,176,True,False,True,False,False,False,False,-1,-1
stand_obs,process_03,18,0,189,True,False,True,False,False,False,False,-1,-1
stand_obs,process_03,18,1,189,True,False,True,False,False,False,False,-1,-1
stand_obs,process_03,18,2,189,True,False,True,False,False,False,False,-1,-1
stand_obs,process_03,18,3,189,True,False,True,False,False,False,False,-1,-1
stand_obs,process_03,18,4,189,True,False,True,False,False,False,False,-1,-1
stand_obs,process_03,18,5,189,True,False,True,False,False,False,False,-1,-1
stand_obs,process_03,18,6,189,True,False,True,True,False,False,False,247,-1
stand_obs,process_03,18,7,189,True,False,True,False,False,False,False,-1,-1
stand_obs,process_03,18,8,189,True,False,True,False,False,False,False,-1,-1
stand_obs,process_03,18,9,189,True,False,True,False,False,False,False,-1,-1
stand_obs,process_03,18,10,189,True,False,True,True,False,False,False,321,-1
stand_obs,process_03,18,11,189,True,False,True,False,False,False,False,-1,-1
stand_obs,process_03,18,12,189,True,False,True,False,False,False,False,-1,-1
stand_obs,process_03,18,13,189,True,False,True,False,False,False,False,-1,-1
stand_obs,process_03,18,14,189,True,False,True,False,False,False,False,-1,-1
stand_obs,process_03,18,15,189,True,False,True,False,False,False,False,-1,-1
stand_obs,process_03,19,0,113,True,True,True,False,False,False,False,-1,-1
stand_obs,process_03,19,1,113,True,True,True,False,False,False,False,-1,-1
stand_obs,process_03,19,2,113,True,True,True,False,False,False,False,-1,-1
stand_obs,process_03,19,3,113,True,True,True,False,False,False,False,-1,-1
stand_obs,process_03,19,4,113,True,True,True,False,False,False,False,-1,-1
stand_obs,process_03,19,5,113,True,True,True,True,False,False,False,486,-1
stand_obs,process_03,19,6,113,True,True,True,False,False,False,False,-1,-1
stand_obs,process_03,19,7,113,True,True,True,True,False,False,False,244,-1
stand_obs,process_03,19,8,113,True,True,True,False,False,False,False,-1,-1
stand_obs,process_03,19,9,113,True,True,True,False,False,False,False,-1,-1
stand_obs,process_03,19,10,113,True,True,True,False,False,False,False,-1,-1
stand_obs,process_03,19,11,113,True,True,True,True,False,False,False,215,-1
stand_obs,process_03,19,12,113,True,True,True,False,False,False,False,-1,-1
stand_obs,process_03,19,13,113,True,True,True,False,False,False,False,-1,-1
stand_obs,process_03,19,14,113,True,True,True,False,False,False,False,-1,-1
stand_obs,process_03,19,15,113,True,True,True,False,False,False,False,-1,-1
stand_obs,process_03,20,0,180,True,False,True,False,False,False,False,-1,-1
stand_obs,process_03,20,1,180,True,False,True,False,False,False,False,-1,-1
stand_obs,process_03,20,2,180,True,False,True,False,False,False,False,-1,-1
stand_obs,process_03,20,3,180,True,False,True,False,False,False,False,-1,-1
stand_obs,process_03,20,4,180,True,False,True,False,False,False,False,-1,-1
stand_obs,process_03,20,5,180,True,False,True,False,False,False,False,-1,-1
stand_obs,process_03,20,6,180,True,False,True,False,False,False,False,-1,-1
stand_obs,process_03,20,7,180,True,False,True,False,False,False,False,-1,-1
stand_obs,process_03,20,8,180,True,False,True,False,False,False,False,-1,-1
stand_obs,process_03,20,9,180,True,False,True,False,False,False,False,-1,-1
stand_obs,process_03,20,10,180,True,False,True,False,False,False,False,-1,-1
stand_obs,process_03,20,11,180,True,False,True,False,False,False,False,-1,-1
stand_obs,process_03,20,12,180,True,False,True,True,False,False,False,378,-1
stand_obs,process_03,20,13,180,True,False,True,False,False,False,False,-1,-1
stand_obs,process_03,20,14,180,True,False,True,False,False,False,False,-1,-1
stand_obs,process_03,20,15,180,True,False,True,False,False,False,False,-1,-1
stand_obs,process_03,21,0,100,True,True,True,False,False,False,False,-1,-1
stand_obs,process_03,21,1,100,True,True,True,True,False,False,False,163,-1
stand_obs,process_03,21,2,100,True,True,True,False,False,False,False,-1,-1
stand_obs,process_03,21,3,100,True,True,True,False,False,False,False,-1,-1
stand_obs,process_03,21,4,100,True,True,True,True,False,False,False,474,-1
stand_obs,process_03,21,5,100,True,True,True,False,False,False,False,-1,-1
stand_obs,process_03,21,6,100,True,True,True,False,False,False,False,-1,-1
stand_obs,process_03,21,7,100,True,True,True,False,False,False,False,-1,-1
stand_obs,process_03,21,8,100,True,True,True,False,False,False,False,-1,-1
stand_obs,process_03,21,9,100,True,True,True,False,False,False,False,-1,-1
stand_obs,process_03,21,10,100,True,True,True,False,False,False,False,-1,-1
stand_obs,process_03,21,11,100,True,True,True,False,False,False,False,-1,-1
stand_obs,process_03,21,12,100,True,True,True,False,False,False,False,-1,-1
stand_obs,process_03,21,13,100,True,True,True,False,False,False,False,-1,-1
stand_obs,process_03,21,14,100,True,True,True,True,False,False,False,218,-1
stand_obs,process_03,21,15,100,True,True,True,False,False,False,False,-1,-1
stand_obs,process_03,22,0,149,True,False,True,False,False,False,False,-1,-1
stand_obs,process_03,22,1,149,True,False,True,False,False,False,False,-1,-1
stand_obs,process_03,22,2,149,True,False,True,False,False,False,False,-1,-1
stand_obs,process_03,22,3,149,True,False,True,False,False,False,False,-1,-1
stand_obs,process_03,22,4,149,True,False,True,False,False,False,False,-1,-1
stand_obs,process_03,22,5,149,True,False,True,False,False,False,False,-1,-1
stand_obs,process_03,22,6,149,True,False,True,False,False,False,False,-1,-1
stand_obs,process_03,22,7,149,True,False,True,False,False,False,False,-1,-1
stand_obs,process_03,22,8,149,True,False,True,False,False,False,False,-1,-1
stand_obs,process_03,22,9,149,True,False,True,False,False,False,False,-1,-1
stand_obs,process_03,22,10,149,True,False,True,False,False,False,False,-1,-1
stand_obs,process_03,22,11,149,True,False,True,False,False,False,False,-1,-1
stand_obs,process_03,22,12,149,True,False,True,False,False,False,False,-1,-1
stand_obs,process_03,22,13,149,True,False,True,False,False,False,False,-1,-1
stand_obs,process_03,22,14,149,True,False,True,True,False,False,False,378,-1
stand_obs,process_03,22,15,149,True,False,True,False,False,False,False,-1,-1
stand_obs,process_03,23,0,120,True,True,True,False,True,False,False,-1,206
stand_obs,process_03,23,1,120,True,True,True,False,False,False,False,-1,-1
stand_obs,process_03,23,2,120,True,True,True,False,False,False,False,-1,-1
stand_obs,process_03,23,3,120,True,True,True,False,False,False,False,-1,-1
stand_obs,process_03,23,4,120,True,True,True,False,False,False,False,-1,-1
stand_obs,process_03,23,5,120,True,True,True,False,False,False,False,-1,-1
stand_obs,process_03,23,6,120,True,True,True,True,False,False,False,298,-1
stand_obs,process_03,23,7,120,True,True,True,False,False,False,False,-1,-1
stand_obs,process_03,23,8,120,True,True,True,False,False,False,False,-1,-1
stand_obs,process_03,23,9,120,True,True,True,False,False,False,False,-1,-1
stand_obs,process_03,23,10,120,True,True,True,False,False,False,False,-1,-1
stand_obs,process_03,23,11,120,True,True,True,False,False,False,False,-1,-1
stand_obs,process_03,23,12,120,True,True,True,False,False,False,False,-1,-1
stand_obs,process_03,23,13,120,True,True,True,False,False,False,False,-1,-1
stand_obs,process_03,23,14,120,True,True,True,False,False,False,False,-1,-1
stand_obs,process_03,23,15,120,True,True,True,False,False,False,False,-1,-1
stand_obs,process_03,24,0,197,True,False,True,False,False,False,False,-1,-1
stand_obs,process_03,24,1,197,True,False,True,False,False,False,False,-1,-1
stand_obs,process_03,24,2,197,True,False,True,False,False,False,False,-1,-1
stand_obs,process_03,24,3,197,True,False,True,True,False,False,False,397,-1
stand_obs,process_03,24,4,197,True,False,True,False,False,False,False,-1,-1
stand_obs,process_03,24,5,197,True,False,True,False,False,False,False,-1,-1
stand_obs,process_03,24,6,197,True,False,True,False,False,False,False,-1,-1
stand_obs,process_03,24,7,197,True,False,True,False,False,False,False,-1,-1
stand_obs,process_03,24,8,197,True,False,True,False,False,False,False,-1,-1
stand_obs,process_03,24,9,197,True,False,True,False,False,False,False,-1,-1
stand_obs,process_03,24,10,197,True,False,True,False,False,False,False,-1,-1
stand_obs,process_03,24,11,197,True,False,True,True,False,False,False,345,-1
stand_obs,process_03,24,12,197,True,False,True,False,False,False,False,-1,-1
stand_obs,process_03,24,13,197,True,False,True,False,False,False,False,-1,-1
stand_obs,process_03,24,14,197,True,False,True,False,False,False,False,-1,-1
stand_obs,process_03,24,15,197,True,False,True,False,False,False,False,-1,-1
stand_obs,process_03,25,0,172,True,False,True,False,False,False,False,-1,-1
stand_obs,process_03,25,1,172,True,False,True,False,False,False,False,-1,-1
stand_obs,process_03,25,2,172,True,False,True,False,False,False,False,-1,-1
stand_obs,process_03,25,3,172,True,False,True,False,False,False,False,-1,-1
stand_obs,process_03,25,4,172,True,False,True,True,False,False,False,360,-1
stand_obs,process_03,25,5,172,True,False,True,False,False,False,False,-1,-1
stand_obs,process_03,25,6,172,True,False,True,False,False,False,False,-1,-1
stand_obs,process_03,25,7,172,True,False,True,False,False,False,False,-1,-1
stand_obs,process_03,25,8,172,True,False,True,False,False,False,False,-1,-1
stand_obs,process_03,25,9,172,True,False,True,False,False,False,False,-1,-1
stand_obs,process_03,25,10,172,True,False,True,False,False,False,False,-1,-1
stand_obs,process_03,25,11,172,True,False,True,False,False,False,False,-1,-1
stand_obs,process_03,25,12,172,True,False,True,False,False,False,False,-1,-1
stand_obs,process_03,25,13,172,True,False,True,False,False,False,False,-1,-1
stand_obs,process_03,25,14,172,True,False,True,False,False,False,False,-1,-1
stand_obs,process_03,25,15,172,True,False,True,False,False,False,False,-1,-1
stand_obs,process_03,26,0,190,True,False,True,False,False,False,False,-1,-1
stand_obs,process_03,26,1,190,True,False,True,True,False,False,False,422,-1
stand_obs,process_03,26,2,190,True,False,True,False,False,False,False,-1,-1
stand_obs,process_03,26,3,190,True,False,True,False,False,False,False,-1,-1
stand_obs,process_03,26,4,190,True,False,True,False,False,False,False,-1,-1
stand_obs,process_03,26,5,190,True,False,True,False,False,False,False,-1,-1
stand_obs,process_03,26,6,190,True,False,True,False,False,False,False,-1,-1
stand_obs,process_03,26,7,190,True,False,True,False,False,False,False,-1,-1
stand_obs,process_03,26,8,190,True,False,True,False,False,False,False,-1,-1
stand_obs,process_03,26,9,190,True,False,True,False,False,False,False,-1,-1
stand_obs,process_03,26,10,190,True,False,True,False,False,False,False,-1,-1
stand_obs,process_03,26,11,190,True,False,True,False,False,False,False,-1,-1
stand_obs,process_03,26,12,190,True,False,True,False,False,False,False,-1,-1
stand_obs,process_03,26,13,190,True,False,True,False,False,False,False,-1,-1
stand_obs,process_03,26,14,190,True,False,True,False,False,False,False,-1,-1
stand_obs,process_03,26,15,190,True,False,True,False,False,False,False,-1,-1
stand_obs,process_03,27,0,118,True,True,True,False,False,False,False,-1,-1
stand_obs,process_03,27,1,118,True,True,True,False,False,False,False,-1,-1
stand_obs,process_03,27,2,118,True,True,True,False,False,False,False,-1,-1
stand_obs,process_03,27,3,118,True,True,True,False,False,False,False,-1,-1
stand_obs,process_03,27,4,118,True,True,True,False,False,False,False,-1,-1
stand_obs,process_03,27,5,118,True,True,True,True,False,False,False,489,-1
stand_obs,process_03,27,6,118,True,True,True,True,False,False,False,378,-1
stand_obs,process_03,27,7,118,True,True,True,False,False,False,False,-1,-1
stand_obs,process_03,27,8,118,True,True,True,False,False,False,False,-1,-1
stand_obs,process_03,27,9,118,True,True,True,False,False,False,False,-1,-1
stand_obs,process_03,27,10,118,True,True,True,False,False,False,False,-1,-1
stand_obs,process_03,27,11,118,True,True,True,False,False,False,False,-1,-1
stand_obs,process_03,27,12,118,True,True,True,False,False,False,False,-1,-1
stand_obs,process_03,27,13,118,True,True,True,False,False,False,False,-1,-1
stand_obs,process_03,27,14,118,True,True,True,False,False,False,False,-1,-1
stand_obs,process_03,27,15,118,True,True,True,False,False,False,False,-1,-1
stand_obs,process_03,28,0,156,True,False,True,False,False,False,False,-1,-1
stand_obs,process_03,28,1,156,True,False,True,False,False,False,False,-1,-1
stand_obs,process_03,28,2,156,True,False,True,False,False,False,False,-1,-1
stand_obs,process_03,28,3,156,True,False,True,False,False,False,False,-1,-1
stand_obs,process_03,28,4,156,True,False,True,False,False,False,False,-1,-1
stand_obs,process_03,28,5,156,True,False,True,False,False,False,False,-1,-1
stand_obs,process_03,28,6,156,True,False,True,False,False,False,False,-1,-1
stand_obs,process_03,28,7,156,True,False,True,False,False,False,False,-1,-1
stand_obs,process_03,28,8,156,True,False,True,False,False,False,False,-1,-1
stand_obs,process_03,28,9,156,True,False,True,False,False,False,False,-1,-1
stand_obs,process_03,28,10,156,True,False,True,False,False,False,False,-1,-1
stand_obs,process_03,28,11,156,True,False,True,False,True,False,False,-1,249
stand_obs,process_03,28,12,156,True,False,True,True,False,False,False,253,-1
stand_obs,process_03,28,13,156,True,False,True,False,False,False,False,-1,-1
stand_obs,process_03,28,14,156,True,False,True,False,False,False,False,-1,-1
stand_obs,process_03,28,15,156,True,False,True,False,False,False,False,-1,-1
stand_obs,process_03,29,0,159,True,False,True,False,False,False,False,-1,-1
stand_obs,process_03,29,1,159,True,False,True,False,False,False,False,-1,-1
stand_obs,process_03,29,2,159,True,False,True,False,False,False,False,-1,-1
stand_obs,process_03,29,3,159,True,False,True,True,False,False,False,299,-1
stand_obs,process_03,29,4,159,True,False,True,False,False,False,False,-1,-1
stand_obs,process_03,29,5,159,True,False,True,False,False,False,False,-1,-1
stand_obs,process_03,29,6,159,True,False,True,False,False,False,False,-1,-1
stand_obs,process_03,29,7,159,True,False,True,False,False,False,False,-1,-1
stand_obs,process_03,29,8,159,True,False,True,False,False,False,False,-1,-1
stand_obs,process_03,29,9,159,True,False,True,True,False,False,False,256,-1
stand_obs,process_03,29,10,159,True,False,True,False,False,False,False,-1,-1
stand_obs,process_03,29,11,159,True,False,True,False,False,False,False,-1,-1
stand_obs,process_03,29,12,159,True,False,True,True,False,False,False,336,-1
stand_obs,process_03,29,13,159,True,False,True,False,False,False,False,-1,-1
stand_obs,process_03,29,14,159,True,False,True,True,False,False,False,230,-1
stand_obs,process_03,29,15,159,True,False,True,False,False,False,False,-1,-1
stand_obs,process_03,30,0,156,True,False,True,False,False,False,False,-1,-1
stand_obs,process_03,30,1,156,True,False,True,False,False,False,False,-1,-1
stand_obs,process_03,30,2,156,True,False,True,False,False,False,False,-1,-1
stand_obs,process_03,30,3,156,True,False,True,False,False,False,False,-1,-1
stand_obs,process_03,30,4,156,True,False,True,False,False,False,False,-1,-1
stand_obs,process_03,30,5,156,True,False,True,False,False,False,False,-1,-1
stand_obs,process_03,30,6,156,True,False,True,False,False,False,False,-1,-1
stand_obs,process_03,30,7,156,True,False,True,False,False,False,False,-1,-1
stand_obs,process_03,30,8,156,True,False,True,False,False,False,False,-1,-1
stand_obs,process_03,30,9,156,True,False,True,False,False,False,False,-1,-1
stand_obs,process_03,30,10,156,True,False,True,False,False,False,False,-1,-1
stand_obs,process_03,30,11,156,True,False,True,False,False,False,False,-1,-1
stand_obs,process_03,30,12,156,True,False,True,False,False,False,False,-1,-1
stand_obs,process_03,30,13,156,True,False,True,False,False,False,False,-1,-1
stand_obs,process_03,30,14,156,True,False,True,False,False,False,False,-1,-1
stand_obs,process_03,30,15,156,True,False,True,False,False,False,False,-1,-1
stand_obs,process_03,31,0,165,True,False,True,False,False,False,False,-1,-1
stand_obs,process_03,31,1,165,True,False,True,False,False,False,False,-1,-1
stand_obs,process_03,31,2,165,True,False,True,False,False,False,False,-1,-1
stand_obs,process_03,31,3,165,True,False,True,False,False,False,False,-1,-1
stand_obs,process_03,31,4,165,True,False,True,False,False,False,False,-1,-1
stand_obs,process_03,31,5,165,True,False,True,False,False,False,False,-1,-1
stand_obs,process_03,31,6,165,True,False,True,False,False,False,False,-1,-1
stand_obs,process_03,31,7,165,True,False,True,False,False,False,False,-1,-1
stand_obs,process_03,31,8,165,True,False,True,False,False,False,False,-1,-1
stand_obs,process_03,31,9,165,True,False,True,False,False,False,False,-1,-1
stand_obs,process_03,31,10,165,True,False,True,False,False,False,False,-1,-1
stand_obs,process_03,31,11,165,True,False,True,False,False,False,False,-1,-1
stand_obs,process_03,31,12,165,True,False,True,False,False,False,False,-1,-1
stand_obs,process_03,31,13,165,True,False,True,False,False,False,False,-1,-1
stand_obs,process_03,31,14,165,True,False,True,False,False,False,False,-1,-1
stand_obs,process_03,31,15,165,True,False,True,False,False,False,False,-1,-1
stand_obs,process_03,32,0,138,False,False,False,False,False,False,False,-1,-1
stand_obs,process_03,32,1,138,False,False,False,False,False,False,False,-1,-1
stand_obs,process_03,32,2,138,False,False,False,False,False,False,False,-1,-1
stand_obs,process_03,32,3,138,False,False,False,False,False,False,False,-1,-1
stand_obs,process_03,32,4,138,False,False,False,False,False,False,False,-1,-1
stand_obs,process_03,32,5,138,False,False,False,False,False,False,False,-1,-1
stand_obs,process_03,32,6,138,False,False,False,False,False,False,False,-1,-1
stand_obs,process_03,32,7,138,False,False,False,False,False,False,False,-1,-1
stand_obs,process_03,32,8,138,False,False,False,False,False,False,False,-1,-1
stand_obs,process_03,32,9,138,False,False,False,False,False,False,False,-1,-1
stand_obs,process_03,32,10,138,False,False,False,False,False,False,False,-1,-1
stand_obs,process_03,32,11,138,False,False,False,False,False,False,False,-1,-1
stand_obs,process_03,32,12,138,False,False,False,False,False,False,False,-1,-1
stand_obs,process_03,32,13,138,False,False,False,False,False,False,False,-1,-1
stand_obs,process_03,32,14,138,False,False,False,False,False,False,False,-1,-1
stand_obs,process_03,32,15,138,False,False,False,False,False,False,False,-1,-1
stand_obs,process_03,33,0,164,False,False,False,False,False,False,False,-1,-1
stand_obs,process_03,33,1,164,False,False,False,False,False,False,False,-1,-1
stand_obs,process_03,33,2,164,False,False,False,False,False,False,False,-1,-1
stand_obs,process_03,33,3,164,False,False,False,False,False,False,False,-1,-1
stand_obs,process_03,33,4,164,False,False,False,False,False,False,False,-1,-1
stand_obs,process_03,33,5,164,False,False,False,False,False,False,False,-1,-1
stand_obs,process_03,33,6,164,False,False,False,False,False,False,False,-1,-1
stand_obs,process_03,33,7,164,False,False,False,False,False,False,False,-1,-1
stand_obs,process_03,33,8,164,False,False,False,False,False,False,False,-1,-1
stand_obs,process_03,33,9,164,False,False,False,False,False,False,False,-1,-1
stand_obs,process_03,33,10,164,False,False,False,False,False,False,False,-1,-1
stand_obs,process_03,33,11,164,False,False,False,False,False,False,False,-1,-1
stand_obs,process_03,33,12,164,False,False,False,False,False,False,False,-1,-1
stand_obs,process_03,33,13,164,False,False,False,False,False,False,False,-1,-1
stand_obs,process_03,33,14,164,False,False,False,False,False,False,False,-1,-1
stand_obs,process_03,33,15,164,False,False,False,False,False,False,False,-1,-1
stand_obs,process_03,34,0,190,False,False,False,False,False,False,False,-1,-1
stand_obs,process_03,34,1,190,False,False,False,False,False,False,False,-1,-1
stand_obs,process_03,34,2,190,False,False,False,False,False,False,False,-1,-1
stand_obs,process_03,34,3,190,False,False,False,False,False,False,False,-1,-1
stand_obs,process_03,34,4,190,False,False,False,False,False,False,False,-1,-1
stand_obs,process_03,34,5,190,False,False,False,False,False,False,False,-1,-1
stand_obs,process_03,34,6,190,False,False,False,False,False,False,False,-1,-1
stand_obs,process_03,34,7,190,False,False,False,False,False,False,False,-1,-1
stand_obs,process_03,34,8,190,False,False,False,False,False,False,False,-1,-1
stand_obs,process_03,34,9,190,False,False,False,False,False,False,False,-1,-1
stand_obs,process_03,34,10,190,False,False,False,False,False,False,False,-1,-1
stand_obs,process_03,34,11,190,False,False,False,False,False,False,False,-1,-1
stand_obs,process_03,34,12,190,False,False,False,False,False,False,False,-1,-1
stand_obs,process_03,34,13,190,False,False,False,False,False,False,False,-1,-1
stand_obs,process_03,34,14,190,False,False,False,False,False,False,False,-1,-1
stand_obs,process_03,34,15,190,False,False,False,False,False,False,False,-1,-1
stand_obs,process_03,35,0,110,False,True,False,False,False,False,False,-1,-1
stand_obs,process_03,35,1,110,False,True,False,False,False,False,False,-1,-1
stand_obs,process_03,35,2,110,False,True,False,False,False,False,False,-1,-1
stand_obs,process_03,35,3,110,False,True,False,False,False,False,False,-1,-1
stand_obs,process_03,35,4,110,False,True,False,False,False,False,False,-1,-1
stand_obs,process_03,35,5,110,False,True,False,False,False,False,False,-1,-1
stand_obs,process_03,35,6,110,False,True,False,False,False,False,False,-1,-1
stand_obs,process_03,35,7,110,False,True,False,False,False,False,False,-1,-1
stand_obs,process_03,35,8,110,False,True,False,False,False,False,False,-1,-1
stand_obs,process_03,35,9,110,False,True,False,False,False,False,False,-1,-1
stand_obs,process_03,35,10,110,False,True,False,False,False,False,False,-1,-1
stand_obs,process_03,35,11,110,False,True,False,False,False,False,False,-1,-1
stand_obs,process_03,35,12,110,False,True,False,False,False,False,False,-1,-1
stand_obs,process_03,35,13,110,False,True,False,False,False,False,False,-1,-1
stand_obs,process_03,35,14,110,False,True,False,False,False,False,False,-1,-1
stand_obs,process_03,35,15,110,False,True,False,False,False,False,False,-1,-1
stand_obs,process_03,36,0,119,False,True,False,False,False,False,False,-1,-1
stand_obs,process_03,36,1,119,False,True,False,False,False,False,False,-1,-1
stand_obs,process_03,36,2,119,False,True,False,False,False,False,False,-1,-1
stand_obs,process_03,36,3,119,False,True,False,False,False,False,False,-1,-1
stand_obs,process_03,36,4,119,False,True,False,False,False,False,False,-1,-1
stand_obs,process_03,36,5,119,False,True,False,False,False,False,False,-1,-1
stand_obs,process_03,36,6,119,False,True,False,False,False,False,False,-1,-1
stand_obs,process_03,36,7,119,False,True,False,False,False,False,False,-1,-1
stand_obs,process_03,36,8,119,False,True,False,False,False,False,False,-1,-1
stand_obs,process_03,36,9,119,False,True,False,False,False,False,False,-1,-1
stand_obs,process_03,36,10,119,False,True,False,False,False,False,False,-1,-1
stand_obs,process_03,36,11,119,False,True,False,False,False,False,False,-1,-1
stand_obs,process_03,36,12,119,False,True,False,False,False,False,False,-1,-1
stand_obs,process_03,36,13,119,False,True,False,False,False,False,False,-1,-1
stand_obs,process_03,36,14,119,False,True,False,False,False,False,False,-1,-1
stand_obs,process_03,36,15,119,False,True,False,False,False,False,False,-1,-1
stand_obs,process_03,37,0,168,False,False,False,False,False,False,False,-1,-1
stand_obs,process_03,37,1,168,False,False,False,False,False,False,False,-1,-1
stand_obs,process_03,37,2,168,False,False,False,False,False,False,False,-1,-1
stand_obs,process_03,37,3,168,False,False,False,False,False,False,False,-1,-1
stand_obs,process_03,37,4,168,False,False,False,False,False,False,False,-1,-1
stand_obs,process_03,37,5,168,False,False,False,False,False,False,False,-1,-1
stand_obs,process_03,37,6,168,False,False,False,False,False,False,False,-1,-1
stand_obs,process_03,37,7,168,False,False,False,False,False,False,False,-1,-1
stand_obs,process_03,37,8,168,False,False,False,False,False,False,False,-1,-1
stand_obs,process_03,37,9,168,False,False,False,False,False,False,False,-1,-1
stand_obs,process_03,37,10,168,False,False,False,False,False,False,False,-1,-1
stand_obs,process_03,37,11,168,False,False,False,False,False,False,False,-1,-1
stand_obs,process_03,37,12,168,False,False,False,False,False,False,False,-1,-1
stand_obs,process_03,37,13,168,False,False,False,False,False,False,False,-1,-1
stand_obs,process_03,37,14,168,False,False,False,False,False,False,False,-1,-1
stand_obs,process_03,37,15,168,False,False,False,False,False,False,False,-1,-1
stand_obs,process_03,38,0,100,False,True,False,False,False,False,False,-1,-1
stand_obs,process_03,38,1,100,False,True,False,False,False,False,False,-1,-1
stand_obs,process_03,38,2,100,False,True,False,False,False,False,False,-1,-1
stand_obs,process_03,38,3,100,False,True,False,False,False,False,False,-1,-1
stand_obs,process_03,38,4,100,False,True,False,False,False,False,False,-1,-1
stand_obs,process_03,38,5,100,False,True,False,False,False,False,False,-1,-1
stand_obs,process_03,38,6,100,False,True,False,False,False,False,False,-1,-1
stand_obs,process_03,38,7,100,False,True,False,False,False,False,False,-1,-1
stand_obs,process_03,38,8,100,False,True,False,False,False,False,False,-1,-1
stand_obs,process_03,38,9,100,False,True,False,False,False,False,False,-1,-1
stand_obs,process_03,38,10,100,False,True,False,False,False,False,False,-1,-1
stand_obs,process_03,38,11,100,False,True,False,False,False,False,False,-1,-1
stand_obs,process_03,38,12,100,False,True,False,False,False,False,False,-1,-1
stand_obs,process_03,38,13,100,False,True,False,False,False,False,False,-1,-1
stand_obs,process_03,38,14,100,False,True,False,False,False,False,False,-1,-1
stand_obs,process_03,38,15,100,False,True,False,False,False,False,False,-1,-1
stand_obs,process_03,39,0,155,False,False,False,False,False,False,False,-1,-1
stand_obs,process_03,39,1,155,False,False,False,False,False,False,False,-1,-1
stand_obs,process_03,39,2,155,False,False,False,False,False,False,False,-1,-1
stand_obs,process_03,39,3,155,False,False,False,False,False,False,False,-1,-1
stand_obs,process_03,39,4,155,False,False,False,False,False,False,False,-1,-1
stand_obs,process_03,39,5,155,False,False,False,False,False,False,False,-1,-1
stand_obs,process_03,39,6,155,False,False,False,False,False,False,False,-1,-1
stand_obs,process_03,39,7,155,False,False,False,False,False,False,False,-1,-1
stand_obs,process_03,39,8,155,False,False,False,False,False,False,False,-1,-1
stand_obs,process_03,39,9,155,False,False,False,False,False,False,False,-1,-1
stand_obs,process_03,39,10,155,False,False,False,False,False,False,False,-1,-1
stand_obs,process_03,39,11,155,False,False,False,False,False,False,False,-1,-1
stand_obs,process_03,39,12,155,False,False,False,False,False,False,False,-1,-1
stand_obs,process_03,39,13,155,False,False,False,False,False,False,False,-1,-1
stand_obs,process_03,39,14,155,False,False,False,False,False,False,False,-1,-1
stand_obs,process_03,39,15,155,False,False,False,False,False,False,False,-1,-1
stand_obs,process_03,40,0,154,False,False,False,False,False,False,False,-1,-1
stand_obs,process_03,40,1,154,False,False,False,False,False,False,False,-1,-1
stand_obs,process_03,40,2,154,False,False,False,False,False,False,False,-1,-1
stand_obs,process_03,40,3,154,False,False,False,False,False,False,False,-1,-1
stand_obs,process_03,40,4,154,False,False,False,False,False,False,False,-1,-1
stand_obs,process_03,40,5,154,False,False,False,False,False,False,False,-1,-1
stand_obs,process_03,40,6,154,False,False,False,False,False,False,False,-1,-1
stand_obs,process_03,40,7,154,False,False,False,False,False,False,False,-1,-1
stand_obs,process_03,40,8,154,False,False,False,False,False,False,False,-1,-1
stand_obs,process_03,40,9,154,False,False,False,False,False,False,False,-1,-1
stand_obs,process_03,40,10,154,False,False,False,False,False,False,False,-1,-1
stand_obs,process_03,40,11,154,False,False,False,False,False,False,False,-1,-1
stand_obs,process_03,40,12,154,False,False,False,False,False,False,False,-1,-1
stand_obs,process_03,40,13,154,False,False,False,False,False,False,False,-1,-1
stand_obs,process_03,40,14,154,False,False,False,False,False,False,False,-1,-1
stand_obs,process_03,40,15,154,False,False,False,False,True,False,False,-1,235
stand_obs,process_03,41,0,106,False,True,False,False,False,False,False,-1,-1
stand_obs,process_03,41,1,106,False,True,False,False,False,False,False,-1,-1
stand_obs,process_03,41,2,106,False,True,False,False,False,False,False,-1,-1
stand_obs,process_03,41,3,106,False,True,False,False,False,False,False,-1,-1
stand_obs,process_03,41,4,106,False,True,False,False,False,False,False,-1,-1
stand_obs,process_03,41,5,106,False,True,False,False,False,False,False,-1,-1
stand_obs,process_03,41,6,106,False,True,False,False,False,False,False,-1,-1
stand_obs,process_03,41,7,106,False,True,False,False,False,False,False,-1,-1
stand_obs,process_03,41,8,106,False,True,False,False,False,False,False,-1,-1
stand_obs,process_03,41,9,106,False,True,False,False,False,False,False,-1,-1
stand_obs,process_03,41,10,106,False,True,False,False,False,False,False,-1,-1
stand_obs,process_03,41,11,106,False,True,False,False,False,False,False,-1,-1
stand_obs,process_03,41,12,106,False,True,False,True,True,False,False,111,111
stand_obs,process_03,41,13,106,False,True,False,False,False,False,False,-1,-1
stand_obs,process_03,41,14,106,False,True,False,False,False,False,False,-1,-1
stand_obs,process_03,41,15,106,False,True,False,False,False,False,False,-1,-1
stand_obs,process_03,42,0,158,False,False,False,False,False,False,False,-1,-1
stand_obs,process_03,42,1,158,False,False,False,False,False,False,False,-1,-1
stand_obs,process_03,42,2,158,False,False,False,False,False,False,False,-1,-1
stand_obs,process_03,42,3,158,False,False,False,False,False,False,False,-1,-1
stand_obs,process_03,42,4,158,False,False,False,False,False,False,False,-1,-1
stand_obs,process_03,42,5,158,False,False,False,False,False,False,False,-1,-1
stand_obs,process_03,42,6,158,False,False,False,False,False,False,False,-1,-1
stand_obs,process_03,42,7,158,False,False,False,False,False,False,False,-1,-1
stand_obs,process_03,42,8,158,False,False,False,False,False,False,False,-1,-1
stand_obs,process_03,42,9,158,False,False,False,False,False,False,False,-1,-1
stand_obs,process_03,42,10,158,False,False,False,False,False,False,False,-1,-1
stand_obs,process_03,42,11,158,False,False,False,False,False,False,False,-1,-1
stand_obs,process_03,42,12,158,False,False,False,False,False,False,False,-1,-1
stand_obs,process_03,42,13,158,False,False,False,False,False,False,False,-1,-1
stand_obs,process_03,42,14,158,False,False,False,False,False,False,False,-1,-1
stand_obs,process_03,42,15,158,False,False,False,False,False,False,False,-1,-1
stand_obs,process_03,43,0,130,False,False,False,False,False,False,False,-1,-1
stand_obs,process_03,43,1,130,False,False,False,False,False,False,False,-1,-1
stand_obs,process_03,43,2,130,False,False,False,False,False,False,False,-1,-1
stand_obs,process_03,43,3,130,False,False,False,False,False,False,False,-1,-1
stand_obs,process_03,43,4,130,False,False,False,False,False,False,False,-1,-1
stand_obs,process_03,43,5,130,False,False,False,False,False,False,False,-1,-1
stand_obs,process_03,43,6,130,False,False,False,False,False,False,False,-1,-1
stand_obs,process_03,43,7,130,False,False,False,False,False,False,False,-1,-1
stand_obs,process_03,43,8,130,False,False,False,False,False,False,False,-1,-1
stand_obs,process_03,43,9,130,False,False,False,False,False,False,False,-1,-1
stand_obs,process_03,43,10,130,False,False,False,False,False,False,False,-1,-1
stand_obs,process_03,43,11,130,False,False,False,False,False,False,False,-1,-1
stand_obs,process_03,43,12,130,False,False,False,False,False,False,False,-1,-1
stand_obs,process_03,43,13,130,False,False,False,False,False,False,False,-1,-1
stand_obs,process_03,43,14,130,False,False,False,False,False,False,False,-1,-1
stand_obs,process_03,43,15,130,False,False,False,False,False,False,False,-1,-1
stand_obs,process_03,44,0,104,False,True,False,False,False,False,False,-1,-1
stand_obs,process_03,44,1,104,False,True,False,False,False,False,False,-1,-1
stand_obs,process_03,44,2,104,False,True,False,False,False,False,False,-1,-1
stand_obs,process_03,44,3,104,False,True,False,False,False,False,False,-1,-1
stand_obs,process_03,44,4,104,False,True,False,False,False,False,False,-1,-1
stand_obs,process_03,44,5,104,False,True,False,False,False,False,False,-1,-1
stand_obs,process_03,44,6,104,False,True,False,False,False,False,False,-1,-1
stand_obs,process_03,44,7,104,False,True,False,False,False,False,False,-1,-1
stand_obs,process_03,44,8,104,False,True,False,False,False,False,False,-1,-1
stand_obs,process_03,44,9,104,False,True,False,False,False,False,False,-1,-1
stand_obs,process_03,44,10,104,False,True,False,False,False,False,False,-1,-1
stand_obs,process_03,44,11,104,False,True,False,False,False,False,False,-1,-1
stand_obs,process_03,44,12,104,False,True,False,False,False,False,False,-1,-1
stand_obs,process_03,44,13,104,False,True,False,False,False,False,False,-1,-1
stand_obs,process_03,44,14,104,False,True,False,False,False,False,False,-1,-1
stand_obs,process_03,44,15,104,False,True,False,False,False,False,False,-1,-1
stand_obs,process_03,45,0,191,False,False,False,False,False,False,False,-1,-1
stand_obs,process_03,45,1,191,False,False,False,False,False,False,False,-1,-1
stand_obs,process_03,45,2,191,False,False,False,False,False,False,False,-1,-1
stand_obs,process_03,45,3,191,False,False,False,False,False,False,False,-1,-1
stand_obs,process_03,45,4,191,False,False,False,False,False,False,False,-1,-1
stand_obs,process_03,45,5,191,False,False,False,False,False,False,False,-1,-1
stand_obs,process_03,45,6,191,False,False,False,False,False,False,False,-1,-1
stand_obs,process_03,45,7,191,False,False,False,False,False,False,False,-1,-1
stand_obs,process_03,45,8,191,False,False,False,False,False,False,False,-1,-1
stand_obs,process_03,45,9,191,False,False,False,False,False,False,False,-1,-1
stand_obs,process_03,45,10,191,False,False,False,False,False,False,False,-1,-1
stand_obs,process_03,45,11,191,False,False,False,False,False,False,False,-1,-1
stand_obs,process_03,45,12,191,False,False,False,False,False,False,False,-1,-1
stand_obs,process_03,45,13,191,False,False,False,False,False,False,False,-1,-1
stand_obs,process_03,45,14,191,False,False,False,False,False,False,False,-1,-1
stand_obs,process_03,45,15,191,False,False,False,False,False,False,False,-1,-1
stand_obs,process_03,46,0,115,False,True,False,False,False,False,False,-1,-1
stand_obs,process_03,46,1,115,False,True,False,False,False,False,False,-1,-1
stand_obs,process_03,46,2,115,False,True,False,False,False,False,False,-1,-1
stand_obs,process_03,46,3,115,False,True,False,False,False,False,False,-1,-1
stand_obs,process_03,46,4,115,False,True,False,False,False,False,False,-1,-1
stand_obs,process_03,46,5,115,False,True,False,False,False,False,False,-1,-1
stand_obs,process_03,46,6,115,False,True,False,False,False,False,False,-1,-1
stand_obs,process_03,46,7,115,False,True,False,False,False,False,False,-1,-1
stand_obs,process_03,46,8,115,False,True,False,False,False,False,False,-1,-1
stand_obs,process_03,46,9,115,False,True,False,False,False,False,False,-1,-1
stand_obs,process_03,46,10,115,False,True,False,False,False,False,False,-1,-1
stand_obs,process_03,46,11,115,False,True,False,False,False,False,False,-1,-1
stand_obs,process_03,46,12,115,False,True,False,False,False,False,False,-1,-1
stand_obs,process_03,46,13,115,False,True,False,False,False,False,False,-1,-1
stand_obs,process_03,46,14,115,False,True,False,False,False,False,False,-1,-1
stand_obs,process_03,46,15,115,False,True,False,False,False,False,False,-1,-1
stand_obs,process_03,47,0,154,False,False,False,False,False,False,False,-1,-1
stand_obs,process_03,47,1,154,False,False,False,False,False,False,False,-1,-1
stand_obs,process_03,47,2,154,False,False,False,False,False,False,False,-1,-1
stand_obs,process_03,47,3,154,False,False,False,False,False,False,False,-1,-1
stand_obs,process_03,47,4,154,False,False,False,False,False,False,False,-1,-1
stand_obs,process_03,47,5,154,False,False,False,False,False,False,False,-1,-1
stand_obs,process_03,47,6,154,False,False,False,False,False,False,False,-1,-1
stand_obs,process_03,47,7,154,False,False,False,False,False,False,False,-1,-1
stand_obs,process_03,47,8,154,False,False,False,False,False,False,False,-1,-1
stand_obs,process_03,47,9,154,False,False,False,False,False,False,False,-1,-1
stand_obs,process_03,47,10,154,False,False,False,False,False,False,False,-1,-1
stand_obs,process_03,47,11,154,False,False,False,False,False,False,False,-1,-1
stand_obs,process_03,47,12,154,False,False,False,False,False,False,False,-1,-1
stand_obs,process_03,47,13,154,False,False,False,False,False,False,False,-1,-1
stand_obs,process_03,47,14,154,False,False,False,False,False,False,False,-1,-1
stand_obs,process_03,47,15,154,False,False,False,False,False,False,False,-1,-1
walk_motor,process_03,0,0,163,True,False,True,True,True,False,False,172,175
walk_motor,process_03,0,1,163,True,False,True,False,False,False,False,-1,-1
walk_motor,process_03,0,2,163,True,False,True,False,False,False,False,-1,-1
walk_motor,process_03,0,3,163,True,False,True,True,True,False,False,191,203
walk_motor,process_03,0,4,163,True,False,True,True,True,False,False,174,174
walk_motor,process_03,0,5,163,True,False,True,True,True,False,False,179,243
walk_motor,process_03,0,6,163,True,False,True,True,True,False,False,174,174
walk_motor,process_03,0,7,163,True,False,True,False,False,False,False,-1,-1
walk_motor,process_03,0,8,163,True,False,True,False,False,False,False,-1,-1
walk_motor,process_03,0,9,163,True,False,True,True,True,False,False,178,178
walk_motor,process_03,0,10,163,True,False,False,False,False,True,True,67,67
walk_motor,process_03,0,11,163,True,False,True,True,True,False,False,177,177
walk_motor,process_03,0,12,163,True,False,True,True,True,False,False,187,186
walk_motor,process_03,0,13,163,True,False,True,False,False,False,False,-1,-1
walk_motor,process_03,0,14,163,True,False,True,True,True,False,False,186,182
walk_motor,process_03,0,15,163,True,False,True,True,True,False,False,174,174
walk_motor,process_03,1,0,102,True,True,True,True,True,False,False,129,124
walk_motor,process_03,1,1,102,True,True,True,False,False,False,False,-1,-1
walk_motor,process_03,1,2,102,True,True,True,False,False,False,False,-1,-1
walk_motor,process_03,1,3,102,True,True,True,False,True,False,False,-1,159
walk_motor,process_03,1,4,102,True,True,True,False,False,False,False,-1,-1
walk_motor,process_03,1,5,102,True,True,True,True,True,False,False,118,117
walk_motor,process_03,1,6,102,True,True,True,True,True,False,False,119,122
walk_motor,process_03,1,7,102,True,True,True,False,False,False,False,-1,-1
walk_motor,process_03,1,8,102,True,True,True,True,True,False,False,491,147
walk_motor,process_03,1,9,102,True,True,False,False,False,True,True,38,38
walk_motor,process_03,1,10,102,True,True,True,True,True,False,False,116,116
walk_motor,process_03,1,11,102,True,True,True,True,True,False,False,146,136
walk_motor,process_03,1,12,102,True,True,True,False,True,False,False,-1,216
walk_motor,process_03,1,13,102,True,True,True,True,True,False,False,143,128
walk_motor,process_03,1,14,102,True,True,True,False,True,False,False,-1,117
walk_motor,process_03,1,15,102,True,True,True,True,True,False,False,107,107
walk_motor,process_03,2,0,184,True,False,True,False,False,False,False,-1,-1
walk_motor,process_03,2,1,184,True,False,True,False,False,False,False,-1,-1
walk_motor,process_03,2,2,184,True,False,True,False,False,False,False,-1,-1
walk_motor,process_03,2,3,184,True,False,True,False,False,False,False,-1,-1
walk_motor,process_03,2,4,184,True,False,True,False,False,False,False,-1,-1
walk_motor,process_03,2,5,184,True,False,True,False,False,False,False,-1,-1
walk_motor,process_03,2,6,184,True,False,True,True,True,False,False,219,210
walk_motor,process_03,2,7,184,True,False,True,True,True,False,False,221,223
walk_motor,process_03,2,8,184,True,False,True,True,True,False,False,240,253
walk_motor,process_03,2,9,184,True,False,True,False,False,False,False,-1,-1
walk_motor,process_03,2,10,184,True,False,True,False,False,False,False,-1,-1
walk_motor,process_03,2,11,184,True,False,True,False,False,False,False,-1,-1
walk_motor,process_03,2,12,184,True,False,True,False,False,False,False,-1,-1
walk_motor,process_03,2,13,184,True,False,True,True,False,False,False,233,-1
walk_motor,process_03,2,14,184,True,False,True,True,True,False,False,200,200
walk_motor,process_03,2,15,184,True,False,True,False,True,False,False,-1,205
walk_motor,process_03,3,0,107,True,True,True,True,True,False,False,128,129
walk_motor,process_03,3,1,107,True,True,True,True,True,False,False,126,124
walk_motor,process_03,3,2,107,True,True,True,True,True,False,False,111,111
walk_motor,process_03,3,3,107,True,True,True,False,True,False,False,-1,165
walk_motor,process_03,3,4,107,True,True,True,False,False,False,False,-1,-1
walk_motor,process_03,3,5,107,True,True,True,True,True,False,False,139,137
walk_motor,process_03,3,6,107,True,True,True,True,True,False,False,140,146
walk_motor,process_03,3,7,107,True,True,True,False,True,False,False,-1,130
walk_motor,process_03,3,8,107,True,True,True,True,False,False,False,160,-1
walk_motor,process_03,3,9,107,True,True,True,False,False,False,False,-1,-1
walk_motor,process_03,3,10,107,True,True,True,False,False,False,False,-1,-1
walk_motor,process_03,3,11,107,True,True,True,False,False,False,False,-1,-1
walk_motor,process_03,3,12,107,True,True,True,True,True,False,False,132,133
walk_motor,process_03,3,13,107,True,True,True,False,False,False,False,-1,-1
walk_motor,process_03,3,14,107,True,True,True,True,False,False,False,136,-1
walk_motor,process_03,3,15,107,True,True,True,False,False,False,False,-1,-1
walk_motor,process_03,4,0,184,True,False,True,False,False,False,False,-1,-1
walk_motor,process_03,4,1,184,True,False,True,False,False,False,False,-1,-1
walk_motor,process_03,4,2,184,True,False,True,False,False,False,False,-1,-1
walk_motor,process_03,4,3,184,True,False,True,False,False,False,False,-1,-1
walk_motor,process_03,4,4,184,True,False,True,False,True,False,False,-1,213
walk_motor,process_03,4,5,184,True,False,False,False,False,True,True,154,153
walk_motor,process_03,4,6,184,True,False,False,False,False,True,True,69,69
walk_motor,process_03,4,7,184,True,False,False,False,False,True,True,66,66
walk_motor,process_03,4,8,184,True,False,False,False,False,True,True,56,56
walk_motor,process_03,4,9,184,True,False,True,False,False,False,False,-1,-1
walk_motor,process_03,4,10,184,True,False,True,False,False,False,False,-1,-1
walk_motor,process_03,4,11,184,True,False,True,True,True,False,False,383,201
walk_motor,process_03,4,12,184,True,False,True,False,False,False,False,-1,-1
walk_motor,process_03,4,13,184,True,False,True,True,True,False,False,205,199
walk_motor,process_03,4,14,184,True,False,True,False,False,False,False,-1,-1
walk_motor,process_03,4,15,184,True,False,True,False,False,False,False,-1,-1
walk_motor,process_03,5,0,157,True,False,True,True,True,False,False,173,171
walk_motor,process_03,5,1,157,True,False,True,True,False,False,False,435,-1
walk_motor,process_03,5,2,157,True,False,True,True,True,False,False,169,170
walk_motor,process_03,5,3,157,True,False,True,False,False,False,False,-1,-1
walk_motor,process_03,5,4,157,True,False,True,True,True,False,False,176,176
walk_motor,process_03,5,5,157,True,False,True,True,False,False,False,218,-1
walk_motor,process_03,5,6,157,True,False,True,True,True,False,False,175,176
walk_motor,process_03,5,7,157,True,False,True,True,True,False,False,176,173
walk_motor,process_03,5,8,157,True,False,True,True,True,False,False,174,179
walk_motor,process_03,5,9,157,True,False,True,True,True,False,False,181,179
walk_motor,process_03,5,10,157,True,False,True,False,True,False,False,-1,228
walk_motor,process_03,5,11,157,True,False,True,True,True,False,False,177,172
walk_motor,process_03,5,12,157,True,False,True,True,True,False,False,187,186
walk_motor,process_03,5,13,157,True,False,True,True,False,False,False,185,-1
walk_motor,process_03,5,14,157,True,False,True,True,True,False,False,169,167
walk_motor,process_03,5,15,157,True,False,True,False,False,False,False,-1,-1
walk_motor,process_03,6,0,183,True,False,True,False,False,False,False,-1,-1
walk_motor,process_03,6,1,183,True,False,True,True,True,False,False,198,200
walk_motor,process_03,6,2,183,True,False,True,False,False,False,False,-1,-1
walk_motor,process_03,6,3,183,True,False,True,False,False,False,False,-1,-1
walk_motor,process_03,6,4,183,True,False,True,True,True,False,False,238,218
walk_motor,process_03,6,5,183,True,False,False,False,False,True,True,113,113
walk_motor,process_03,6,6,183,True,False,True,True,True,False,False,213,206
walk_motor,process_03,6,7,183,True,False,True,False,False,False,False,-1,-1
walk_motor,process_03,6,8,183,True,False,True,False,False,False,False,-1,-1
walk_motor,process_03,6,9,183,True,False,True,False,False,False,False,-1,-1
walk_motor,process_03,6,10,183,True,False,True,False,False,False,False,-1,-1
walk_motor,process_03,6,11,183,True,False,True,True,False,False,False,268,-1
walk_motor,process_03,6,12,183,True,False,False,False,False,True,True,119,119
walk_motor,process_03,6,13,183,True,False,True,False,False,False,False,-1,-1
walk_motor,process_03,6,14,183,True,False,True,False,False,False,False,-1,-1
walk_motor,process_03,6,15,183,True,False,True,True,True,False,False,234,208
walk_motor,process_03,7,0,169,True,False,True,False,True,False,False,-1,239
walk_motor,process_03,7,1,169,True,False,True,False,False,False,False,-1,-1
walk_motor,process_03,7,2,169,True,False,True,True,True,False,False,176,186
walk_motor,process_03,7,3,169,True,False,True,False,True,False,False,-1,227
walk_motor,process_03,7,4,169,True,False,True,True,True,False,False,177,177
walk_motor,process_03,7,5,169,True,False,True,True,True,False,False,185,186
walk_motor,process_03,7,6,169,True,False,True,False,False,False,False,-1,-1
walk_motor,process_03,7,7,169,True,False,True,False,False,False,False,-1,-1
walk_motor,process_03,7,8,169,True,False,True,False,False,False,False,-1,-1
walk_motor,process_03,7,9,169,True,False,True,False,True,False,False,-1,277
walk_motor,process_03,7,10,169,True,False,True,True,False,False,False,193,-1
walk_motor,process_03,7,11,169,True,False,True,False,False,False,False,-1,-1
walk_motor,process_03,7,12,169,True,False,True,False,False,False,False,-1,-1
walk_motor,process_03,7,13,169,True,False,True,True,True,False,False,190,189
walk_motor,process_03,7,14,169,True,False,True,False,False,False,False,-1,-1
walk_motor,process_03,7,15,169,True,False,True,True,True,False,False,182,183
walk_motor,process_03,8,0,120,True,True,True,False,True,False,False,-1,148
walk_motor,process_03,8,1,120,True,True,True,True,True,False,False,159,145
walk_motor,process_03,8,2,120,True,True,True,True,True,False,False,143,141
walk_motor,process_03,8,3,120,True,True,True,False,False,False,False,-1,-1
walk_motor,process_03,8,4,120,True,True,True,True,True,False,False,172,140
walk_motor,process_03,8,5,120,True,True,True,True,True,False,False,267,157
walk_motor,process_03,8,6,120,True,True,True,True,True,False,False,159,138
walk_motor,process_03,8,7,120,True,True,True,False,False,False,False,-1,-1
walk_motor,process_03,8,8,120,True,True,False,False,False,True,True,78,78
walk_motor,process_03,8,9,120,True,True,True,True,True,False,False,127,127
walk_motor,process_03,8,10,120,True,True,True,True,True,False,False,186,170
walk_motor,process_03,8,11,120,True,True,False,False,False,True,True,85,85
walk_motor,process_03,8,12,120,True,True,True,True,True,False,False,132,131
walk_motor,process_03,8,13,120,True,True,True,False,False,False,False,-1,-1
walk_motor,process_03,8,14,120,True,True,True,True,True,False,False,152,152
walk_motor,process_03,8,15,120,True,True,True,True,True,False,False,141,137
walk_motor,process_03,9,0,144,True,False,True,False,True,False,False,-1,177
walk_motor,process_03,9,1,144,True,False,True,False,False,False,False,-1,-1
walk_motor,process_03,9,2,144,True,False,True,False,False,False,False,-1,-1
walk_motor,process_03,9,3,144,True,False,True,True,True,False,False,177,232
walk_motor,process_03,9,4,144,True,False,True,False,True,False,False,-1,183
walk_motor,process_03,9,5,144,True,False,True,False,False,False,False,-1,-1
walk_motor,process_03,9,6,144,True,False,True,False,False,False,False,-1,-1
walk_motor,process_03,9,7,144,True,False,True,False,True,False,False,-1,174
walk_motor,process_03,9,8,144,True,False,True,True,True,False,False,167,166
walk_motor,process_03,9,9,144,True,False,True,True,True,False,False,174,172
walk_motor,process_03,9,10,144,True,False,True,False,False,False,False,-1,-1
walk_motor,process_03,9,11,144,True,False,True,False,False,False,False,-1,-1
walk_motor,process_03,9,12,144,True,False,True,False,True,False,False,-1,325
walk_motor,process_03,9,13,144,True,False,True,True,True,False,False,180,169
walk_motor,process_03,9,14,144,True,False,True,False,False,False,False,-1,-1
walk_motor,process_03,9,15,144,True,False,True,True,True,False,False,160,158
walk_motor,process_03,10,0,200,True,False,True,False,False,False,False,-1,-1
walk_motor,process_03,10,1,200,True,False,True,False,False,False,False,-1,-1
walk_motor,process_03,10,2,200,True,False,True,False,False,False,False,-1,-1
walk_motor,process_03,10,3,200,True,False,True,True,True,False,False,276,251
walk_motor,process_03,10,4,200,True,False,True,True,True,False,False,232,226
walk_motor,process_03,10,5,200,True,False,True,False,True,False,False,-1,285
walk_motor,process_03,10,6,200,True,False,True,False,True,False,False,-1,315
walk_motor,process_03,10,7,200,True,False,True,False,False,False,False,-1,-1
walk_motor,process_03,10,8,200,True,False,True,False,False,False,False,-1,-1
walk_motor,process_03,10,9,200,True,False,True,False,False,False,False,-1,-1
walk_motor,process_03,10,10,200,True,False,True,False,False,False,False,-1,-1
walk_motor,process_03,10,11,200,True,False,True,False,True,False,False,-1,238
walk_motor,process_03,10,12,200,True,False,True,False,True,False,False,-1,381
walk_motor,process_03,10,13,200,True,False,True,False,False,False,False,-1,-1
walk_motor,process_03,10,14,200,True,False,True,False,False,False,False,-1,-1
walk_motor,process_03,10,15,200,True,False,True,False,False,False,False,-1,-1
walk_motor,process_03,11,0,129,True,False,True,True,False,False,False,143,-1
walk_motor,process_03,11,1,129,True,False,True,False,False,False,False,-1,-1
walk_motor,process_03,11,2,129,True,False,True,False,True,False,False,-1,148
walk_motor,process_03,11,3,129,True,False,True,True,True,False,False,186,165
walk_motor,process_03,11,4,129,True,False,True,True,True,False,False,145,144
walk_motor,process_03,11,5,129,True,False,True,True,True,False,False,140,140
walk_motor,process_03,11,6,129,True,False,True,False,True,False,False,-1,152
walk_motor,process_03,11,7,129,True,False,True,False,False,False,False,-1,-1
walk_motor,process_03,11,8,129,True,False,True,True,True,False,False,344,251
walk_motor,process_03,11,9,129,True,False,True,True,False,False,False,150,-1
walk_motor,process_03,11,10,129,True,False,True,True,True,False,False,185,156
walk_motor,process_03,11,11,129,True,False,True,True,True,False,False,148,147
walk_motor,process_03,11,12,129,True,False,True,False,False,False,False,-1,-1
walk_motor,process_03,11,13,129,True,False,True,False,False,False,False,-1,-1
walk_motor,process_03,11,14,129,True,False,True,False,False,False,False,-1,-1
walk_motor,process_03,11,15,129,True,False,True,True,True,False,False,155,151
walk_motor,process_03,12,0,193,True,False,True,True,True,False,False,209,210
walk_motor,process_03,12,1,193,True,False,True,False,True,False,False,-1,272
walk_motor,process_03,12,2,193,True,False,True,True,True,False,False,237,212
walk_motor,process_03,12,3,193,True,False,True,True,True,False,False,209,209
walk_motor,process_03,12,4,193,True,False,True,True,True,False,False,211,210
walk_motor,process_03,12,5,193,True,False,True,True,True,False,False,206,206
walk_motor,process_03,12,6,193,True,False,True,True,True,False,False,234,220
walk_motor,process_03,12,7,193,True,False,False,False,False,True,True,160,159
walk_motor,process_03,12,8,193,True,False,True,True,True,False,False,210,208
walk_motor,process_03,12,9,193,True,False,True,True,True,False,False,218,212
walk_motor,process_03,12,10,193,True,False,True,False,True,False,False,-1,223
walk_motor,process_03,12,11,193,True,False,True,False,False,False,False,-1,-1
walk_motor,process_03,12,12,193,True,False,True,True,True,False,False,216,214
walk_motor,process_03,12,13,193,True,False,True,False,False,False,False,-1,-1
walk_motor,process_03,12,14,193,True,False,True,True,True,False,False,213,211
walk_motor,process_03,12,15,193,True,False,True,True,True,False,False,210,211
walk_motor,process_03,13,0,193,True,False,True,False,False,False,False,-1,-1
walk_motor,process_03,13,1,193,True,False,True,False,False,False,False,-1,-1
walk_motor,process_03,13,2,193,True,False,True,True,True,False,False,215,216
walk_motor,process_03,13,3,193,True,False,True,False,False,False,False,-1,-1
walk_motor,process_03,13,4,193,True,False,True,False,False,False,False,-1,-1
walk_motor,process_03,13,5,193,True,False,True,False,False,False,False,-1,-1
walk_motor,process_03,13,6,193,True,False,True,False,False,False,False,-1,-1
walk_motor,process_03,13,7,193,True,False,True,True,True,False,False,275,251
walk_motor,process_03,13,8,193,True,False,True,False,False,False,False,-1,-1
walk_motor,process_03,13,9,193,True,False,True,True,True,False,False,227,234
walk_motor,process_03,13,10,193,True,False,True,False,False,False,False,-1,-1
walk_motor,process_03,13,11,193,True,False,True,True,True,False,False,277,235
walk_motor,process_03,13,12,193,True,False,True,False,True,False,False,-1,276
walk_motor,process_03,13,13,193,True,False,True,False,False,False,False,-1,-1
walk_motor,process_03,13,14,193,True,False,True,False,False,False,False,-1,-1
walk_motor,process_03,13,15,193,True,False,False,False,False,True,True,156,156
walk_motor,process_03,14,0,179,True,False,True,True,True,False,False,211,211
walk_motor,process_03,14,1,179,True,False,True,False,False,False,False,-1,-1
walk_motor,process_03,14,2,179,True,False,True,False,False,False,False,-1,-1
walk_motor,process_03,14,3,179,True,False,True,False,True,False,False,-1,200
walk_motor,process_03,14,4,179,True,False,True,False,False,False,False,-1,-1
walk_motor,process_03,14,5,179,True,False,True,True,True,False,False,199,197
walk_motor,process_03,14,6,179,True,False,True,False,False,False,False,-1,-1
walk_motor,process_03,14,7,179,True,False,True,False,True,False,False,-1,210
walk_motor,process_03,14,8,179,True,False,False,False,False,True,True,58,58
walk_motor,process_03,14,9,179,True,False,True,True,True,False,False,199,202
walk_motor,process_03,14,10,179,True,False,True,False,False,False,False,-1,-1
walk_motor,process_03,14,11,179,True,False,True,False,False,False,False,-1,-1
walk_motor,process_03,14,12,179,True,False,True,True,True,False,False,221,220
walk_motor,process_03,14,13,179,True,False,True,True,True,False,False,180,180
walk_motor,process_03,14,14,179,True,False,True,True,True,False,False,196,197
walk_motor,process_03,14,15,179,True,False,True,True,True,False,False,210,205
walk_motor,process_03,15,0,123,True,False,True,True,True,False,False,153,153
walk_motor,process_03,15,1,123,True,False,True,False,False,False,False,-1,-1
walk_motor,process_03,15,2,123,True,False,True,True,True,False,False,187,170
walk_motor,process_03,15,3,123,True,False,True,True,True,False,False,150,162
walk_motor,process_03,15,4,123,True,False,True,True,True,False,False,246,152
walk_motor,process_03,15,5,123,True,False,True,False,True,False,False,-1,155
walk_motor,process_03,15,6,123,True,False,True,False,False,False,False,-1,-1
walk_motor,process_03,15,7,123,True,False,True,False,False,False,False,-1,-1
walk_motor,process_03,15,8,123,True,False,True,True,False,False,False,188,-1
walk_motor,process_03,15,9,123,True,False,True,True,False,False,False,138,-1
walk_motor,process_03,15,10,123,True,False,True,False,False,False,False,-1,-1
walk_motor,process_03,15,11,123,True,False,True,False,False,False,False,-1,-1
walk_motor,process_03,15,12,123,True,False,True,True,False,False,False,171,-1
walk_motor,process_03,15,13,123,True,False,True,False,False,False,False,-1,-1
walk_motor,process_03,15,14,123,True,False,True,True,False,False,False,167,-1
walk_motor,process_03,15,15,123,True,False,True,False,False,False,False,-1,-1
walk_motor,process_03,16,0,128,True,False,True,False,False,False,False,-1,-1
walk_motor,process_03,16,1,128,True,False,True,True,False,False,False,262,-1
walk_motor,process_03,16,2,128,True,False,True,True,True,False,False,161,163
walk_motor,process_03,16,3,128,True,False,True,False,False,False,False,-1,-1
walk_motor,process_03,16,4,128,True,False,True,False,False,False,False,-1,-1
walk_motor,process_03,16,5,128,True,False,True,False,False,False,False,-1,-1
walk_motor,process_03,16,6,128,True,False,True,False,False,False,False,-1,-1
walk_motor,process_03,16,7,128,True,False,True,False,False,False,False,-1,-1
walk_motor,process_03,16,8,128,True,False,True,False,False,False,False,-1,-1
walk_motor,process_03,16,9,128,True,False,True,False,False,False,False,-1,-1
walk_motor,process_03,16,10,128,True,False,True,False,False,False,False,-1,-1
walk_motor,process_03,16,11,128,True,False,True,False,False,False,False,-1,-1
walk_motor,process_03,16,12,128,True,False,True,True,True,False,False,378,200
walk_motor,process_03,16,13,128,True,False,True,False,True,False,False,-1,150
walk_motor,process_03,16,14,128,True,False,True,True,True,False,False,150,152
walk_motor,process_03,16,15,128,True,False,True,True,True,False,False,155,158
walk_motor,process_03,17,0,131,True,False,True,True,True,False,False,182,167
walk_motor,process_03,17,1,131,True,False,True,True,True,False,False,171,170
walk_motor,process_03,17,2,131,True,False,True,True,True,False,False,155,151
walk_motor,process_03,17,3,131,True,False,True,True,True,False,False,150,150
walk_motor,process_03,17,4,131,True,False,True,False,True,False,False,-1,187
walk_motor,process_03,17,5,131,True,False,True,False,False,False,False,-1,-1
walk_motor,process_03,17,6,131,True,False,True,False,False,False,False,-1,-1
walk_motor,process_03,17,7,131,True,False,True,True,True,False,False,174,161
walk_motor,process_03,17,8,131,True,False,True,False,False,False,False,-1,-1
walk_motor,process_03,17,9,131,True,False,True,False,False,False,False,-1,-1
walk_motor,process_03,17,10,131,True,False,True,False,False,False,False,-1,-1
walk_motor,process_03,17,11,131,True,False,True,False,True,False,False,-1,191
walk_motor,process_03,17,12,131,True,False,True,True,False,False,False,204,-1
walk_motor,process_03,17,13,131,True,False,True,True,True,False,False,186,162
walk_motor,process_03,17,14,131,True,False,True,False,False,False,False,-1,-1
walk_motor,process_03,17,15,131,True,False,True,False,False,False,False,-1,-1
walk_motor,process_03,18,0,161,True,False,True,False,False,False,False,-1,-1
walk_motor,process_03,18,1,161,True,False,True,True,True,False,False,206,199
walk_motor,process_03,18,2,161,True,False,False,False,False,True,True,153,153
walk_motor,process_03,18,3,161,True,False,True,False,False,False,False,-1,-1
walk_motor,process_03,18,4,161,True,False,True,False,False,False,False,-1,-1
walk_motor,process_03,18,5,161,True,False,True,True,True,False,False,188,186
walk_motor,process_03,18,6,161,True,False,True,False,True,False,False,-1,182
walk_motor,process_03,18,7,161,True,False,True,True,True,False,False,179,178
walk_motor,process_03,18,8,161,True,False,True,False,False,False,False,-1,-1
walk_motor,process_03,18,9,161,True,False,True,True,True,False,False,191,190
walk_motor,process_03,18,10,161,True,False,True,False,False,False,False,-1,-1
walk_motor,process_03,18,11,161,True,False,True,True,True,False,False,178,178
walk_motor,process_03,18,12,161,True,False,True,False,True,False,False,-1,190
walk_motor,process_03,18,13,161,True,False,False,False,False,True,True,143,142
walk_motor,process_03,18,14,161,True,False,True,False,False,False,False,-1,-1
walk_motor,process_03,18,15,161,True,False,True,False,True,False,False,-1,184
walk_motor,process_03,19,0,161,True,False,True,True,True,False,False,201,193
walk_motor,process_03,19,1,161,True,False,True,True,True,False,False,171,169
walk_motor,process_03,19,2,161,True,False,True,False,False,False,False,-1,-1
walk_motor,process_03,19,3,161,True,False,True,True,False,False,False,247,-1
walk_motor,process_03,19,4,161,True,False,True,False,True,False,False,-1,174
walk_motor,process_03,19,5,161,True,False,True,False,False,False,False,-1,-1
walk_motor,process_03,19,6,161,True,False,True,True,False,False,False,235,-1
walk_motor,process_03,19,7,161,True,False,False,False,False,True,True,42,42
walk_motor,process_03,19,8,161,True,False,True,True,True,False,False,193,198
walk_motor,process_03,19,9,161,True,False,True,False,False,False,False,-1,-1
walk_motor,process_03,19,10,161,True,False,True,True,True,False,False,180,175
walk_motor,process_03,19,11,161,True,False,True,False,False,False,False,-1,-1
walk_motor,process_03,19,12,161,True,False,True,False,False,False,False,-1,-1
walk_motor,process_03,19,13,161,True,False,True,True,True,False,False,207,188
walk_motor,process_03,19,14,161,True,False,True,True,False,False,False,262,-1
walk_motor,process_03,19,15,161,True,False,True,False,False,False,False,-1,-1
walk_motor,process_03,20,0,163,True,False,True,False,False,False,False,-1,-1
walk_motor,process_03,20,1,163,True,False,True,False,False,False,False,-1,-1
walk_motor,process_03,20,2,163,True,False,True,True,True,False,False,167,167
walk_motor,process_03,20,3,163,True,False,True,False,False,False,False,-1,-1
walk_motor,process_03,20,4,163,True,False,True,True,False,False,False,263,-1
walk_motor,process_03,20,5,163,True,False,True,False,False,False,False,-1,-1
walk_motor,process_03,20,6,163,True,False,True,False,False,False,False,-1,-1
walk_motor,process_03,20,7,163,True,False,True,False,False,False,False,-1,-1
walk_motor,process_03,20,8,163,True,False,True,True,True,False,False,210,197
walk_motor,process_03,20,9,163,True,False,True,False,False,False,False,-1,-1
walk_motor,process_03,20,10,163,True,False,True,False,False,False,False,-1,-1
walk_motor,process_03,20,11,163,True,False,True,False,False,False,False,-1,-1
walk_motor,process_03,20,12,163,True,False,True,False,False,False,False,-1,-1
walk_motor,process_03,20,13,163,True,False,True,False,False,False,False,-1,-1
walk_motor,process_03,20,14,163,True,False,True,False,False,False,False,-1,-1
walk_motor,process_03,20,15,163,True,False,True,True,True,False,False,207,196
walk_motor,process_03,21,0,183,True,False,True,False,False,False,False,-1,-1
walk_motor,process_03,21,1,183,True,False,True,True,True,False,False,209,219
walk_motor,process_03,21,2,183,True,False,True,False,True,False,False,-1,224
walk_motor,process_03,21,3,183,True,False,True,False,False,False,False,-1,-1
walk_motor,process_03,21,4,183,True,False,True,True,True,False,False,201,200
walk_motor,process_03,21,5,183,True,False,True,False,True,False,False,-1,213
walk_motor,process_03,21,6,183,True,False,True,True,True,False,False,194,193
walk_motor,process_03,21,7,183,True,False,True,False,False,False,False,-1,-1
walk_motor,process_03,21,8,183,True,False,True,False,True,False,False,-1,238
walk_motor,process_03,21,9,183,True,False,True,True,True,False,False,210,210
walk_motor,process_03,21,10,183,True,False,False,False,False,True,True,162,161
walk_motor,process_03,21,11,183,True,False,True,True,True,False,False,205,204
walk_motor,process_03,21,12,183,True,False,True,True,True,False,False,213,208
walk_motor,process_03,21,13,183,True,False,True,True,True,False,False,204,205
walk_motor,process_03,21,14,183,True,False,True,False,False,False,False,-1,-1
walk_motor,process_03,21,15,183,True,False,True,True,True,False,False,197,194
walk_motor,process_03,22,0,175,True,False,True,False,False,False,False,-1,-1
walk_motor,process_03,22,1,175,True,False,True,True,True,False,False,193,193
walk_motor,process_03,22,2,175,True,False,True,False,True,False,False,-1,239
walk_motor,process_03,22,3,175,True,False,True,True,True,False,False,190,190
walk_motor,process_03,22,4,175,True,False,True,True,True,False,False,188,187
walk_motor,process_03,22,5,175,True,False,True,True,True,False,False,201,189
walk_motor,process_03,22,6,175,True,False,True,True,True,False,False,190,192
walk_motor,process_03,22,7,175,True,False,True,False,False,False,False,-1,-1
walk_motor,process_03,22,8,175,True,False,False,False,False,True,True,78,78
walk_motor,process_03,22,9,175,True,False,True,True,True,False,False,217,213
walk_motor,process_03,22,10,175,True,False,True,True,True,False,False,196,201
walk_motor,process_03,22,11,175,True,False,True,True,True,False,False,189,190
walk_motor,process_03,22,12,175,True,False,True,False,False,False,False,-1,-1
walk_motor,process_03,22,13,175,True,False,False,False,False,True,True,103,103
walk_motor,process_03,22,14,175,True,False,True,True,True,False,False,187,187
walk_motor,process_03,22,15,175,True,False,True,False,True,False,False,-1,212
walk_motor,process_03,23,0,166,True,False,False,False,False,True,True,119,119
walk_motor,process_03,23,1,166,True,False,True,True,True,False,False,232,210
walk_motor,process_03,23,2,166,True,False,True,False,False,False,False,-1,-1
walk_motor,process_03,23,3,166,True,False,True,False,False,False,False,-1,-1
walk_motor,process_03,23,4,166,True,False,False,False,False,True,True,30,30
walk_motor,process_03,23,5,166,True,False,True,False,False,False,False,-1,-1
walk_motor,process_03,23,6,166,True,False,True,False,False,False,False,-1,-1
walk_motor,process_03,23,7,166,True,False,False,False,False,True,True,97,97
walk_motor,process_03,23,8,166,True,False,True,False,False,False,False,-1,-1
walk_motor,process_03,23,9,166,True,False,True,False,False,False,False,-1,-1
walk_motor,process_03,23,10,166,True,False,True,False,True,False,False,-1,198
walk_motor,process_03,23,11,166,True,False,True,False,False,False,False,-1,-1
walk_motor,process_03,23,12,166,True,False,True,False,False,False,False,-1,-1
walk_motor,process_03,23,13,166,True,False,True,False,True,False,False,-1,230
walk_motor,process_03,23,14,166,True,False,True,False,False,False,False,-1,-1
walk_motor,process_03,23,15,166,True,False,True,False,False,False,False,-1,-1
walk_motor,process_03,24,0,193,True,False,True,True,True,False,False,200,201
walk_motor,process_03,24,1,193,True,False,True,False,True,False,False,-1,222
walk_motor,process_03,24,2,193,True,False,True,True,True,False,False,208,207
walk_motor,process_03,24,3,193,True,False,True,True,True,False,False,207,209
walk_motor,process_03,24,4,193,True,False,True,False,False,False,False,-1,-1
walk_motor,process_03,24,5,193,True,False,True,True,True,False,False,204,206
walk_motor,process_03,24,6,193,True,False,True,True,True,False,False,208,209
walk_motor,process_03,24,7,193,True,False,True,True,True,False,False,209,211
walk_motor,process_03,24,8,193,True,False,True,True,True,False,False,214,214
walk_motor,process_03,24,9,193,True,False,True,True,True,False,False,211,209
walk_motor,process_03,24,10,193,True,False,True,True,True,False,False,205,205
walk_motor,process_03,24,11,193,True,False,True,True,True,False,False,205,206
walk_motor,process_03,24,12,193,True,False,True,False,False,False,False,-1,-1
walk_motor,process_03,24,13,193,True,False,True,True,True,False,False,206,205
walk_motor,process_03,24,14,193,True,False,True,True,True,False,False,209,210
walk_motor,process_03,24,15,193,True,False,True,True,True,False,False,245,231
walk_motor,process_03,25,0,155,True,False,True,True,True,False,False,173,177
walk_motor,process_03,25,1,155,True,False,True,True,True,False,False,168,168
walk_motor,process_03,25,2,155,True,False,True,True,True,False,False,166,165
walk_motor,process_03,25,3,155,True,False,True,True,True,False,False,172,170
walk_motor,process_03,25,4,155,True,False,False,False,False,True,True,39,39
walk_motor,process_03,25,5,155,True,False,True,True,True,False,False,161,162
walk_motor,process_03,25,6,155,True,False,True,True,True,False,False,163,163
walk_motor,process_03,25,7,155,True,False,True,True,True,False,False,178,179
walk_motor,process_03,25,8,155,True,False,True,True,True,False,False,167,167
walk_motor,process_03,25,9,155,True,False,True,False,False,False,False,-1,-1
walk_motor,process_03,25,10,155,True,False,False,False,False,True,True,133,133
walk_motor,process_03,25,11,155,True,False,True,True,True,False,False,176,177
walk_motor,process_03,25,12,155,True,False,True,False,False,False,False,-1,-1
walk_motor,process_03,25,13,155,True,False,True,True,True,False,False,169,169
walk_motor,process_03,25,14,155,True,False,True,True,True,False,False,167,167
walk_motor,process_03,25,15,155,True,False,True,True,True,False,False,168,167
walk_motor,process_03,26,0,186,True,False,True,False,False,False,False,-1,-1
walk_motor,process_03,26,1,186,True,False,True,True,True,False,False,200,201
walk_motor,process_03,26,2,186,True,False,True,False,True,False,False,-1,234
walk_motor,process_03,26,3,186,True,False,True,True,True,False,False,187,187
walk_motor,process_03,26,4,186,True,False,True,True,True,False,False,199,198
walk_motor,process_03,26,5,186,True,False,True,True,True,False,False,202,202
walk_motor,process_03,26,6,186,True,False,True,True,True,False,False,199,199
walk_motor,process_03,26,7,186,True,False,True,True,True,False,False,199,199
walk_motor,process_03,26,8,186,True,False,True,False,False,False,False,-1,-1
walk_motor,process_03,26,9,186,True,False,False,False,False,True,True,41,41
walk_motor,process_03,26,10,186,True,False,True,False,False,False,False,-1,-1
walk_motor,process_03,26,11,186,True,False,False,False,False,True,True,128,128
walk_motor,process_03,26,12,186,True,False,True,True,True,False,False,203,204
walk_motor,process_03,26,13,186,True,False,True,True,True,False,False,202,201
walk_motor,process_03,26,14,186,True,False,True,False,False,False,False,-1,-1
walk_motor,process_03,26,15,186,True,False,True,True,True,False,False,205,202
walk_motor,process_03,27,0,144,True,False,True,True,True,False,False,154,155
walk_motor,process_03,27,1,144,True,False,True,False,False,False,False,-1,-1
walk_motor,process_03,27,2,144,True,False,True,False,True,False,False,-1,184
walk_motor,process_03,27,3,144,True,False,True,True,True,False,False,170,170
walk_motor,process_03,27,4,144,True,False,True,True,True,False,False,159,157
walk_motor,process_03,27,5,144,True,False,True,False,False,False,False,-1,-1
walk_motor,process_03,27,6,144,True,False,True,False,False,False,False,-1,-1
walk_motor,process_03,27,7,144,True,False,True,False,False,False,False,-1,-1
walk_motor,process_03,27,8,144,True,False,True,False,False,False,False,-1,-1
walk_motor,process_03,27,9,144,True,False,True,True,True,False,False,167,168
walk_motor,process_03,27,10,144,True,False,True,True,False,False,False,174,-1
walk_motor,process_03,27,11,144,True,False,True,False,True,False,False,-1,212
walk_motor,process_03,27,12,144,True,False,True,True,True,False,False,209,173
walk_motor,process_03,27,13,144,True,False,True,False,False,False,False,-1,-1
walk_motor,process_03,27,14,144,True,False,True,True,True,False,False,181,278
walk_motor,process_03,27,15,144,True,False,True,False,False,False,False,-1,-1
walk_motor,process_03,28,0,131,True,False,True,True,True,False,False,170,193
walk_motor,process_03,28,1,131,True,False,True,False,False,False,False,-1,-1
walk_motor,process_03,28,2,131,True,False,True,False,True,False,False,-1,153
walk_motor,process_03,28,3,131,True,False,True,True,True,False,False,152,149
walk_motor,process_03,28,4,131,True,False,True,False,False,False,False,-1,-1
walk_motor,process_03,28,5,131,True,False,True,True,True,False,False,157,157
walk_motor,process_03,28,6,131,True,False,True,False,False,False,False,-1,-1
walk_motor,process_03,28,7,131,True,False,True,True,False,False,False,177,-1
walk_motor,process_03,28,8,131,True,False,True,False,True,False,False,-1,239
walk_motor,process_03,28,9,131,True,False,True,True,True,False,False,162,161
walk_motor,process_03,28,10,131,True,False,True,True,True,False,False,185,182
walk_motor,process_03,28,11,131,True,False,True,False,False,False,False,-1,-1
walk_motor,process_03,28,12,131,True,False,True,False,False,False,False,-1,-1
walk_motor,process_03,28,13,131,True,False,True,True,True,False,False,147,146
walk_motor,process_03,28,14,131,True,False,True,False,True,False,False,-1,194
walk_motor,process_03,28,15,131,True,False,True,False,False,False,False,-1,-1
walk_motor,process_03,29,0,167,True,False,True,False,False,False,False,-1,-1
walk_motor,process_03,29,1,167,True,False,True,False,False,False,False,-1,-1
walk_motor,process_03,29,2,167,True,False,True,True,True,False,False,182,181
walk_motor,process_03,29,3,167,True,False,True,True,True,False,False,199,194
walk_motor,process_03,29,4,167,True,False,True,False,False,False,False,-1,-1
walk_motor,process_03,29,5,167,True,False,True,True,False,False,False,192,-1
walk_motor,process_03,29,6,167,True,False,True,True,True,False,False,207,190
walk_motor,process_03,29,7,167,True,False,True,False,False,False,False,-1,-1
walk_motor,process_03,29,8,167,True,False,True,False,True,False,False,-1,265
walk_motor,process_03,29,9,167,True,False,True,True,False,False,False,208,-1
walk_motor,process_03,29,10,167,True,False,True,False,False,False,False,-1,-1
walk_motor,process_03,29,11,167,True,False,True,True,True,False,False,236,221
walk_motor,process_03,29,12,167,True,False,True,False,False,False,False,-1,-1
walk_motor,process_03,29,13,167,True,False,True,False,False,False,False,-1,-1
walk_motor,process_03,29,14,167,True,False,True,False,False,False,False,-1,-1
walk_motor,process_03,29,15,167,True,False,True,True,True,False,False,185,183
walk_motor,process_03,30,0,180,True,False,True,True,True,False,False,227,242
walk_motor,process_03,30,1,180,True,False,True,True,True,False,False,212,213
walk_motor,process_03,30,2,180,True,False,True,False,False,False,False,-1,-1
walk_motor,process_03,30,3,180,True,False,True,False,False,False,False,-1,-1
walk_motor,process_03,30,4,180,True,False,True,True,True,False,False,208,205
walk_motor,process_03,30,5,180,True,False,True,True,True,False,False,279,231
walk_motor,process_03,30,6,180,True,False,True,True,True,False,False,214,207
walk_motor,process_03,30,7,180,True,False,True,True,True,False,False,191,190
walk_motor,process_03,30,8,180,True,False,True,False,True,False,False,-1,195
walk_motor,process_03,30,9,180,True,False,True,False,True,False,False,-1,233
walk_motor,process_03,30,10,180,True,False,True,False,False,False,False,-1,-1
walk_motor,process_03,30,11,180,True,False,True,False,False,False,False,-1,-1
walk_motor,process_03,30,12,180,True,False,True,True,False,False,False,238,-1
walk_motor,process_03,30,13,180,True,False,True,False,False,False,False,-1,-1
walk_motor,process_03,30,14,180,True,False,False,False,False,True,True,36,36
walk_motor,process_03,30,15,180,True,False,True,True,True,False,False,221,213
walk_motor,process_03,31,0,128,True,False,True,True,True,False,False,163,157
walk_motor,process_03,31,1,128,True,False,True,False,False,False,False,-1,-1
walk_motor,process_03,31,2,128,True,False,True,False,False,False,False,-1,-1
walk_motor,process_03,31,3,128,True,False,True,False,False,False,False,-1,-1
walk_motor,process_03,31,4,128,True,False,True,False,False,False,False,-1,-1
walk_motor,process_03,31,5,128,True,False,True,True,True,False,False,182,179
walk_motor,process_03,31,6,128,True,False,True,False,False,False,False,-1,-1
walk_motor,process_03,31,7,128,True,False,True,False,False,False,False,-1,-1
walk_motor,process_03,31,8,128,True,False,True,False,False,False,False,-1,-1
walk_motor,process_03,31,9,128,True,False,True,False,False,False,False,-1,-1
walk_motor,process_03,31,10,128,True,False,True,False,False,False,False,-1,-1
walk_motor,process_03,31,11,128,True,False,True,False,False,False,False,-1,-1
walk_motor,process_03,31,12,128,True,False,True,False,True,False,False,-1,165
walk_motor,process_03,31,13,128,True,False,True,True,True,False,False,148,149
walk_motor,process_03,31,14,128,True,False,True,False,False,False,False,-1,-1
walk_motor,process_03,31,15,128,True,False,True,True,True,False,False,289,196
walk_motor,process_03,32,0,151,False,False,False,False,False,False,False,-1,-1
walk_motor,process_03,32,1,151,False,False,False,False,False,False,False,-1,-1
walk_motor,process_03,32,2,151,False,False,False,False,False,False,False,-1,-1
walk_motor,process_03,32,3,151,False,False,False,False,False,False,False,-1,-1
walk_motor,process_03,32,4,151,False,False,False,False,False,False,False,-1,-1
walk_motor,process_03,32,5,151,False,False,False,False,False,False,False,-1,-1
walk_motor,process_03,32,6,151,False,False,False,False,False,False,False,-1,-1
walk_motor,process_03,32,7,151,False,False,False,False,False,False,False,-1,-1
walk_motor,process_03,32,8,151,False,False,False,False,False,True,True,112,112
walk_motor,process_03,32,9,151,False,False,False,False,False,False,False,-1,-1
walk_motor,process_03,32,10,151,False,False,False,False,False,False,False,-1,-1
walk_motor,process_03,32,11,151,False,False,False,False,False,True,True,146,147
walk_motor,process_03,32,12,151,False,False,False,False,False,False,False,-1,-1
walk_motor,process_03,32,13,151,False,False,False,False,False,False,False,-1,-1
walk_motor,process_03,32,14,151,False,False,False,False,False,False,False,-1,-1
walk_motor,process_03,32,15,151,False,False,False,False,False,False,False,-1,-1
walk_motor,process_03,33,0,111,False,True,False,False,False,False,False,-1,-1
walk_motor,process_03,33,1,111,False,True,False,False,False,False,False,-1,-1
walk_motor,process_03,33,2,111,False,True,False,False,False,False,False,-1,-1
walk_motor,process_03,33,3,111,False,True,False,False,False,False,False,-1,-1
walk_motor,process_03,33,4,111,False,True,False,False,False,False,False,-1,-1
walk_motor,process_03,33,5,111,False,True,False,True,True,False,False,223,241
walk_motor,process_03,33,6,111,False,True,False,False,False,False,False,-1,-1
walk_motor,process_03,33,7,111,False,True,False,False,False,False,False,-1,-1
walk_motor,process_03,33,8,111,False,True,False,False,False,False,False,-1,-1
walk_motor,process_03,33,9,111,False,True,False,False,False,False,False,-1,-1
walk_motor,process_03,33,10,111,False,True,False,False,False,False,False,-1,-1
walk_motor,process_03,33,11,111,False,True,False,True,True,False,False,231,245
walk_motor,process_03,33,12,111,False,True,False,False,False,False,False,-1,-1
walk_motor,process_03,33,13,111,False,True,False,False,False,False,False,-1,-1
walk_motor,process_03,33,14,111,False,True,False,False,False,False,False,-1,-1
walk_motor,process_03,33,15,111,False,True,False,False,False,False,False,-1,-1
walk_motor,process_03,34,0,148,False,False,False,False,False,False,False,-1,-1
walk_motor,process_03,34,1,148,False,False,False,False,False,False,False,-1,-1
walk_motor,process_03,34,2,148,False,False,False,False,False,False,False,-1,-1
walk_motor,process_03,34,3,148,False,False,False,False,False,False,False,-1,-1
walk_motor,process_03,34,4,148,False,False,False,False,False,False,False,-1,-1
walk_motor,process_03,34,5,148,False,False,False,False,False,False,False,-1,-1
walk_motor,process_03,34,6,148,False,False,False,False,False,False,False,-1,-1
walk_motor,process_03,34,7,148,False,False,False,False,False,False,False,-1,-1
walk_motor,process_03,34,8,148,False,False,False,False,False,False,False,-1,-1
walk_motor,process_03,34,9,148,False,False,False,False,False,False,False,-1,-1
walk_motor,process_03,34,10,148,False,False,False,False,False,True,True,96,96
walk_motor,process_03,34,11,148,False,False,False,False,False,False,False,-1,-1
walk_motor,process_03,34,12,148,False,False,False,False,False,False,False,-1,-1
walk_motor,process_03,34,13,148,False,False,False,False,False,False,False,-1,-1
walk_motor,process_03,34,14,148,False,False,False,False,False,False,False,-1,-1
walk_motor,process_03,34,15,148,False,False,False,False,False,True,True,59,59
walk_motor,process_03,35,0,178,False,False,False,True,False,False,False,231,-1
walk_motor,process_03,35,1,178,False,False,False,False,False,False,False,-1,-1
walk_motor,process_03,35,2,178,False,False,False,False,False,False,False,-1,-1
walk_motor,process_03,35,3,178,False,False,False,False,False,False,False,-1,-1
walk_motor,process_03,35,4,178,False,False,False,False,False,False,False,-1,-1
walk_motor,process_03,35,5,178,False,False,False,False,False,False,False,-1,-1
walk_motor,process_03,35,6,178,False,False,False,False,False,False,False,-1,-1
walk_motor,process_03,35,7,178,False,False,False,False,False,False,False,-1,-1
walk_motor,process_03,35,8,178,False,False,False,False,False,False,False,-1,-1
walk_motor,process_03,35,9,178,False,False,False,False,False,False,False,-1,-1
walk_motor,process_03,35,10,178,False,False,False,False,False,False,False,-1,-1
walk_motor,process_03,35,11,178,False,False,False,False,False,False,False,-1,-1
walk_motor,process_03,35,12,178,False,False,False,False,False,False,False,-1,-1
walk_motor,process_03,35,13,178,False,False,False,False,False,False,False,-1,-1
walk_motor,process_03,35,14,178,False,False,False,False,False,False,False,-1,-1
walk_motor,process_03,35,15,178,False,False,False,False,False,False,False,-1,-1
walk_motor,process_03,36,0,161,False,False,False,False,False,False,False,-1,-1
walk_motor,process_03,36,1,161,False,False,False,False,False,False,False,-1,-1
walk_motor,process_03,36,2,161,False,False,False,False,False,False,False,-1,-1
walk_motor,process_03,36,3,161,False,False,False,False,False,False,False,-1,-1
walk_motor,process_03,36,4,161,False,False,False,False,False,False,False,-1,-1
walk_motor,process_03,36,5,161,False,False,False,False,False,False,False,-1,-1
walk_motor,process_03,36,6,161,False,False,False,False,False,False,False,-1,-1
walk_motor,process_03,36,7,161,False,False,False,False,False,False,False,-1,-1
walk_motor,process_03,36,8,161,False,False,False,False,False,False,False,-1,-1
walk_motor,process_03,36,9,161,False,False,False,False,False,False,False,-1,-1
walk_motor,process_03,36,10,161,False,False,False,False,False,False,False,-1,-1
walk_motor,process_03,36,11,161,False,False,False,False,False,True,True,152,151
walk_motor,process_03,36,12,161,False,False,False,False,False,False,False,-1,-1
walk_motor,process_03,36,13,161,False,False,False,False,False,False,False,-1,-1
walk_motor,process_03,36,14,161,False,False,False,False,False,False,False,-1,-1
walk_motor,process_03,36,15,161,False,False,False,False,False,False,False,-1,-1
walk_motor,process_03,37,0,111,False,True,False,False,False,False,False,-1,-1
walk_motor,process_03,37,1,111,False,True,False,False,False,False,False,-1,-1
walk_motor,process_03,37,2,111,False,True,False,False,False,False,False,-1,-1
walk_motor,process_03,37,3,111,False,True,False,False,False,False,False,-1,-1
walk_motor,process_03,37,4,111,False,True,False,True,True,False,False,120,120
walk_motor,process_03,37,5,111,False,True,False,True,True,False,False,187,168
walk_motor,process_03,37,6,111,False,True,False,False,False,False,False,-1,-1
walk_motor,process_03,37,7,111,False,True,False,False,False,False,False,-1,-1
walk_motor,process_03,37,8,111,False,True,False,False,False,False,False,-1,-1
walk_motor,process_03,37,9,111,False,True,False,False,False,False,False,-1,-1
walk_motor,process_03,37,10,111,False,True,False,False,False,False,False,-1,-1
walk_motor,process_03,37,11,111,False,True,False,False,False,False,False,-1,-1
walk_motor,process_03,37,12,111,False,True,False,False,False,False,False,-1,-1
walk_motor,process_03,37,13,111,False,True,False,False,False,False,False,-1,-1
walk_motor,process_03,37,14,111,False,True,False,False,False,False,False,-1,-1
walk_motor,process_03,37,15,111,False,True,False,False,False,False,False,-1,-1
walk_motor,process_03,38,0,178,False,False,False,False,False,False,False,-1,-1
walk_motor,process_03,38,1,178,False,False,False,False,False,False,False,-1,-1
walk_motor,process_03,38,2,178,False,False,False,False,False,False,False,-1,-1
walk_motor,process_03,38,3,178,False,False,False,False,False,False,False,-1,-1
walk_motor,process_03,38,4,178,False,False,False,False,False,False,False,-1,-1
walk_motor,process_03,38,5,178,False,False,False,False,False,False,False,-1,-1
walk_motor,process_03,38,6,178,False,False,False,False,False,False,False,-1,-1
walk_motor,process_03,38,7,178,False,False,False,False,False,False,False,-1,-1
walk_motor,process_03,38,8,178,False,False,False,False,False,False,False,-1,-1
walk_motor,process_03,38,9,178,False,False,False,False,False,False,False,-1,-1
walk_motor,process_03,38,10,178,False,False,False,False,False,False,False,-1,-1
walk_motor,process_03,38,11,178,False,False,False,False,False,False,False,-1,-1
walk_motor,process_03,38,12,178,False,False,False,False,False,False,False,-1,-1
walk_motor,process_03,38,13,178,False,False,False,False,False,False,False,-1,-1
walk_motor,process_03,38,14,178,False,False,False,False,False,False,False,-1,-1
walk_motor,process_03,38,15,178,False,False,False,False,False,False,False,-1,-1
walk_motor,process_03,39,0,156,False,False,False,False,False,False,False,-1,-1
walk_motor,process_03,39,1,156,False,False,False,False,False,False,False,-1,-1
walk_motor,process_03,39,2,156,False,False,False,False,False,False,False,-1,-1
walk_motor,process_03,39,3,156,False,False,False,False,False,False,False,-1,-1
walk_motor,process_03,39,4,156,False,False,False,True,True,False,False,260,293
walk_motor,process_03,39,5,156,False,False,False,False,False,False,False,-1,-1
walk_motor,process_03,39,6,156,False,False,False,False,False,False,False,-1,-1
walk_motor,process_03,39,7,156,False,False,False,False,False,False,False,-1,-1
walk_motor,process_03,39,8,156,False,False,False,False,False,False,False,-1,-1
walk_motor,process_03,39,9,156,False,False,False,False,False,False,False,-1,-1
walk_motor,process_03,39,10,156,False,False,False,False,False,False,False,-1,-1
walk_motor,process_03,39,11,156,False,False,False,False,False,False,False,-1,-1
walk_motor,process_03,39,12,156,False,False,False,False,False,False,False,-1,-1
walk_motor,process_03,39,13,156,False,False,False,False,False,False,False,-1,-1
walk_motor,process_03,39,14,156,False,False,False,False,False,False,False,-1,-1
walk_motor,process_03,39,15,156,False,False,False,False,False,False,False,-1,-1
walk_motor,process_03,40,0,122,False,False,False,False,False,False,False,-1,-1
walk_motor,process_03,40,1,122,False,False,False,False,False,False,False,-1,-1
walk_motor,process_03,40,2,122,False,False,False,False,False,False,False,-1,-1
walk_motor,process_03,40,3,122,False,False,False,False,False,False,False,-1,-1
walk_motor,process_03,40,4,122,False,False,False,False,False,False,False,-1,-1
walk_motor,process_03,40,5,122,False,False,False,False,False,False,False,-1,-1
walk_motor,process_03,40,6,122,False,False,False,False,False,False,False,-1,-1
walk_motor,process_03,40,7,122,False,False,False,False,False,False,False,-1,-1
walk_motor,process_03,40,8,122,False,False,False,False,False,False,False,-1,-1
walk_motor,process_03,40,9,122,False,False,False,False,False,False,False,-1,-1
walk_motor,process_03,40,10,122,False,False,False,False,False,False,False,-1,-1
walk_motor,process_03,40,11,122,False,False,False,False,False,False,False,-1,-1
walk_motor,process_03,40,12,122,False,False,False,False,False,False,False,-1,-1
walk_motor,process_03,40,13,122,False,False,False,False,False,False,False,-1,-1
walk_motor,process_03,40,14,122,False,False,False,False,False,False,False,-1,-1
walk_motor,process_03,40,15,122,False,False,False,False,False,False,False,-1,-1
walk_motor,process_03,41,0,142,False,False,False,False,False,True,True,30,30
walk_motor,process_03,41,1,142,False,False,False,False,False,True,True,140,140
walk_motor,process_03,41,2,142,False,False,False,False,False,False,False,-1,-1
walk_motor,process_03,41,3,142,False,False,False,False,False,False,False,-1,-1
walk_motor,process_03,41,4,142,False,False,False,False,False,False,False,-1,-1
walk_motor,process_03,41,5,142,False,False,False,False,False,False,False,-1,-1
walk_motor,process_03,41,6,142,False,False,False,False,False,False,False,-1,-1
walk_motor,process_03,41,7,142,False,False,False,False,False,False,False,-1,-1
walk_motor,process_03,41,8,142,False,False,False,False,False,False,False,-1,-1
walk_motor,process_03,41,9,142,False,False,False,False,False,False,False,-1,-1
walk_motor,process_03,41,10,142,False,False,False,False,False,False,False,-1,-1
walk_motor,process_03,41,11,142,False,False,False,False,False,False,False,-1,-1
walk_motor,process_03,41,12,142,False,False,False,False,False,False,False,-1,-1
walk_motor,process_03,41,13,142,False,False,False,False,False,False,False,-1,-1
walk_motor,process_03,41,14,142,False,False,False,False,False,False,False,-1,-1
walk_motor,process_03,41,15,142,False,False,False,False,False,False,False,-1,-1
walk_motor,process_03,42,0,101,False,True,False,False,False,False,False,-1,-1
walk_motor,process_03,42,1,101,False,True,False,False,False,False,False,-1,-1
walk_motor,process_03,42,2,101,False,True,False,False,False,False,False,-1,-1
walk_motor,process_03,42,3,101,False,True,False,False,False,False,False,-1,-1
walk_motor,process_03,42,4,101,False,True,False,False,False,False,False,-1,-1
walk_motor,process_03,42,5,101,False,True,False,False,False,False,False,-1,-1
walk_motor,process_03,42,6,101,False,True,False,False,False,False,False,-1,-1
walk_motor,process_03,42,7,101,False,True,False,False,False,False,False,-1,-1
walk_motor,process_03,42,8,101,False,True,False,False,False,False,False,-1,-1
walk_motor,process_03,42,9,101,False,True,False,False,False,False,False,-1,-1
walk_motor,process_03,42,10,101,False,True,False,False,False,False,False,-1,-1
walk_motor,process_03,42,11,101,False,True,False,False,False,False,False,-1,-1
walk_motor,process_03,42,12,101,False,True,False,False,False,False,False,-1,-1
walk_motor,process_03,42,13,101,False,True,False,False,False,False,False,-1,-1
walk_motor,process_03,42,14,101,False,True,False,False,False,False,False,-1,-1
walk_motor,process_03,42,15,101,False,True,False,False,False,False,False,-1,-1
walk_motor,process_03,43,0,198,False,False,False,False,False,False,False,-1,-1
walk_motor,process_03,43,1,198,False,False,False,False,False,False,False,-1,-1
walk_motor,process_03,43,2,198,False,False,False,False,False,False,False,-1,-1
walk_motor,process_03,43,3,198,False,False,False,False,False,False,False,-1,-1
walk_motor,process_03,43,4,198,False,False,False,False,False,False,False,-1,-1
walk_motor,process_03,43,5,198,False,False,False,False,False,True,True,88,88
walk_motor,process_03,43,6,198,False,False,False,False,False,False,False,-1,-1
walk_motor,process_03,43,7,198,False,False,False,False,False,False,False,-1,-1
walk_motor,process_03,43,8,198,False,False,False,False,False,False,False,-1,-1
walk_motor,process_03,43,9,198,False,False,False,False,False,False,False,-1,-1
walk_motor,process_03,43,10,198,False,False,False,False,False,False,False,-1,-1
walk_motor,process_03,43,11,198,False,False,False,False,False,False,False,-1,-1
walk_motor,process_03,43,12,198,False,False,False,False,False,False,False,-1,-1
walk_motor,process_03,43,13,198,False,False,False,False,False,False,False,-1,-1
walk_motor,process_03,43,14,198,False,False,False,False,False,False,False,-1,-1
walk_motor,process_03,43,15,198,False,False,False,False,False,False,False,-1,-1
walk_motor,process_03,44,0,132,False,False,False,False,False,False,False,-1,-1
walk_motor,process_03,44,1,132,False,False,False,False,False,False,False,-1,-1
walk_motor,process_03,44,2,132,False,False,False,False,False,False,False,-1,-1
walk_motor,process_03,44,3,132,False,False,False,False,False,False,False,-1,-1
walk_motor,process_03,44,4,132,False,False,False,False,False,False,False,-1,-1
walk_motor,process_03,44,5,132,False,False,False,False,False,False,False,-1,-1
walk_motor,process_03,44,6,132,False,False,False,False,False,False,False,-1,-1
walk_motor,process_03,44,7,132,False,False,False,False,False,False,False,-1,-1
walk_motor,process_03,44,8,132,False,False,False,False,False,False,False,-1,-1
walk_motor,process_03,44,9,132,False,False,False,False,False,False,False,-1,-1
walk_motor,process_03,44,10,132,False,False,False,False,False,False,False,-1,-1
walk_motor,process_03,44,11,132,False,False,False,False,False,False,False,-1,-1
walk_motor,process_03,44,12,132,False,False,False,False,False,False,False,-1,-1
walk_motor,process_03,44,13,132,False,False,False,False,False,False,False,-1,-1
walk_motor,process_03,44,14,132,False,False,False,False,False,True,True,129,130
walk_motor,process_03,44,15,132,False,False,False,False,False,False,False,-1,-1
walk_motor,process_03,45,0,181,False,False,False,False,False,False,False,-1,-1
walk_motor,process_03,45,1,181,False,False,False,False,False,False,False,-1,-1
walk_motor,process_03,45,2,181,False,False,False,False,False,False,False,-1,-1
walk_motor,process_03,45,3,181,False,False,False,False,False,False,False,-1,-1
walk_motor,process_03,45,4,181,False,False,False,False,False,True,True,35,35
walk_motor,process_03,45,5,181,False,False,False,False,False,False,False,-1,-1
walk_motor,process_03,45,6,181,False,False,False,False,False,False,False,-1,-1
walk_motor,process_03,45,7,181,False,False,False,False,False,True,True,95,95
walk_motor,process_03,45,8,181,False,False,False,False,False,False,False,-1,-1
walk_motor,process_03,45,9,181,False,False,False,False,False,False,False,-1,-1
walk_motor,process_03,45,10,181,False,False,False,False,False,False,False,-1,-1
walk_motor,process_03,45,11,181,False,False,False,False,False,False,False,-1,-1
walk_motor,process_03,45,12,181,False,False,False,False,False,False,False,-1,-1
walk_motor,process_03,45,13,181,False,False,False,False,False,False,False,-1,-1
walk_motor,process_03,45,14,181,False,False,False,False,False,False,False,-1,-1
walk_motor,process_03,45,15,181,False,False,False,False,False,False,False,-1,-1
walk_motor,process_03,46,0,146,False,False,False,False,False,True,True,106,106
walk_motor,process_03,46,1,146,False,False,False,False,False,False,False,-1,-1
walk_motor,process_03,46,2,146,False,False,False,False,False,False,False,-1,-1
walk_motor,process_03,46,3,146,False,False,False,False,False,False,False,-1,-1
walk_motor,process_03,46,4,146,False,False,False,False,False,False,False,-1,-1
walk_motor,process_03,46,5,146,False,False,False,False,False,False,False,-1,-1
walk_motor,process_03,46,6,146,False,False,False,False,False,False,False,-1,-1
walk_motor,process_03,46,7,146,False,False,False,False,False,False,False,-1,-1
walk_motor,process_03,46,8,146,False,False,False,False,False,False,False,-1,-1
walk_motor,process_03,46,9,146,False,False,False,False,False,False,False,-1,-1
walk_motor,process_03,46,10,146,False,False,False,False,False,False,False,-1,-1
walk_motor,process_03,46,11,146,False,False,False,False,False,False,False,-1,-1
walk_motor,process_03,46,12,146,False,False,False,False,False,False,False,-1,-1
walk_motor,process_03,46,13,146,False,False,False,False,False,False,False,-1,-1
walk_motor,process_03,46,14,146,False,False,False,True,False,False,False,233,-1
walk_motor,process_03,46,15,146,False,False,False,False,False,False,False,-1,-1
walk_motor,process_03,47,0,130,False,False,False,False,False,False,False,-1,-1
walk_motor,process_03,47,1,130,False,False,False,False,False,False,False,-1,-1
walk_motor,process_03,47,2,130,False,False,False,False,False,True,True,83,83
walk_motor,process_03,47,3,130,False,False,False,False,False,False,False,-1,-1
walk_motor,process_03,47,4,130,False,False,False,False,False,False,False,-1,-1
walk_motor,process_03,47,5,130,False,False,False,False,False,False,False,-1,-1
walk_motor,process_03,47,6,130,False,False,False,False,False,False,False,-1,-1
walk_motor,process_03,47,7,130,False,False,False,False,False,False,False,-1,-1
walk_motor,process_03,47,8,130,False,False,False,False,False,False,False,-1,-1
walk_motor,process_03,47,9,130,False,False,False,False,False,False,False,-1,-1
walk_motor,process_03,47,10,130,False,False,False,False,False,False,False,-1,-1
walk_motor,process_03,47,11,130,False,False,False,False,False,False,False,-1,-1
walk_motor,process_03,47,12,130,False,False,False,False,False,False,False,-1,-1
walk_motor,process_03,47,13,130,False,False,False,False,False,False,False,-1,-1
walk_motor,process_03,47,14,130,False,False,False,False,False,False,False,-1,-1
walk_motor,process_03,47,15,130,False,False,False,False,False,False,False,-1,-1
walk_obs,process_03,0,0,148,True,False,True,False,False,False,False,-1,-1
walk_obs,process_03,0,1,148,True,False,True,False,False,False,False,-1,-1
walk_obs,process_03,0,2,148,True,False,True,False,False,False,False,-1,-1
walk_obs,process_03,0,3,148,True,False,True,False,False,False,False,-1,-1
walk_obs,process_03,0,4,148,True,False,True,True,False,False,False,166,-1
walk_obs,process_03,0,5,148,True,False,True,True,False,False,False,187,-1
walk_obs,process_03,0,6,148,True,False,True,True,True,False,False,219,215
walk_obs,process_03,0,7,148,True,False,True,False,False,False,False,-1,-1
walk_obs,process_03,0,8,148,True,False,True,False,False,False,False,-1,-1
walk_obs,process_03,0,9,148,True,False,True,False,False,False,False,-1,-1
walk_obs,process_03,0,10,148,True,False,False,False,False,True,True,67,67
walk_obs,process_03,0,11,148,True,False,True,False,False,False,False,-1,-1
walk_obs,process_03,0,12,148,True,False,True,False,False,False,False,-1,-1
walk_obs,process_03,0,13,148,True,False,True,False,False,False,False,-1,-1
walk_obs,process_03,0,14,148,True,False,True,True,False,False,False,384,-1
walk_obs,process_03,0,15,148,True,False,True,False,False,False,False,-1,-1
walk_obs,process_03,1,0,195,True,False,True,False,False,False,False,-1,-1
walk_obs,process_03,1,1,195,True,False,True,False,False,False,False,-1,-1
walk_obs,process_03,1,2,195,True,False,True,True,True,False,False,286,246
walk_obs,process_03,1,3,195,True,False,True,False,False,False,False,-1,-1
walk_obs,process_03,1,4,195,True,False,True,False,False,False,False,-1,-1
walk_obs,process_03,1,5,195,True,False,True,False,False,False,False,-1,-1
walk_obs,process_03,1,6,195,True,False,True,False,False,False,False,-1,-1
walk_obs,process_03,1,7,195,True,False,True,False,False,False,False,-1,-1
walk_obs,process_03,1,8,195,True,False,True,False,False,False,False,-1,-1
walk_obs,process_03,1,9,195,True,False,False,False,False,True,True,38,38
walk_obs,process_03,1,10,195,True,False,True,True,False,False,False,388,-1
walk_obs,process_03,1,11,195,True,False,True,False,False,False,False,-1,-1
walk_obs,process_03,1,12,195,True,False,True,False,False,False,False,-1,-1
walk_obs,process_03,1,13,195,True,False,True,False,False,False,False,-1,-1
walk_obs,process_03,1,14,195,True,False,True,True,False,False,False,248,-1
walk_obs,process_03,1,15,195,True,False,False,False,False,True,True,172,173
walk_obs,process_03,2,0,131,True,True,True,False,False,False,False,-1,-1
walk_obs,process_03,2,1,131,True,True,True,True,False,False,False,205,-1
walk_obs,process_03,2,2,131,True,True,True,False,False,False,False,-1,-1
walk_obs,process_03,2,3,131,True,True,True,False,False,False,False,-1,-1
walk_obs,process_03,2,4,131,True,True,True,False,False,False,False,-1,-1
walk_obs,process_03,2,5,131,True,True,True,False,False,False,False,-1,-1
walk_obs,process_03,2,6,131,True,True,True,False,False,False,False,-1,-1
walk_obs,process_03,2,7,131,True,True,True,False,False,False,False,-1,-1
walk_obs,process_03,2,8,131,True,True,True,False,False,False,False,-1,-1
walk_obs,process_03,2,9,131,True,True,True,False,False,False,False,-1,-1
walk_obs,process_03,2,10,131,True,True,True,False,False,False,False,-1,-1
walk_obs,process_03,2,11,131,True,True,True,False,False,False,False,-1,-1
walk_obs,process_03,2,12,131,True,True,True,False,False,False,False,-1,-1
walk_obs,process_03,2,13,131,True,True,True,False,False,False,False,-1,-1
walk_obs,process_03,2,14,131,True,True,True,True,False,False,False,294,-1
walk_obs,process_03,2,15,131,True,True,True,True,False,False,False,200,-1
walk_obs,process_03,3,0,145,True,False,True,False,False,False,False,-1,-1
walk_obs,process_03,3,1,145,True,False,True,True,False,False,False,200,-1
walk_obs,process_03,3,2,145,True,False,False,False,False,True,True,112,112
walk_obs,process_03,3,3,145,True,False,True,False,False,False,False,-1,-1
walk_obs,process_03,3,4,145,True,False,True,True,True,False,False,199,197
walk_obs,process_03,3,5,145,True,False,True,False,False,False,False,-1,-1
walk_obs,process_03,3,6,145,True,False,True,False,False,False,False,-1,-1
walk_obs,process_03,3,7,145,True,False,True,True,False,False,False,204,-1
walk_obs,process_03,3,8,145,True,False,True,False,False,False,False,-1,-1
walk_obs,process_03,3,9,145,True,False,True,False,False,False,False,-1,-1
walk_obs,process_03,3,10,145,True,False,True,True,False,False,False,325,-1
walk_obs,process_03,3,11,145,True,False,True,False,False,False,False,-1,-1
walk_obs,process_03,3,12,145,True,False,True,False,False,False,False,-1,-1
walk_obs,process_03,3,13,145,True,False,True,False,False,False,False,-1,-1
walk_obs,process_03,3,14,145,True,False,True,False,False,False,False,-1,-1
walk_obs,process_03,3,15,145,True,False,True,True,False,False,False,191,-1
walk_obs,process_03,4,0,192,True,False,True,True,False,False,False,246,-1
walk_obs,process_03,4,1,192,True,False,True,False,False,False,False,-1,-1
walk_obs,process_03,4,2,192,True,False,True,False,False,False,False,-1,-1
walk_obs,process_03,4,3,192,True,False,True,True,False,False,False,228,-1
walk_obs,process_03,4,4,192,True,False,True,False,False,False,False,-1,-1
walk_obs,process_03,4,5,192,True,False,False,False,False,True,True,151,152
walk_obs,process_03,4,6,192,True,False,False,False,False,True,True,69,69
walk_obs,process_03,4,7,192,True,False,False,False,False,True,True,66,66
walk_obs,process_03,4,8,192,True,False,False,False,False,True,True,56,56
walk_obs,process_03,4,9,192,True,False,True,False,False,False,False,-1,-1
walk_obs,process_03,4,10,192,True,False,True,False,False,False,False,-1,-1
walk_obs,process_03,4,11,192,True,False,True,True,False,False,False,223,-1
walk_obs,process_03,4,12,192,True,False,True,False,False,False,False,-1,-1
walk_obs,process_03,4,13,192,True,False,True,True,False,False,False,245,-1
walk_obs,process_03,4,14,192,True,False,True,False,False,False,False,-1,-1
walk_obs,process_03,4,15,192,True,False,True,False,False,False,False,-1,-1
walk_obs,process_03,5,0,193,True,False,True,True,False,False,False,275,-1
walk_obs,process_03,5,1,193,True,False,True,False,False,False,False,-1,-1
walk_obs,process_03,5,2,193,True,False,True,True,False,False,False,258,-1
walk_obs,process_03,5,3,193,True,False,True,False,False,False,False,-1,-1
walk_obs,process_03,5,4,193,True,False,True,False,False,False,False,-1,-1
walk_obs,process_03,5,5,193,True,False,True,False,False,False,False,-1,-1
walk_obs,process_03,5,6,193,True,False,True,False,False,False,False,-1,-1
walk_obs,process_03,5,7,193,True,False,True,False,False,False,False,-1,-1
walk_obs,process_03,5,8,193,True,False,True,False,False,False,False,-1,-1
walk_obs,process_03,5,9,193,True,False,True,False,False,False,False,-1,-1
walk_obs,process_03,5,10,193,True,False,True,True,False,False,False,437,-1
walk_obs,process_03,5,11,193,True,False,True,True,False,False,False,247,-1
walk_obs,process_03,5,12,193,True,False,True,False,False,False,False,-1,-1
walk_obs,process_03,5,13,193,True,False,True,False,False,False,False,-1,-1
walk_obs,process_03,5,14,193,True,False,True,True,False,False,False,367,-1
walk_obs,process_03,5,15,193,True,False,True,False,False,False,False,-1,-1
walk_obs,process_03,6,0,193,True,False,True,False,False,False,False,-1,-1
walk_obs,process_03,6,1,193,True,False,True,True,False,False,False,207,-1
walk_obs,process_03,6,2,193,True,False,True,False,False,False,False,-1,-1
walk_obs,process_03,6,3,193,True,False,True,True,False,False,False,400,-1
walk_obs,process_03,6,4,193,True,False,True,False,False,False,False,-1,-1
walk_obs,process_03,6,5,193,True,False,False,False,False,True,True,113,113
walk_obs,process_03,6,6,193,True,False,True,False,False,False,False,-1,-1
walk_obs,process_03,6,7,193,True,False,True,False,False,False,False,-1,-1
walk_obs,process_03,6,8,193,True,False,True,False,False,False,False,-1,-1
walk_obs,process_03,6,9,193,True,False,True,False,False,False,False,-1,-1
walk_obs,process_03,6,10,193,True,False,True,False,False,False,False,-1,-1
walk_obs,process_03,6,11,193,True,False,True,False,False,False,False,-1,-1
walk_obs,process_03,6,12,193,True,False,False,False,False,True,True,119,119
walk_obs,process_03,6,13,193,True,False,True,False,False,False,False,-1,-1
walk_obs,process_03,6,14,193,True,False,True,False,False,False,False,-1,-1
walk_obs,process_03,6,15,193,True,False,True,False,False,False,False,-1,-1
walk_obs,process_03,7,0,108,True,True,True,False,False,False,False,-1,-1
walk_obs,process_03,7,1,108,True,True,True,False,False,False,False,-1,-1
walk_obs,process_03,7,2,108,True,True,True,True,True,False,False,163,157
walk_obs,process_03,7,3,108,True,True,True,False,False,False,False,-1,-1
walk_obs,process_03,7,4,108,True,True,True,True,False,False,False,142,-1
walk_obs,process_03,7,5,108,True,True,True,False,False,False,False,-1,-1
walk_obs,process_03,7,6,108,True,True,True,True,True,False,False,173,162
walk_obs,process_03,7,7,108,True,True,True,False,False,False,False,-1,-1
walk_obs,process_03,7,8,108,True,True,True,False,False,False,False,-1,-1
walk_obs,process_03,7,9,108,True,True,True,False,False,False,False,-1,-1
walk_obs,process_03,7,10,108,True,True,True,False,False,False,False,-1,-1
walk_obs,process_03,7,11,108,True,True,True,False,False,False,False,-1,-1
walk_obs,process_03,7,12,108,True,True,True,False,False,False,False,-1,-1
walk_obs,process_03,7,13,108,True,True,True,False,False,False,False,-1,-1
walk_obs,process_03,7,14,108,True,True,True,False,False,False,False,-1,-1
walk_obs,process_03,7,15,108,True,True,True,True,False,False,False,325,-1
walk_obs,process_03,8,0,142,True,False,True,True,False,False,False,240,-1
walk_obs,process_03,8,1,142,True,False,True,False,False,False,False,-1,-1
walk_obs,process_03,8,2,142,True,False,True,False,False,False,False,-1,-1
walk_obs,process_03,8,3,142,True,False,True,True,False,False,False,236,-1
walk_obs,process_03,8,4,142,True,False,True,False,False,False,False,-1,-1
walk_obs,process_03,8,5,142,True,False,True,True,False,False,False,294,-1
walk_obs,process_03,8,6,142,True,False,True,True,False,False,False,273,-1
walk_obs,process_03,8,7,142,True,False,True,True,False,False,False,194,-1
walk_obs,process_03,8,8,142,True,False,False,False,False,True,True,78,78
walk_obs,process_03,8,9,142,True,False,True,True,False,False,False,295,-1
walk_obs,process_03,8,10,142,True,False,True,False,False,False,False,-1,-1
walk_obs,process_03,8,11,142,True,False,False,False,False,True,True,85,85
walk_obs,process_03,8,12,142,True,False,True,True,False,False,False,437,-1
walk_obs,process_03,8,13,142,True,False,True,False,False,False,False,-1,-1
walk_obs,process_03,8,14,142,True,False,True,False,False,False,False,-1,-1
walk_obs,process_03,8,15,142,True,False,True,False,False,False,False,-1,-1
walk_obs,process_03,9,0,138,True,False,True,False,False,False,False,-1,-1
walk_obs,process_03,9,1,138,True,False,True,False,False,False,False,-1,-1
walk_obs,process_03,9,2,138,True,False,True,False,False,False,False,-1,-1
walk_obs,process_03,9,3,138,True,False,True,False,False,False,False,-1,-1
walk_obs,process_03,9,4,138,True,False,True,False,False,False,False,-1,-1
walk_obs,process_03,9,5,138,True,False,True,False,False,False,False,-1,-1
walk_obs,process_03,9,6,138,True,False,True,False,False,False,False,-1,-1
walk_obs,process_03,9,7,138,True,False,True,True,False,False,False,380,-1
walk_obs,process_03,9,8,138,True,False,True,False,False,False,False,-1,-1
walk_obs,process_03,9,9,138,True,False,True,False,False,False,False,-1,-1
walk_obs,process_03,9,10,138,True,False,True,False,False,False,False,-1,-1
walk_obs,process_03,9,11,138,True,False,True,False,False,False,False,-1,-1
walk_obs,process_03,9,12,138,True,False,True,False,False,False,False,-1,-1
walk_obs,process_03,9,13,138,True,False,True,False,False,False,False,-1,-1
walk_obs,process_03,9,14,138,True,False,True,False,False,False,False,-1,-1
walk_obs,process_03,9,15,138,True,False,True,True,False,False,False,497,-1
walk_obs,process_03,10,0,193,True,False,True,False,False,False,False,-1,-1
walk_obs,process_03,10,1,193,True,False,True,False,False,False,False,-1,-1
walk_obs,process_03,10,2,193,True,False,True,False,False,False,False,-1,-1
walk_obs,process_03,10,3,193,True,False,True,False,False,False,False,-1,-1
walk_obs,process_03,10,4,193,True,False,True,False,False,False,False,-1,-1
walk_obs,process_03,10,5,193,True,False,True,False,False,False,False,-1,-1
walk_obs,process_03,10,6,193,True,False,True,False,False,False,False,-1,-1
walk_obs,process_03,10,7,193,True,False,True,False,False,False,False,-1,-1
walk_obs,process_03,10,8,193,True,False,True,False,False,False,False,-1,-1
walk_obs,process_03,10,9,193,True,False,True,False,False,False,False,-1,-1
walk_obs,process_03,10,10,193,True,False,True,False,False,False,False,-1,-1
walk_obs,process_03,10,11,193,True,False,True,False,False,False,False,-1,-1
walk_obs,process_03,10,12,193,True,False,True,False,False,False,False,-1,-1
walk_obs,process_03,10,13,193,True,False,True,False,False,False,False,-1,-1
walk_obs,process_03,10,14,193,True,False,True,True,False,False,False,323,-1
walk_obs,process_03,10,15,193,True,False,True,False,False,False,False,-1,-1
walk_obs,process_03,11,0,149,True,False,True,False,False,False,False,-1,-1
walk_obs,process_03,11,1,149,True,False,True,False,False,False,False,-1,-1
walk_obs,process_03,11,2,149,True,False,True,True,False,False,False,211,-1
walk_obs,process_03,11,3,149,True,False,True,False,False,False,False,-1,-1
walk_obs,process_03,11,4,149,True,False,True,True,False,False,False,453,-1
walk_obs,process_03,11,5,149,True,False,True,False,False,False,False,-1,-1
walk_obs,process_03,11,6,149,True,False,True,True,False,False,False,343,-1
walk_obs,process_03,11,7,149,True,False,True,True,False,False,False,333,-1
walk_obs,process_03,11,8,149,True,False,True,True,False,False,False,202,-1
walk_obs,process_03,11,9,149,True,False,True,False,False,False,False,-1,-1
walk_obs,process_03,11,10,149,True,False,True,False,False,False,False,-1,-1
walk_obs,process_03,11,11,149,True,False,True,True,False,False,False,494,-1
walk_obs,process_03,11,12,149,True,False,True,False,False,False,False,-1,-1
walk_obs,process_03,11,13,149,True,False,True,False,False,False,False,-1,-1
walk_obs,process_03,11,14,149,True,False,True,False,False,False,False,-1,-1
walk_obs,process_03,11,15,149,True,False,True,False,False,False,False,-1,-1
walk_obs,process_03,12,0,173,True,False,True,False,False,False,False,-1,-1
walk_obs,process_03,12,1,173,True,False,True,False,False,False,False,-1,-1
walk_obs,process_03,12,2,173,True,False,True,True,False,False,False,490,-1
walk_obs,process_03,12,3,173,True,False,True,False,False,False,False,-1,-1
walk_obs,process_03,12,4,173,True,False,True,False,False,False,False,-1,-1
walk_obs,process_03,12,5,173,True,False,True,False,False,False,False,-1,-1
walk_obs,process_03,12,6,173,True,False,True,False,False,False,False,-1,-1
walk_obs,process_03,12,7,173,True,False,False,False,False,True,True,158,158
walk_obs,process_03,12,8,173,True,False,True,True,False,False,False,376,-1
walk_obs,process_03,12,9,173,True,False,True,True,False,False,False,380,-1
walk_obs,process_03,12,10,173,True,False,True,False,False,False,False,-1,-1
walk_obs,process_03,12,11,173,True,False,True,True,False,False,False,246,-1
walk_obs,process_03,12,12,173,True,False,True,False,False,False,False,-1,-1
walk_obs,process_03,12,13,173,True,False,True,False,False,False,False,-1,-1
walk_obs,process_03,12,14,173,True,False,True,False,False,False,False,-1,-1
walk_obs,process_03,12,15,173,True,False,True,False,False,False,False,-1,-1
walk_obs,process_03,13,0,178,True,False,True,False,False,False,False,-1,-1
walk_obs,process_03,13,1,178,True,False,True,False,False,False,False,-1,-1
walk_obs,process_03,13,2,178,True,False,True,True,False,False,False,341,-1
walk_obs,process_03,13,3,178,True,False,True,True,False,False,False,308,-1
walk_obs,process_03,13,4,178,True,False,True,False,False,False,False,-1,-1
walk_obs,process_03,13,5,178,True,False,True,False,False,False,False,-1,-1
walk_obs,process_03,13,6,178,True,False,True,True,False,False,False,463,-1
walk_obs,process_03,13,7,178,True,False,True,False,False,False,False,-1,-1
walk_obs,process_03,13,8,178,True,False,True,False,False,False,False,-1,-1
walk_obs,process_03,13,9,178,True,False,True,False,False,False,False,-1,-1
walk_obs,process_03,13,10,178,True,False,True,False,False,False,False,-1,-1
walk_obs,process_03,13,11,178,True,False,True,False,False,False,False,-1,-1
walk_obs,process_03,13,12,178,True,False,True,False,False,False,False,-1,-1
walk_obs,process_03,13,13,178,True,False,True,False,False,False,False,-1,-1
walk_obs,process_03,13,14,178,True,False,True,False,False,False,False,-1,-1
walk_obs,process_03,13,15,178,True,False,False,False,False,True,True,157,157
walk_obs,process_03,14,0,110,True,True,True,False,False,False,False,-1,-1
walk_obs,process_03,14,1,110,True,True,True,False,False,False,False,-1,-1
walk_obs,process_03,14,2,110,True,True,True,False,False,False,False,-1,-1
walk_obs,process_03,14,3,110,True,True,True,False,False,False,False,-1,-1
walk_obs,process_03,14,4,110,True,True,True,False,False,False,False,-1,-1
walk_obs,process_03,14,5,110,True,True,True,False,False,False,False,-1,-1
walk_obs,process_03,14,6,110,True,True,True,True,False,False,False,177,-1
walk_obs,process_03,14,7,110,True,True,True,False,False,False,False,-1,-1
walk_obs,process_03,14,8,110,True,True,False,False,False,True,True,58,58
walk_obs,process_03,14,9,110,True,True,True,False,False,False,False,-1,-1
walk_obs,process_03,14,10,110,True,True,True,False,False,False,False,-1,-1
walk_obs,process_03,14,11,110,True,True,True,True,False,False,False,433,-1
walk_obs,process_03,14,12,110,True,True,True,False,False,False,False,-1,-1
walk_obs,process_03,14,13,110,True,True,True,True,True,False,False,129,127
walk_obs,process_03,14,14,110,True,True,True,False,False,False,False,-1,-1
walk_obs,process_03,14,15,110,True,True,True,False,False,False,False,-1,-1
walk_obs,process_03,15,0,117,True,True,True,True,False,False,False,444,-1
walk_obs,process_03,15,1,117,True,True,True,True,False,False,False,179,-1
walk_obs,process_03,15,2,117,True,True,True,False,False,False,False,-1,-1
walk_obs,process_03,15,3,117,True,True,True,False,False,False,False,-1,-1
walk_obs,process_03,15,4,117,True,True,True,False,False,False,False,-1,-1
walk_obs,process_03,15,5,117,True,True,True,True,False,False,False,416,-1
walk_obs,process_03,15,6,117,True,True,True,False,False,False,False,-1,-1
walk_obs,process_03,15,7,117,True,True,True,False,False,False,False,-1,-1
walk_obs,process_03,15,8,117,True,True,True,False,False,False,False,-1,-1
walk_obs,process_03,15,9,117,True,True,True,False,False,False,False,-1,-1
walk_obs,process_03,15,10,117,True,True,True,True,False,False,False,282,-1
walk_obs,process_03,15,11,117,True,True,True,True,False,False,False,179,-1
walk_obs,process_03,15,12,117,True,True,True,False,False,False,False,-1,-1
walk_obs,process_03,15,13,117,True,True,True,False,False,False,False,-1,-1
walk_obs,process_03,15,14,117,True,True,True,False,False,False,False,-1,-1
walk_obs,process_03,15,15,117,True,True,True,False,False,False,False,-1,-1
walk_obs,process_03,16,0,143,True,False,True,False,False,False,False,-1,-1
walk_obs,process_03,16,1,143,True,False,True,False,False,False,False,-1,-1
walk_obs,process_03,16,2,143,True,False,True,False,False,False,False,-1,-1
walk_obs,process_03,16,3,143,True,False,True,False,False,False,False,-1,-1
walk_obs,process_03,16,4,143,True,False,True,False,False,False,False,-1,-1
walk_obs,process_03,16,5,143,True,False,True,False,False,False,False,-1,-1
walk_obs,process_03,16,6,143,True,False,True,False,False,False,False,-1,-1
walk_obs,process_03,16,7,143,True,False,True,False,False,False,False,-1,-1
walk_obs,process_03,16,8,143,True,False,True,False,False,False,False,-1,-1
walk_obs,process_03,16,9,143,True,False,True,False,False,False,False,-1,-1
walk_obs,process_03,16,10,143,True,False,True,False,False,False,False,-1,-1
walk_obs,process_03,16,11,143,True,False,True,True,True,False,False,202,240
walk_obs,process_03,16,12,143,True,False,True,False,False,False,False,-1,-1
walk_obs,process_03,16,13,143,True,False,True,True,False,False,False,404,-1
walk_obs,process_03,16,14,143,True,False,True,False,False,False,False,-1,-1
walk_obs,process_03,16,15,143,True,False,True,True,True,False,False,151,150
walk_obs,process_03,17,0,116,True,True,True,False,False,False,False,-1,-1
walk_obs,process_03,17,1,116,True,True,True,False,False,False,False,-1,-1
walk_obs,process_03,17,2,116,True,True,True,False,False,False,False,-1,-1
walk_obs,process_03,17,3,116,True,True,True,True,False,False,False,439,-1
walk_obs,process_03,17,4,116,True,True,True,False,False,False,False,-1,-1
walk_obs,process_03,17,5,116,True,True,True,False,False,False,False,-1,-1
walk_obs,process_03,17,6,116,True,True,True,True,False,False,False,481,-1
walk_obs,process_03,17,7,116,True,True,True,False,False,False,False,-1,-1
walk_obs,process_03,17,8,116,True,True,True,True,False,False,False,205,-1
walk_obs,process_03,17,9,116,True,True,True,False,False,False,False,-1,-1
walk_obs,process_03,17,10,116,True,True,True,False,False,False,False,-1,-1
walk_obs,process_03,17,11,116,True,True,True,False,False,False,False,-1,-1
walk_obs,process_03,17,12,116,True,True,True,False,False,False,False,-1,-1
walk_obs,process_03,17,13,116,True,True,True,False,False,False,False,-1,-1
walk_obs,process_03,17,14,116,True,True,True,False,False,False,False,-1,-1
walk_obs,process_03,17,15,116,True,True,True,False,False,False,False,-1,-1
walk_obs,process_03,18,0,132,True,False,True,False,False,False,False,-1,-1
walk_obs,process_03,18,1,132,True,False,True,False,False,False,False,-1,-1
walk_obs,process_03,18,2,132,True,False,True,True,True,False,False,155,155
walk_obs,process_03,18,3,132,True,False,True,True,False,False,False,387,-1
walk_obs,process_03,18,4,132,True,False,True,False,False,False,False,-1,-1
walk_obs,process_03,18,5,132,True,False,True,False,False,False,False,-1,-1
walk_obs,process_03,18,6,132,True,False,True,True,False,False,False,261,-1
walk_obs,process_03,18,7,132,True,False,True,True,False,False,False,199,-1
walk_obs,process_03,18,8,132,True,False,True,False,False,False,False,-1,-1
walk_obs,process_03,18,9,132,True,False,True,False,False,False,False,-1,-1
walk_obs,process_03,18,10,132,True,False,True,True,False,False,False,194,-1
walk_obs,process_03,18,11,132,True,False,True,False,False,False,False,-1,-1
walk_obs,process_03,18,12,132,True,False,True,False,False,False,False,-1,-1
walk_obs,process_03,18,13,132,True,False,True,True,True,False,False,143,147
walk_obs,process_03,18,14,132,True,False,True,False,False,False,False,-1,-1
walk_obs,process_03,18,15,132,True,False,True,True,False,False,False,444,-1
walk_obs,process_03,19,0,135,True,False,True,False,False,False,False,-1,-1
walk_obs,process_03,19,1,135,True,False,True,True,True,False,False,186,159
walk_obs,process_03,19,2,135,True,False,True,False,False,False,False,-1,-1
walk_obs,process_03,19,3,135,True,False,True,False,False,False,False,-1,-1
walk_obs,process_03,19,4,135,True,False,True,False,False,False,False,-1,-1
walk_obs,process_03,19,5,135,True,False,True,False,False,False,False,-1,-1
walk_obs,process_03,19,6,135,True,False,True,False,False,False,False,-1,-1
walk_obs,process_03,19,7,135,True,False,False,False,False,True,True,42,42
walk_obs,process_03,19,8,135,True,False,True,False,False,False,False,-1,-1
walk_obs,process_03,19,9,135,True,False,True,False,False,False,False,-1,-1
walk_obs,process_03,19,10,135,True,False,True,False,False,False,False,-1,-1
walk_obs,process_03,19,11,135,True,False,True,False,False,False,False,-1,-1
walk_obs,process_03,19,12,135,True,False,True,False,False,False,False,-1,-1
walk_obs,process_03,19,13,135,True,False,True,False,False,False,False,-1,-1
walk_obs,process_03,19,14,135,True,False,True,False,False,False,False,-1,-1
walk_obs,process_03,19,15,135,True,False,True,False,False,False,False,-1,-1
walk_obs,process_03,20,0,111,True,True,True,True,False,False,False,173,-1
walk_obs,process_03,20,1,111,True,True,True,False,False,False,False,-1,-1
walk_obs,process_03,20,2,111,True,True,True,True,True,False,False,120,120
walk_obs,process_03,20,3,111,True,True,True,False,False,False,False,-1,-1
walk_obs,process_03,20,4,111,True,True,True,False,False,False,False,-1,-1
walk_obs,process_03,20,5,111,True,True,True,False,False,False,False,-1,-1
walk_obs,process_03,20,6,111,True,True,True,False,False,False,False,-1,-1
walk_obs,process_03,20,7,111,True,True,True,False,False,False,False,-1,-1
walk_obs,process_03,20,8,111,True,True,True,False,False,False,False,-1,-1
walk_obs,process_03,20,9,111,True,True,True,False,False,False,False,-1,-1
walk_obs,process_03,20,10,111,True,True,True,False,False,False,False,-1,-1
walk_obs,process_03,20,11,111,True,True,True,False,False,False,False,-1,-1
walk_obs,process_03,20,12,111,True,True,True,False,False,False,False,-1,-1
walk_obs,process_03,20,13,111,True,True,True,False,False,False,False,-1,-1
walk_obs,process_03,20,14,111,True,True,True,False,False,False,False,-1,-1
walk_obs,process_03,20,15,111,True,True,True,False,False,False,False,-1,-1
walk_obs,process_03,21,0,168,True,False,True,False,False,False,False,-1,-1
walk_obs,process_03,21,1,168,True,False,True,False,False,False,False,-1,-1
walk_obs,process_03,21,2,168,True,False,True,False,False,False,False,-1,-1
walk_obs,process_03,21,3,168,True,False,True,False,False,False,False,-1,-1
walk_obs,process_03,21,4,168,True,False,True,False,False,False,False,-1,-1
walk_obs,process_03,21,5,168,True,False,True,False,False,False,False,-1,-1
walk_obs,process_03,21,6,168,True,False,True,True,False,False,False,421,-1
walk_obs,process_03,21,7,168,True,False,True,False,False,False,False,-1,-1
walk_obs,process_03,21,8,168,True,False,True,False,False,False,False,-1,-1
walk_obs,process_03,21,9,168,True,False,True,False,False,False,False,-1,-1
walk_obs,process_03,21,10,168,True,False,False,False,False,True,True,162,162
walk_obs,process_03,21,11,168,True,False,True,False,False,False,False,-1,-1
walk_obs,process_03,21,12,168,True,False,True,False,False,False,False,-1,-1
walk_obs,process_03,21,13,168,True,False,True,False,False,False,False,-1,-1
walk_obs,process_03,21,14,168,True,False,True,False,False,False,False,-1,-1
walk_obs,process_03,21,15,168,True,False,True,False,False,False,False,-1,-1
walk_obs,process_03,22,0,157,True,False,True,False,False,False,False,-1,-1
walk_obs,process_03,22,1,157,True,False,True,False,False,False,False,-1,-1
walk_obs,process_03,22,2,157,True,False,True,False,False,False,False,-1,-1
walk_obs,process_03,22,3,157,True,False,True,False,False,False,False,-1,-1
walk_obs,process_03,22,4,157,True,False,True,False,False,False,False,-1,-1
walk_obs,process_03,22,5,157,True,False,True,False,False,False,False,-1,-1
walk_obs,process_03,22,6,157,True,False,True,False,False,False,False,-1,-1
walk_obs,process_03,22,7,157,True,False,True,False,False,False,False,-1,-1
walk_obs,process_03,22,8,157,True,False,False,False,False,True,True,78,78
walk_obs,process_03,22,9,157,True,False,True,False,False,False,False,-1,-1
walk_obs,process_03,22,10,157,True,False,True,False,False,False,False,-1,-1
walk_obs,process_03,22,11,157,True,False,True,False,False,False,False,-1,-1
walk_obs,process_03,22,12,157,True,False,True,False,False,False,False,-1,-1
walk_obs,process_03,22,13,157,True,False,False,False,False,True,True,103,103
walk_obs,process_03,22,14,157,True,False,True,True,False,False,False,335,-1
walk_obs,process_03,22,15,157,True,False,True,False,False,False,False,-1,-1
walk_obs,process_03,23,0,191,True,False,False,False,False,True,True,119,119
walk_obs,process_03,23,1,191,True,False,True,False,False,False,False,-1,-1
walk_obs,process_03,23,2,191,True,False,True,False,False,False,False,-1,-1
walk_obs,process_03,23,3,191,True,False,True,False,False,False,False,-1,-1
walk_obs,process_03,23,4,191,True,False,False,False,False,True,True,30,30
walk_obs,process_03,23,5,191,True,False,True,False,False,False,False,-1,-1
walk_obs,process_03,23,6,191,True,False,True,False,False,False,False,-1,-1
walk_obs,process_03,23,7,191,True,False,False,False,False,True,True,97,97
walk_obs,process_03,23,8,191,True,False,True,False,False,False,False,-1,-1
walk_obs,process_03,23,9,191,True,False,True,False,False,False,False,-1,-1
walk_obs,process_03,23,10,191,True,False,True,False,False,False,False,-1,-1
walk_obs,process_03,23,11,191,True,False,True,False,False,False,False,-1,-1
walk_obs,process_03,23,12,191,True,False,True,False,False,False,False,-1,-1
walk_obs,process_03,23,13,191,True,False,True,False,False,False,False,-1,-1
walk_obs,process_03,23,14,191,True,False,True,False,False,False,False,-1,-1
walk_obs,process_03,23,15,191,True,False,True,False,False,False,False,-1,-1
walk_obs,process_03,24,0,161,True,False,True,False,False,False,False,-1,-1
walk_obs,process_03,24,1,161,True,False,True,True,False,False,False,379,-1
walk_obs,process_03,24,2,161,True,False,True,False,False,False,False,-1,-1
walk_obs,process_03,24,3,161,True,False,True,False,False,False,False,-1,-1
walk_obs,process_03,24,4,161,True,False,True,False,False,False,False,-1,-1
walk_obs,process_03,24,5,161,True,False,True,False,False,False,False,-1,-1
walk_obs,process_03,24,6,161,True,False,True,False,False,False,False,-1,-1
walk_obs,process_03,24,7,161,True,False,True,False,False,False,False,-1,-1
walk_obs,process_03,24,8,161,True,False,True,False,False,False,False,-1,-1
walk_obs,process_03,24,9,161,True,False,True,False,False,False,False,-1,-1
walk_obs,process_03,24,10,161,True,False,True,False,False,False,False,-1,-1
walk_obs,process_03,24,11,161,True,False,True,True,False,False,False,313,-1
walk_obs,process_03,24,12,161,True,False,True,True,True,False,False,255,248
walk_obs,process_03,24,13,161,True,False,True,False,False,False,False,-1,-1
walk_obs,process_03,24,14,161,True,False,True,False,False,False,False,-1,-1
walk_obs,process_03,24,15,161,True,False,True,False,False,False,False,-1,-1
walk_obs,process_03,25,0,119,True,True,True,False,False,False,False,-1,-1
walk_obs,process_03,25,1,119,True,True,True,False,False,False,False,-1,-1
walk_obs,process_03,25,2,119,True,True,True,False,False,False,False,-1,-1
walk_obs,process_03,25,3,119,True,True,True,False,False,False,False,-1,-1
walk_obs,process_03,25,4,119,True,True,False,False,False,True,True,39,39
walk_obs,process_03,25,5,119,True,True,True,False,True,False,False,-1,323
walk_obs,process_03,25,6,119,True,True,True,False,False,False,False,-1,-1
walk_obs,process_03,25,7,119,True,True,True,False,False,False,False,-1,-1
walk_obs,process_03,25,8,119,True,True,True,False,False,False,False,-1,-1
walk_obs,process_03,25,9,119,True,True,True,False,False,False,False,-1,-1
walk_obs,process_03,25,10,119,True,True,True,True,True,False,False,135,140
walk_obs,process_03,25,11,119,True,True,True,True,False,False,False,441,-1
walk_obs,process_03,25,12,119,True,True,True,False,False,False,False,-1,-1
walk_obs,process_03,25,13,119,True,True,True,False,False,False,False,-1,-1
walk_obs,process_03,25,14,119,True,True,True,False,False,False,False,-1,-1
walk_obs,process_03,25,15,119,True,True,True,True,False,False,False,225,-1
walk_obs,process_03,26,0,105,True,True,True,False,False,False,False,-1,-1
walk_obs,process_03,26,1,105,True,True,True,False,False,False,False,-1,-1
walk_obs,process_03,26,2,105,True,True,True,False,False,False,False,-1,-1
walk_obs,process_03,26,3,105,True,True,True,True,True,False,False,113,113
walk_obs,process_03,26,4,105,True,True,True,False,False,False,False,-1,-1
walk_obs,process_03,26,5,105,True,True,True,False,False,False,False,-1,-1
walk_obs,process_03,26,6,105,True,True,True,False,False,False,False,-1,-1
walk_obs,process_03,26,7,105,True,True,True,False,False,False,False,-1,-1
walk_obs,process_03,26,8,105,True,True,True,True,False,False,False,378,-1
walk_obs,process_03,26,9,105,True,True,False,False,False,True,True,41,41
walk_obs,process_03,26,10,105,True,True,True,False,False,False,False,-1,-1
walk_obs,process_03,26,11,105,True,True,True,True,True,False,False,128,134
walk_obs,process_03,26,12,105,True,True,True,False,False,False,False,-1,-1
walk_obs,process_03,26,13,105,True,True,True,False,False,False,False,-1,-1
walk_obs,process_03,26,14,105,True,True,True,False,False,False,False,-1,-1
walk_obs,process_03,26,15,105,True,True,True,False,False,False,False,-1,-1
walk_obs,process_03,27,0,187,True,False,True,True,False,False,False,384,-1
walk_obs,process_03,27,1,187,True,False,True,False,False,False,False,-1,-1
walk_obs,process_03,27,2,187,True,False,True,True,False,False,False,488,-1
walk_obs,process_03,27,3,187,True,False,True,False,False,False,False,-1,-1
walk_obs,process_03,27,4,187,True,False,True,True,False,False,False,231,-1
walk_obs,process_03,27,5,187,True,False,True,True,True,False,False,216,224
walk_obs,process_03,27,6,187,True,False,True,False,False,False,False,-1,-1
walk_obs,process_03,27,7,187,True,False,True,True,False,False,False,452,-1
walk_obs,process_03,27,8,187,True,False,True,False,False,False,False,-1,-1
walk_obs,process_03,27,9,187,True,False,True,False,False,False,False,-1,-1
walk_obs,process_03,27,10,187,True,False,True,False,False,False,False,-1,-1
walk_obs,process_03,27,11,187,True,False,True,False,False,False,False,-1,-1
walk_obs,process_03,27,12,187,True,False,True,True,False,False,False,347,-1
walk_obs,process_03,27,13,187,True,False,True,True,False,False,False,239,-1
walk_obs,process_03,27,14,187,True,False,True,False,False,False,False,-1,-1
walk_obs,process_03,27,15,187,True,False,True,True,False,False,False,419,-1
walk_obs,process_03,28,0,110,True,True,True,False,False,False,False,-1,-1
walk_obs,process_03,28,1,110,True,True,True,False,False,False,False,-1,-1
walk_obs,process_03,28,2,110,True,True,True,False,False,False,False,-1,-1
walk_obs,process_03,28,3,110,True,True,True,False,False,False,False,-1,-1
walk_obs,process_03,28,4,110,True,True,True,False,False,False,False,-1,-1
walk_obs,process_03,28,5,110,True,True,True,False,False,False,False,-1,-1
walk_obs,process_03,28,6,110,True,True,True,False,False,False,False,-1,-1
walk_obs,process_03,28,7,110,True,True,True,False,False,False,False,-1,-1
walk_obs,process_03,28,8,110,True,True,True,False,False,False,False,-1,-1
walk_obs,process_03,28,9,110,True,True,True,False,False,False,False,-1,-1
walk_obs,process_03,28,10,110,True,True,True,False,False,False,False,-1,-1
walk_obs,process_03,28,11,110,True,True,True,False,False,False,False,-1,-1
walk_obs,process_03,28,12,110,True,True,True,False,False,False,False,-1,-1
walk_obs,process_03,28,13,110,True,True,True,False,False,False,False,-1,-1
walk_obs,process_03,28,14,110,True,True,True,False,False,False,False,-1,-1
walk_obs,process_03,28,15,110,True,True,True,False,False,False,False,-1,-1
walk_obs,process_03,29,0,174,True,False,True,False,False,False,False,-1,-1
walk_obs,process_03,29,1,174,True,False,True,True,False,False,False,452,-1
walk_obs,process_03,29,2,174,True,False,True,False,False,False,False,-1,-1
walk_obs,process_03,29,3,174,True,False,True,False,False,False,False,-1,-1
walk_obs,process_03,29,4,174,True,False,True,False,False,False,False,-1,-1
walk_obs,process_03,29,5,174,True,False,True,False,False,False,False,-1,-1
walk_obs,process_03,29,6,174,True,False,True,True,False,False,False,428,-1
walk_obs,process_03,29,7,174,True,False,True,False,False,False,False,-1,-1
walk_obs,process_03,29,8,174,True,False,True,False,False,False,False,-1,-1
walk_obs,process_03,29,9,174,True,False,True,False,False,False,False,-1,-1
walk_obs,process_03,29,10,174,True,False,True,False,False,False,False,-1,-1
walk_obs,process_03,29,11,174,True,False,True,False,False,False,False,-1,-1
walk_obs,process_03,29,12,174,True,False,True,False,False,False,False,-1,-1
walk_obs,process_03,29,13,174,True,False,True,False,False,False,False,-1,-1
walk_obs,process_03,29,14,174,True,False,True,False,False,False,False,-1,-1
walk_obs,process_03,29,15,174,True,False,True,True,False,False,False,368,-1
walk_obs,process_03,30,0,113,True,True,True,False,False,False,False,-1,-1
walk_obs,process_03,30,1,113,True,True,True,False,False,False,False,-1,-1
walk_obs,process_03,30,2,113,True,True,True,False,False,False,False,-1,-1
walk_obs,process_03,30,3,113,True,True,True,True,False,False,False,477,-1
walk_obs,process_03,30,4,113,True,True,True,False,False,False,False,-1,-1
walk_obs,process_03,30,5,113,True,True,True,False,False,False,False,-1,-1
walk_obs,process_03,30,6,113,True,True,True,False,False,False,False,-1,-1
walk_obs,process_03,30,7,113,True,True,True,True,False,False,False,333,-1
walk_obs,process_03,30,8,113,True,True,True,False,False,False,False,-1,-1
walk_obs,process_03,30,9,113,True,True,True,True,False,False,False,217,-1
walk_obs,process_03,30,10,113,True,True,True,False,False,False,False,-1,-1
walk_obs,process_03,30,11,113,True,True,True,False,False,False,False,-1,-1
walk_obs,process_03,30,12,113,True,True,True,False,False,False,False,-1,-1
walk_obs,process_03,30,13,113,True,True,True,False,False,False,False,-1,-1
walk_obs,process_03,30,14,113,True,True,False,False,False,True,True,36,36
walk_obs,process_03,30,15,113,True,True,True,False,False,False,False,-1,-1
walk_obs,process_03,31,0,103,True,True,True,False,False,False,False,-1,-1
walk_obs,process_03,31,1,103,True,True,True,False,False,False,False,-1,-1
walk_obs,process_03,31,2,103,True,True,True,True,False,False,False,311,-1
walk_obs,process_03,31,3,103,True,True,True,False,False,False,False,-1,-1
walk_obs,process_03,31,4,103,True,True,True,False,False,False,False,-1,-1
walk_obs,process_03,31,5,103,True,True,True,False,False,False,False,-1,-1
walk_obs,process_03,31,6,103,True,True,True,False,False,False,False,-1,-1
walk_obs,process_03,31,7,103,True,True,True,False,False,False,False,-1,-1
walk_obs,process_03,31,8,103,True,True,True,False,False,False,False,-1,-1
walk_obs,process_03,31,9,103,True,True,True,False,False,False,False,-1,-1
walk_obs,process_03,31,10,103,True,True,True,False,False,False,False,-1,-1
walk_obs,process_03,31,11,103,True,True,True,True,False,False,False,334,-1
walk_obs,process_03,31,12,103,True,True,True,False,False,False,False,-1,-1
walk_obs,process_03,31,13,103,True,True,True,False,False,False,False,-1,-1
walk_obs,process_03,31,14,103,True,True,True,False,False,False,False,-1,-1
walk_obs,process_03,31,15,103,True,True,True,False,False,False,False,-1,-1
walk_obs,process_03,32,0,168,False,False,False,False,False,False,False,-1,-1
walk_obs,process_03,32,1,168,False,False,False,False,False,False,False,-1,-1
walk_obs,process_03,32,2,168,False,False,False,False,False,False,False,-1,-1
walk_obs,process_03,32,3,168,False,False,False,False,False,False,False,-1,-1
walk_obs,process_03,32,4,168,False,False,False,False,False,False,False,-1,-1
walk_obs,process_03,32,5,168,False,False,False,False,False,False,False,-1,-1
walk_obs,process_03,32,6,168,False,False,False,False,False,False,False,-1,-1
walk_obs,process_03,32,7,168,False,False,False,False,False,False,False,-1,-1
walk_obs,process_03,32,8,168,False,False,False,False,False,True,True,112,112
walk_obs,process_03,32,9,168,False,False,False,False,False,False,False,-1,-1
walk_obs,process_03,32,10,168,False,False,False,False,False,False,False,-1,-1
walk_obs,process_03,32,11,168,False,False,False,False,False,True,True,148,148
walk_obs,process_03,32,12,168,False,False,False,False,False,False,False,-1,-1
walk_obs,process_03,32,13,168,False,False,False,False,False,False,False,-1,-1
walk_obs,process_03,32,14,168,False,False,False,False,False,False,False,-1,-1
walk_obs,process_03,32,15,168,False,False,False,False,False,False,False,-1,-1
walk_obs,process_03,33,0,156,False,False,False,False,False,False,False,-1,-1
walk_obs,process_03,33,1,156,False,False,False,False,False,False,False,-1,-1
walk_obs,process_03,33,2,156,False,False,False,False,False,False,False,-1,-1
walk_obs,process_03,33,3,156,False,False,False,False,False,False,False,-1,-1
walk_obs,process_03,33,4,156,False,False,False,False,False,False,False,-1,-1
walk_obs,process_03,33,5,156,False,False,False,True,True,False,False,228,238
walk_obs,process_03,33,6,156,False,False,False,False,False,False,False,-1,-1
walk_obs,process_03,33,7,156,False,False,False,False,False,False,False,-1,-1
walk_obs,process_03,33,8,156,False,False,False,False,False,False,False,-1,-1
walk_obs,process_03,33,9,156,False,False,False,False,False,False,False,-1,-1
walk_obs,process_03,33,10,156,False,False,False,False,False,False,False,-1,-1
walk_obs,process_03,33,11,156,False,False,False,True,True,False,False,241,280
walk_obs,process_03,33,12,156,False,False,False,False,False,False,False,-1,-1
walk_obs,process_03,33,13,156,False,False,False,False,False,False,False,-1,-1
walk_obs,process_03,33,14,156,False,False,False,False,False,False,False,-1,-1
walk_obs,process_03,33,15,156,False,False,False,False,False,False,False,-1,-1
walk_obs,process_03,34,0,196,False,False,False,False,False,False,False,-1,-1
walk_obs,process_03,34,1,196,False,False,False,False,False,False,False,-1,-1
walk_obs,process_03,34,2,196,False,False,False,False,False,False,False,-1,-1
walk_obs,process_03,34,3,196,False,False,False,False,False,False,False,-1,-1
walk_obs,process_03,34,4,196,False,False,False,False,False,False,False,-1,-1
walk_obs,process_03,34,5,196,False,False,False,False,False,False,False,-1,-1
walk_obs,process_03,34,6,196,False,False,False,False,False,False,False,-1,-1
walk_obs,process_03,34,7,196,False,False,False,False,False,False,False,-1,-1
walk_obs,process_03,34,8,196,False,False,False,False,False,False,False,-1,-1
walk_obs,process_03,34,9,196,False,False,False,False,False,False,False,-1,-1
walk_obs,process_03,34,10,196,False,False,False,False,False,True,True,96,96
walk_obs,process_03,34,11,196,False,False,False,False,False,False,False,-1,-1
walk_obs,process_03,34,12,196,False,False,False,False,False,False,False,-1,-1
walk_obs,process_03,34,13,196,False,False,False,False,False,False,False,-1,-1
walk_obs,process_03,34,14,196,False,False,False,False,False,False,False,-1,-1
walk_obs,process_03,34,15,196,False,False,False,False,False,True,True,59,59
walk_obs,process_03,35,0,106,False,True,False,True,True,False,False,157,157
walk_obs,process_03,35,1,106,False,True,False,False,False,False,False,-1,-1
walk_obs,process_03,35,2,106,False,True,False,False,False,False,False,-1,-1
walk_obs,process_03,35,3,106,False,True,False,False,False,False,False,-1,-1
walk_obs,process_03,35,4,106,False,True,False,False,False,False,False,-1,-1
walk_obs,process_03,35,5,106,False,True,False,False,False,False,False,-1,-1
walk_obs,process_03,35,6,106,False,True,False,False,False,False,False,-1,-1
walk_obs,process_03,35,7,106,False,True,False,False,False,False,False,-1,-1
walk_obs,process_03,35,8,106,False,True,False,False,False,False,False,-1,-1
walk_obs,process_03,35,9,106,False,True,False,False,False,False,False,-1,-1
walk_obs,process_03,35,10,106,False,True,False,False,False,False,False,-1,-1
walk_obs,process_03,35,11,106,False,True,False,False,False,False,False,-1,-1
walk_obs,process_03,35,12,106,False,True,False,False,False,False,False,-1,-1
walk_obs,process_03,35,13,106,False,True,False,False,False,False,False,-1,-1
walk_obs,process_03,35,14,106,False,True,False,False,False,False,False,-1,-1
walk_obs,process_03,35,15,106,False,True,False,False,False,False,False,-1,-1
walk_obs,process_03,36,0,106,False,True,False,False,False,False,False,-1,-1
walk_obs,process_03,36,1,106,False,True,False,False,False,False,False,-1,-1
walk_obs,process_03,36,2,106,False,True,False,False,False,False,False,-1,-1
walk_obs,process_03,36,3,106,False,True,False,False,False,False,False,-1,-1
walk_obs,process_03,36,4,106,False,True,False,False,False,False,False,-1,-1
walk_obs,process_03,36,5,106,False,True,False,False,False,False,False,-1,-1
walk_obs,process_03,36,6,106,False,True,False,False,False,False,False,-1,-1
walk_obs,process_03,36,7,106,False,True,False,False,False,False,False,-1,-1
walk_obs,process_03,36,8,106,False,True,False,False,False,False,False,-1,-1
walk_obs,process_03,36,9,106,False,True,False,False,False,False,False,-1,-1
walk_obs,process_03,36,10,106,False,True,False,False,False,False,False,-1,-1
walk_obs,process_03,36,11,106,False,True,False,True,True,False,False,154,154
walk_obs,process_03,36,12,106,False,True,False,False,False,False,False,-1,-1
walk_obs,process_03,36,13,106,False,True,False,False,False,False,False,-1,-1
walk_obs,process_03,36,14,106,False,True,False,False,False,False,False,-1,-1
walk_obs,process_03,36,15,106,False,True,False,False,False,False,False,-1,-1
walk_obs,process_03,37,0,168,False,False,False,False,False,False,False,-1,-1
walk_obs,process_03,37,1,168,False,False,False,False,False,False,False,-1,-1
walk_obs,process_03,37,2,168,False,False,False,False,False,False,False,-1,-1
walk_obs,process_03,37,3,168,False,False,False,False,False,False,False,-1,-1
walk_obs,process_03,37,4,168,False,False,False,False,False,True,True,120,120
walk_obs,process_03,37,5,168,False,False,False,True,True,False,False,201,269
walk_obs,process_03,37,6,168,False,False,False,False,False,False,False,-1,-1
walk_obs,process_03,37,7,168,False,False,False,False,False,False,False,-1,-1
walk_obs,process_03,37,8,168,False,False,False,False,False,False,False,-1,-1
walk_obs,process_03,37,9,168,False,False,False,False,False,False,False,-1,-1
walk_obs,process_03,37,10,168,False,False,False,False,False,False,False,-1,-1
walk_obs,process_03,37,11,168,False,False,False,False,False,False,False,-1,-1
walk_obs,process_03,37,12,168,False,False,False,False,False,False,False,-1,-1
walk_obs,process_03,37,13,168,False,False,False,False,False,False,False,-1,-1
walk_obs,process_03,37,14,168,False,False,False,False,False,False,False,-1,-1
walk_obs,process_03,37,15,168,False,False,False,False,False,False,False,-1,-1
walk_obs,process_03,38,0,162,False,False,False,False,False,False,False,-1,-1
walk_obs,process_03,38,1,162,False,False,False,False,False,False,False,-1,-1
walk_obs,process_03,38,2,162,False,False,False,False,False,False,False,-1,-1
walk_obs,process_03,38,3,162,False,False,False,False,False,False,False,-1,-1
walk_obs,process_03,38,4,162,False,False,False,False,False,False,False,-1,-1
walk_obs,process_03,38,5,162,False,False,False,False,False,False,False,-1,-1
walk_obs,process_03,38,6,162,False,False,False,False,False,False,False,-1,-1
walk_obs,process_03,38,7,162,False,False,False,False,False,False,False,-1,-1
walk_obs,process_03,38,8,162,False,False,False,False,False,False,False,-1,-1
walk_obs,process_03,38,9,162,False,False,False,False,False,False,False,-1,-1
walk_obs,process_03,38,10,162,False,False,False,False,False,False,False,-1,-1
walk_obs,process_03,38,11,162,False,False,False,False,False,False,False,-1,-1
walk_obs,process_03,38,12,162,False,False,False,False,False,False,False,-1,-1
walk_obs,process_03,38,13,162,False,False,False,False,False,False,False,-1,-1
walk_obs,process_03,38,14,162,False,False,False,False,False,False,False,-1,-1
walk_obs,process_03,38,15,162,False,False,False,False,False,False,False,-1,-1
walk_obs,process_03,39,0,145,False,False,False,False,False,False,False,-1,-1
walk_obs,process_03,39,1,145,False,False,False,False,False,False,False,-1,-1
walk_obs,process_03,39,2,145,False,False,False,False,False,False,False,-1,-1
walk_obs,process_03,39,3,145,False,False,False,False,False,False,False,-1,-1
walk_obs,process_03,39,4,145,False,False,False,True,True,False,False,274,299
walk_obs,process_03,39,5,145,False,False,False,False,False,False,False,-1,-1
walk_obs,process_03,39,6,145,False,False,False,False,False,False,False,-1,-1
walk_obs,process_03,39,7,145,False,False,False,False,False,False,False,-1,-1
walk_obs,process_03,39,8,145,False,False,False,False,False,False,False,-1,-1
walk_obs,process_03,39,9,145,False,False,False,False,False,False,False,-1,-1
walk_obs,process_03,39,10,145,False,False,False,False,False,False,False,-1,-1
walk_obs,process_03,39,11,145,False,False,False,False,False,False,False,-1,-1
walk_obs,process_03,39,12,145,False,False,False,False,False,False,False,-1,-1
walk_obs,process_03,39,13,145,False,False,False,False,False,False,False,-1,-1
walk_obs,process_03,39,14,145,False,False,False,False,False,False,False,-1,-1
walk_obs,process_03,39,15,145,False,False,False,False,False,False,False,-1,-1
walk_obs,process_03,40,0,114,False,True,False,False,False,False,False,-1,-1
walk_obs,process_03,40,1,114,False,True,False,False,False,False,False,-1,-1
walk_obs,process_03,40,2,114,False,True,False,False,False,False,False,-1,-1
walk_obs,process_03,40,3,114,False,True,False,False,False,False,False,-1,-1
walk_obs,process_03,40,4,114,False,True,False,False,False,False,False,-1,-1
walk_obs,process_03,40,5,114,False,True,False,False,False,False,False,-1,-1
walk_obs,process_03,40,6,114,False,True,False,False,False,False,False,-1,-1
walk_obs,process_03,40,7,114,False,True,False,False,False,False,False,-1,-1
walk_obs,process_03,40,8,114,False,True,False,False,False,False,False,-1,-1
walk_obs,process_03,40,9,114,False,True,False,False,False,False,False,-1,-1
walk_obs,process_03,40,10,114,False,True,False,False,False,False,False,-1,-1
walk_obs,process_03,40,11,114,False,True,False,False,False,False,False,-1,-1
walk_obs,process_03,40,12,114,False,True,False,False,False,False,False,-1,-1
walk_obs,process_03,40,13,114,False,True,False,False,False,False,False,-1,-1
walk_obs,process_03,40,14,114,False,True,False,False,False,False,False,-1,-1
walk_obs,process_03,40,15,114,False,True,False,False,False,False,False,-1,-1
walk_obs,process_03,41,0,162,False,False,False,False,False,True,True,30,30
walk_obs,process_03,41,1,162,False,False,False,False,False,True,True,141,141
walk_obs,process_03,41,2,162,False,False,False,False,False,False,False,-1,-1
walk_obs,process_03,41,3,162,False,False,False,False,False,False,False,-1,-1
walk_obs,process_03,41,4,162,False,False,False,False,False,False,False,-1,-1
walk_obs,process_03,41,5,162,False,False,False,False,False,False,False,-1,-1
walk_obs,process_03,41,6,162,False,False,False,False,False,False,False,-1,-1
walk_obs,process_03,41,7,162,False,False,False,False,False,False,False,-1,-1
walk_obs,process_03,41,8,162,False,False,False,False,False,False,False,-1,-1
walk_obs,process_03,41,9,162,False,False,False,False,False,False,False,-1,-1
walk_obs,process_03,41,10,162,False,False,False,False,False,False,False,-1,-1
walk_obs,process_03,41,11,162,False,False,False,False,False,False,False,-1,-1
walk_obs,process_03,41,12,162,False,False,False,False,False,False,False,-1,-1
walk_obs,process_03,41,13,162,False,False,False,False,False,False,False,-1,-1
walk_obs,process_03,41,14,162,False,False,False,False,False,False,False,-1,-1
walk_obs,process_03,41,15,162,False,False,False,False,False,False,False,-1,-1
walk_obs,process_03,42,0,194,False,False,False,False,False,False,False,-1,-1
walk_obs,process_03,42,1,194,False,False,False,False,False,False,False,-1,-1
walk_obs,process_03,42,2,194,False,False,False,False,False,False,False,-1,-1
walk_obs,process_03,42,3,194,False,False,False,False,False,False,False,-1,-1
walk_obs,process_03,42,4,194,False,False,False,False,False,False,False,-1,-1
walk_obs,process_03,42,5,194,False,False,False,False,False,False,False,-1,-1
walk_obs,process_03,42,6,194,False,False,False,False,False,False,False,-1,-1
walk_obs,process_03,42,7,194,False,False,False,False,False,False,False,-1,-1
walk_obs,process_03,42,8,194,False,False,False,False,False,False,False,-1,-1
walk_obs,process_03,42,9,194,False,False,False,False,False,False,False,-1,-1
walk_obs,process_03,42,10,194,False,False,False,False,False,False,False,-1,-1
walk_obs,process_03,42,11,194,False,False,False,False,False,False,False,-1,-1
walk_obs,process_03,42,12,194,False,False,False,False,False,False,False,-1,-1
walk_obs,process_03,42,13,194,False,False,False,False,False,False,False,-1,-1
walk_obs,process_03,42,14,194,False,False,False,False,False,False,False,-1,-1
walk_obs,process_03,42,15,194,False,False,False,False,False,False,False,-1,-1
walk_obs,process_03,43,0,126,False,True,False,False,False,False,False,-1,-1
walk_obs,process_03,43,1,126,False,True,False,False,False,False,False,-1,-1
walk_obs,process_03,43,2,126,False,True,False,False,False,False,False,-1,-1
walk_obs,process_03,43,3,126,False,True,False,False,False,False,False,-1,-1
walk_obs,process_03,43,4,126,False,True,False,False,False,False,False,-1,-1
walk_obs,process_03,43,5,126,False,True,False,False,False,True,True,88,88
walk_obs,process_03,43,6,126,False,True,False,False,False,False,False,-1,-1
walk_obs,process_03,43,7,126,False,True,False,False,False,False,False,-1,-1
walk_obs,process_03,43,8,126,False,True,False,False,False,False,False,-1,-1
walk_obs,process_03,43,9,126,False,True,False,False,False,False,False,-1,-1
walk_obs,process_03,43,10,126,False,True,False,False,False,False,False,-1,-1
walk_obs,process_03,43,11,126,False,True,False,False,False,False,False,-1,-1
walk_obs,process_03,43,12,126,False,True,False,False,False,False,False,-1,-1
walk_obs,process_03,43,13,126,False,True,False,False,False,False,False,-1,-1
walk_obs,process_03,43,14,126,False,True,False,False,False,False,False,-1,-1
walk_obs,process_03,43,15,126,False,True,False,False,False,False,False,-1,-1
walk_obs,process_03,44,0,125,False,True,False,False,False,False,False,-1,-1
walk_obs,process_03,44,1,125,False,True,False,False,False,False,False,-1,-1
walk_obs,process_03,44,2,125,False,True,False,False,False,False,False,-1,-1
walk_obs,process_03,44,3,125,False,True,False,False,False,False,False,-1,-1
walk_obs,process_03,44,4,125,False,True,False,False,False,False,False,-1,-1
walk_obs,process_03,44,5,125,False,True,False,False,False,False,False,-1,-1
walk_obs,process_03,44,6,125,False,True,False,False,False,False,False,-1,-1
walk_obs,process_03,44,7,125,False,True,False,False,False,False,False,-1,-1
walk_obs,process_03,44,8,125,False,True,False,False,False,False,False,-1,-1
walk_obs,process_03,44,9,125,False,True,False,False,False,False,False,-1,-1
walk_obs,process_03,44,10,125,False,True,False,False,False,False,False,-1,-1
walk_obs,process_03,44,11,125,False,True,False,False,False,False,False,-1,-1
walk_obs,process_03,44,12,125,False,True,False,False,False,False,False,-1,-1
walk_obs,process_03,44,13,125,False,True,False,False,False,False,False,-1,-1
walk_obs,process_03,44,14,125,False,True,False,True,True,False,False,129,129
walk_obs,process_03,44,15,125,False,True,False,False,True,False,False,-1,402
walk_obs,process_03,45,0,126,False,True,False,False,False,False,False,-1,-1
walk_obs,process_03,45,1,126,False,True,False,False,False,False,False,-1,-1
walk_obs,process_03,45,2,126,False,True,False,False,False,False,False,-1,-1
walk_obs,process_03,45,3,126,False,True,False,False,False,False,False,-1,-1
walk_obs,process_03,45,4,126,False,True,False,False,False,True,True,35,35
walk_obs,process_03,45,5,126,False,True,False,False,False,False,False,-1,-1
walk_obs,process_03,45,6,126,False,True,False,False,False,False,False,-1,-1
walk_obs,process_03,45,7,126,False,True,False,False,False,True,True,95,95
walk_obs,process_03,45,8,126,False,True,False,False,False,False,False,-1,-1
walk_obs,process_03,45,9,126,False,True,False,False,False,False,False,-1,-1
walk_obs,process_03,45,10,126,False,True,False,False,False,False,False,-1,-1
walk_obs,process_03,45,11,126,False,True,False,False,False,False,False,-1,-1
walk_obs,process_03,45,12,126,False,True,False,False,False,False,False,-1,-1
walk_obs,process_03,45,13,126,False,True,False,False,False,False,False,-1,-1
walk_obs,process_03,45,14,126,False,True,False,False,False,False,False,-1,-1
walk_obs,process_03,45,15,126,False,True,False,False,False,False,False,-1,-1
walk_obs,process_03,46,0,152,False,False,False,False,False,True,True,106,106
walk_obs,process_03,46,1,152,False,False,False,False,False,False,False,-1,-1
walk_obs,process_03,46,2,152,False,False,False,False,False,False,False,-1,-1
walk_obs,process_03,46,3,152,False,False,False,False,False,False,False,-1,-1
walk_obs,process_03,46,4,152,False,False,False,False,False,False,False,-1,-1
walk_obs,process_03,46,5,152,False,False,False,False,False,False,False,-1,-1
walk_obs,process_03,46,6,152,False,False,False,False,False,False,False,-1,-1
walk_obs,process_03,46,7,152,False,False,False,False,False,False,False,-1,-1
walk_obs,process_03,46,8,152,False,False,False,False,False,False,False,-1,-1
walk_obs,process_03,46,9,152,False,False,False,False,False,False,False,-1,-1
walk_obs,process_03,46,10,152,False,False,False,False,False,False,False,-1,-1
walk_obs,process_03,46,11,152,False,False,False,False,False,False,False,-1,-1
walk_obs,process_03,46,12,152,False,False,False,False,False,False,False,-1,-1
walk_obs,process_03,46,13,152,False,False,False,False,False,False,False,-1,-1
walk_obs,process_03,46,14,152,False,False,False,True,True,False,False,174,174
walk_obs,process_03,46,15,152,False,False,False,False,False,False,False,-1,-1
walk_obs,process_03,47,0,173,False,False,False,False,False,False,False,-1,-1
walk_obs,process_03,47,1,173,False,False,False,False,False,False,False,-1,-1
walk_obs,process_03,47,2,173,False,False,False,False,False,True,True,83,83
walk_obs,process_03,47,3,173,False,False,False,False,False,False,False,-1,-1
walk_obs,process_03,47,4,173,False,False,False,False,False,False,False,-1,-1
walk_obs,process_03,47,5,173,False,False,False,False,False,False,False,-1,-1
walk_obs,process_03,47,6,173,False,False,False,False,False,False,False,-1,-1
walk_obs,process_03,47,7,173,False,False,False,False,False,False,False,-1,-1
walk_obs,process_03,47,8,173,False,False,False,False,False,False,False,-1,-1
walk_obs,process_03,47,9,173,False,False,False,False,False,False,False,-1,-1
walk_obs,process_03,47,10,173,False,False,False,False,False,False,False,-1,-1
walk_obs,process_03,47,11,173,False,False,False,False,False,False,False,-1,-1
walk_obs,process_03,47,12,173,False,False,False,False,False,False,False,-1,-1
walk_obs,process_03,47,13,173,False,False,False,False,False,False,False,-1,-1
walk_obs,process_03,47,14,173,False,False,False,False,False,False,False,-1,-1
walk_obs,process_03,47,15,173,False,False,False,False,False,False,False,-1,-1
